playerId,goalieFullName,teamAbbrevs,positionCode,gamesPlayed,wins,losses,otLosses,birthCity,birthCountryCode,birthDate,birthStateProvinceCode,draftOverall,draftRound,draftYear,firstSeasonForGameType,height,isInHallOfFameYn,lastName,nationalityCode,shootsCatches,shutouts,ties,weight,Last Season
8447687,Dominik Hasek,DET,G,41,27,10,3,Pardubice,CZE,1965-01-29,,199.0,10.0,1983.0,19901991,73,Y,Hasek,CZE,L,5,,166,2007-2008
8448382,Curtis Joseph,TOR,G,21,5,9,1,Keswick,CAN,1967-04-29,ON,,,,19891990,71,N,Joseph,CAN,L,0,,193,2008-2009
8460806,Dwayne Roloson,TBL,G,40,13,16,3,Simcoe,CAN,1969-10-12,ON,,,,19961997,73,N,Roloson,CAN,L,1,,170,2011-2012
8448535,Olie Kolzig,TBL,G,8,2,4,1,Johannesburg,ZAF,1970-04-06,,19.0,1.0,1989.0,19891990,75,N,Kolzig,DEU,L,0,,224,2008-2009
8455710,Martin Brodeur,STL,G,7,3,3,0,Montréal,CAN,1972-05-06,QC,20.0,1.0,1990.0,19911992,74,Y,Brodeur,CAN,L,1,,220,2014-2015
8458568,Chris Osgood,DET,G,11,5,3,2,Peace River,CAN,1972-11-26,AB,54.0,3.0,1991.0,19931994,70,N,Osgood,CAN,L,0,,180,2010-2011
8459140,Nikolai Khabibulin,CHI,G,4,1,0,1,Sverdlovsk,RUS,1973-01-13,,204.0,9.0,1992.0,19941995,73,N,Khabibulin,RUS,L,0,,208,2013-2014
8459308,Manny Legace,CAR,G,28,10,7,5,Toronto,CAN,1973-02-04,ON,188.0,8.0,1993.0,19981999,70,N,Legace,CAN,L,1,,200,2009-2010
8460704,Johan Hedberg,NJD,G,19,6,10,3,Leksand,SWE,1973-05-05,,218.0,9.0,1994.0,20002001,72,N,Hedberg,SWE,L,1,,190,2012-2013
8470090,Fredrik Norrena,CBJ,G,8,1,3,2,Pietarsaari,FIN,1973-11-29,,213.0,7.0,2002.0,20062007,72,N,Norrena,FIN,L,0,,190,2008-2009
8460703,Tim Thomas,"FLA,DAL",G,48,18,24,4,Flint,USA,1974-04-15,MI,217.0,9.0,1994.0,20022003,71,N,Thomas,USA,L,0,,201,2013-2014
8459579,Patrick Lalime,BUF,G,7,0,5,0,St. Bonaventure,CAN,1974-07-07,QC,156.0,6.0,1993.0,19961997,75,N,Lalime,CAN,L,0,,192,2010-2011
8458988,Manny Fernandez,BOS,G,28,16,8,3,Etobicoke,CAN,1974-08-27,ON,52.0,3.0,1992.0,19941995,72,N,Fernandez,CAN,L,1,,207,2008-2009
8469675,Martin Gerber,EDM,G,3,3,0,0,Burgdorf,CHE,1974-09-03,,232.0,8.0,2001.0,20022003,72,N,Gerber,CHE,L,0,,205,2010-2011
8459432,Jocelyn Thibault,BUF,G,12,3,4,2,Montréal,CAN,1975-01-12,QC,10.0,1.0,1993.0,19931994,71,N,Thibault,CAN,L,2,,169,2007-2008
8459463,Kevin Weekes,NJD,G,16,7,5,0,Toronto,CAN,1975-04-04,ON,41.0,2.0,1993.0,19971998,74,N,Weekes,CAN,L,0,,215,2008-2009
8460705,Evgeni Nabokov,TBL,G,11,3,6,2,Kamenogorsk,KAZ,1975-07-25,,219.0,9.0,1994.0,19992000,72,N,Nabokov,RUS,L,0,,202,2014-2015
8460612,Marty Turco,BOS,G,5,2,2,0,Sault Ste. Marie,CAN,1975-08-13,ON,124.0,5.0,1994.0,20002001,71,N,Turco,CAN,L,0,,184,2011-2012
8460715,John Grahame,CAR,G,17,5,7,1,Denver,USA,1975-08-31,CO,229.0,9.0,1994.0,19992000,75,N,Grahame,USA,L,0,,220,2007-2008
8469658,Cristobal Huet,CHI,G,48,26,14,4,Saint-Martin-d'Hères,FRA,1975-09-03,,214.0,7.0,2001.0,20022003,73,N,Huet,FRA,L,4,,205,2009-2010
8469152,Ty Conklin,DET,G,15,5,6,1,Phoenix,USA,1976-03-30,AZ,,,,20012002,73,N,Conklin,USA,L,1,,185,2011-2012
8462152,Chris Mason,NSH,G,11,1,7,1,Red Deer,CAN,1976-04-20,AB,122.0,5.0,1995.0,19981999,72,N,Mason,CAN,L,0,,198,2012-2013
8460516,Dan Cloutier,LAK,G,9,2,4,1,Mont-Laurier,CAN,1976-04-22,QC,26.0,1.0,1994.0,19971998,73,N,Cloutier,CAN,L,0,,195,2007-2008
8460712,Tomas Vokoun,PIT,G,20,13,4,0,Karlovy Vary,CZE,1976-07-02,,226.0,9.0,1994.0,19961997,73,N,Vokoun,CZE,R,3,,210,2012-2013
8460535,Jose Theodore,FLA,G,15,4,6,3,Laval,CAN,1976-09-13,QC,44.0,2.0,1994.0,19951996,71,N,Theodore,CAN,R,0,,172,2012-2013
8462147,Miikka Kiprusoff,CGY,G,24,8,14,2,Turku,FIN,1976-10-26,,116.0,5.0,1995.0,20002001,73,N,Kiprusoff,FIN,L,0,,185,2012-2013
8462052,Brian Boucher,PHI,G,4,0,2,0,Woonsocket,USA,1977-01-02,RI,22.0,1.0,1995.0,19992000,74,N,Boucher,USA,L,0,,200,2012-2013
8462161,Brent Johnson,PIT,G,16,6,7,2,Farmington,USA,1977-03-12,MI,129.0,5.0,1995.0,19981999,75,N,Johnson,USA,L,0,,199,2011-2012
8462044,Jean-Sebastien Giguere,COL,G,22,11,6,1,Montréal,CAN,1977-05-16,QC,13.0,1.0,1995.0,19961997,73,N,Giguere,CAN,L,2,,202,2013-2014
8462117,Vesa Toskala,"TOR,CGY",G,32,9,12,3,Tampere,FIN,1977-05-20,,90.0,4.0,1995.0,20012002,70,N,Toskala,FIN,L,1,,198,2009-2010
8462102,Jean-Sebastien Aubin,LAK,G,19,5,6,1,Montréal,CAN,1977-07-19,QC,76.0,3.0,1995.0,19981999,71,N,Aubin,CAN,R,0,,180,2007-2008
8466339,Scott Clemmensen,NJD,G,3,0,0,1,Des Moines,USA,1977-07-23,IA,215.0,8.0,1997.0,20012002,74,N,Clemmensen,USA,L,0,,200,2014-2015
8462055,Marc Denis,MTL,G,1,0,0,0,Montréal,CAN,1977-08-01,QC,25.0,1.0,1995.0,19961997,73,N,Denis,CAN,L,0,,193,2008-2009
8479188,David Ayres,CAR,G,1,1,0,0,Whitby,CAN,1977-08-12,ON,,,,20192020,72,N,Ayres,CAN,L,0,,201,2019-2020
8462047,Martin Biron,NYR,G,2,0,1,0,Lac St. Charles,CAN,1977-08-15,QC,16.0,1.0,1995.0,19951996,74,N,Biron,CAN,L,0,,186,2013-2014
8465161,Steve Valiquette,NYR,G,6,2,3,0,Etobicoke,CAN,1977-08-20,ON,190.0,8.0,1996.0,19992000,78,N,Valiquette,CAN,L,1,,210,2009-2010
8464999,Mathieu Garon,TBL,G,18,5,9,2,Chandler,CAN,1978-01-09,QC,44.0,2.0,1996.0,20002001,73,N,Garon,CAN,R,0,,198,2012-2013
8466290,David Aebischer,PHX,G,1,0,1,0,Fribourg,CHE,1978-02-07,,161.0,6.0,1997.0,20002001,73,N,Aebischer,CHE,L,0,,187,2007-2008
8473404,Niklas Backstrom,CGY,G,4,2,2,0,Helsinki,FIN,1978-02-13,,,,,20062007,74,N,Backstrom,FIN,L,0,,192,2015-2016
8466303,Johan Holmqvist,"TBL,DAL",G,47,21,16,6,Tolfta,SWE,1978-05-24,,175.0,7.0,1997.0,20002001,75,N,Holmqvist,SWE,L,2,,198,2007-2008
8470584,Wade Dubielewicz,MIN,G,3,1,1,0,Invermere,CAN,1979-01-30,BC,,,,20032004,70,N,Dubielewicz,CAN,L,0,,185,2009-2010
8479115,Jorge Alves,CAR,G,1,0,0,0,Boston,USA,1979-01-30,MA,,,,20162017,69,N,Alves,USA,L,0,,185,2016-2017
8466141,Roberto Luongo,FLA,G,43,18,16,5,Montréal,CAN,1979-04-04,QC,4.0,1.0,1997.0,19992000,75,Y,Luongo,CAN,L,1,,215,2018-2019
8468550,Mikael Tellqvist,"PHX,BUF",G,21,9,6,1,Sundbyberg,SWE,1979-09-19,,70.0,3.0,2000.0,20012002,72,N,Tellqvist,SWE,L,0,,189,2008-2009
8468166,Curtis Sanford,CBJ,G,36,10,18,4,Owen Sound,CAN,1979-10-05,ON,,,,20022003,71,N,Sanford,CAN,L,1,,187,2011-2012
8467391,Jason LaBarbera,ANA,G,5,2,0,1,Burnaby,CAN,1980-01-18,BC,66.0,3.0,1998.0,20002001,75,N,LaBarbera,CAN,L,0,,232,2014-2015
8469732,Joey MacDonald,CGY,G,11,5,4,1,Pictou,CAN,1980-02-07,NS,,,,20062007,72,N,MacDonald,CAN,L,0,,197,2013-2014
8467453,Andrew Raycroft,DAL,G,10,2,8,0,Belleville,CAN,1980-05-04,ON,135.0,5.0,1998.0,20002001,73,N,Raycroft,CAN,L,0,,180,2011-2012
8467511,Antero Niittymaki,SJS,G,24,12,7,3,Turku,FIN,1980-06-18,,168.0,6.0,1998.0,20032004,73,N,Niittymaki,FIN,L,0,,195,2010-2011
8468540,Dan Ellis,FLA,G,8,4,3,1,Saskatoon,CAN,1980-06-19,SK,60.0,2.0,2000.0,20032004,73,N,Ellis,CAN,L,1,,195,2014-2015
8468524,Ilya Bryzgalov,ANA,G,8,1,4,1,Togliatti,RUS,1980-06-22,,44.0,2.0,2000.0,20012002,75,N,Bryzgalov,RUS,L,0,,213,2014-2015
8467959,Sebastien Caron,TBL,G,3,1,1,0,Amqui,CAN,1980-06-25,QC,86.0,3.0,1999.0,20002001,73,N,Caron,CAN,L,0,,170,2011-2012
8468011,Ryan Miller,ANA,G,16,4,8,2,East Lansing,USA,1980-07-17,MI,138.0,5.0,1999.0,20022003,74,N,Miller,USA,L,0,,170,2020-2021
8467430,Dany Sabourin,PIT,G,19,6,8,2,Val-d'Or,CAN,1980-09-02,QC,108.0,4.0,1998.0,20022003,76,N,Sabourin,CAN,L,0,,204,2008-2009
8467913,Alex Auld,OTT,G,14,2,4,2,Cold Lake,CAN,1981-01-07,AB,40.0,2.0,1999.0,20012002,76,N,Auld,CAN,L,0,,215,2011-2012
8468038,Michael Leighton,CAR,G,4,2,2,0,Petrolia,CAN,1981-05-19,ON,165.0,6.0,1999.0,20012002,75,N,Leighton,CAN,L,0,,186,2016-2017
8467950,Craig Anderson,BUF,G,26,11,11,2,Park Ridge,USA,1981-05-21,IL,73.0,3.0,2001.0,20022003,74,N,Anderson,USA,L,1,,187,2022-2023
8471186,Yann Danis,NJD,G,2,0,1,0,Lafontaine,CAN,1981-06-21,QC,,,,20052006,71,N,Danis,CAN,L,0,,180,2015-2016
8475080,Johan Backlund,PHI,G,1,0,1,0,Skelleftea,SWE,1981-07-24,,,,,20092010,74,N,Backlund,SWE,L,0,,198,2009-2010
8467972,Rob Zepp,PHI,G,10,5,2,0,Scarborough,CAN,1981-09-07,ON,110.0,4.0,2001.0,20142015,74,N,Zepp,CAN,L,0,,198,2014-2015
8468481,Rick DiPietro,NYI,G,3,0,3,0,Winthrop,USA,1981-09-19,MA,1.0,1.0,2000.0,20002001,72,N,DiPietro,USA,R,0,,185,2012-2013
8479138,Scott Foster,CHI,G,1,0,0,0,Sarnia,CAN,1982-01-17,ON,,,,20172018,72,N,Foster,CAN,L,0,,185,2017-2018
8473972,Jonas Hiller,CGY,G,26,9,11,1,Felben Wellhausen,CHE,1982-02-12,,,,,20072008,74,N,Hiller,CHE,R,1,,191,2015-2016
8468685,Henrik Lundqvist,NYR,G,30,10,12,3,Are,SWE,1982-03-02,,205.0,7.0,2000.0,20052006,73,Y,Lundqvist,SWE,L,1,,182,2019-2020
8473975,Erik Ersberg,LAK,G,11,4,3,2,Sala,SWE,1982-03-08,,,,,20072008,72,N,Ersberg,SWE,L,0,,165,2009-2010
8469608,Mike Smith,EDM,G,28,16,9,2,Kingston,CAN,1982-03-22,ON,161.0,5.0,2001.0,20062007,77,N,Smith,CAN,L,2,,220,2021-2022
8468489,Brent Krahn,DAL,G,1,0,0,0,Winnipeg,CAN,1982-04-02,MB,9.0,1.0,2000.0,20082009,76,N,Krahn,CAN,L,0,,232,2008-2009
8476839,Viktor Fasth,EDM,G,26,6,15,3,Kalix,SWE,1982-08-08,,,,,20122013,72,N,Fasth,SWE,L,0,,181,2014-2015
8469514,Peter Budaj,LAK,G,3,0,1,0,Banská Bystrica,SVK,1982-09-18,,63.0,2.0,2001.0,20052006,73,N,Budaj,SVK,L,0,,196,2018-2019
8469548,Ray Emery,PHI,G,31,10,11,7,Hamilton,CAN,1982-09-28,ON,99.0,4.0,2001.0,20022003,74,N,Emery,CAN,L,0,,196,2014-2015
8471469,Pekka Rinne,NSH,G,24,10,12,1,Kempele,FIN,1982-11-03,,258.0,8.0,2004.0,20052006,77,N,Rinne,FIN,L,2,,217,2020-2021
8469461,Pascal Leclaire,OTT,G,14,4,7,1,Repentigny,CAN,1982-11-07,QC,8.0,1.0,2001.0,20022003,74,N,Leclaire,CAN,L,0,,202,2010-2011
8469556,Dimitri Patzold,SJS,G,3,0,0,0,Kamenogorsk,KAZ,1983-02-03,,107.0,4.0,2001.0,20072008,72,N,Patzold,KAZ,L,0,,195,2007-2008
8474488,Matt Climie,PHX,G,1,0,0,0,Leduc,CAN,1983-02-11,AB,,,,20082009,75,N,Climie,CAN,L,0,,194,2010-2011
8470800,Mike Brodeur,OTT,G,4,0,1,0,Calgary,CAN,1983-03-30,AB,211.0,7.0,2003.0,20092010,74,N,Brodeur,CAN,L,0,,185,2010-2011
8470093,Mike McKenna,"OTT,PHI",G,11,1,5,1,St. Louis,USA,1983-04-11,MO,172.0,6.0,2002.0,20082009,74,N,McKenna,USA,R,0,,183,2018-2019
8470263,David Leneveu,CBJ,G,1,0,0,0,Fernie,CAN,1983-05-23,BC,46.0,2.0,2002.0,20052006,73,N,Leneveu,CAN,L,0,,190,2010-2011
8470147,Curtis McElhinney,TBL,G,12,4,6,2,London,CAN,1983-05-23,ON,176.0,6.0,2002.0,20072008,73,N,McElhinney,CAN,L,1,,210,2020-2021
8469569,Drew MacIntyre,TOR,G,2,0,1,0,Charlottetown,CAN,1983-06-24,PE,121.0,4.0,2001.0,20072008,73,N,MacIntyre,CAN,L,0,,190,2013-2014
8470820,Matt Zaba,NYR,G,1,0,0,0,Yorkton,CAN,1983-07-14,SK,231.0,8.0,2003.0,20092010,73,N,Zaba,CAN,L,0,,190,2009-2010
8474550,Antti Niemi,MTL,G,17,8,6,2,Vantaa,FIN,1983-08-29,,,,,20082009,74,N,Niemi,FIN,L,0,,209,2018-2019
8474855,Nathan Lawson,OTT,G,1,0,0,0,Calgary,CAN,1983-09-29,AB,,,,20102011,74,N,Lawson,CAN,L,0,,198,2013-2014
8470140,Kari Lehtonen,DAL,G,37,15,14,3,Helsinki,FIN,1983-11-16,,2.0,1.0,2002.0,20032004,76,N,Lehtonen,FIN,L,1,,209,2017-2018
8475431,Henrik Karlsson,CGY,G,9,1,4,2,Tumba,SWE,1983-11-27,,,,,20102011,78,N,Karlsson,SWE,L,0,,209,2011-2012
8470266,Tobias Stephan,DAL,G,10,1,3,1,Zurich,CHE,1984-01-21,,34.0,2.0,2002.0,20072008,74,N,Stephan,CHE,L,0,,180,2008-2009
8476846,Cristopher Nilstorp,DAL,G,1,0,0,0,Malmo,SWE,1984-02-16,,,,,20122013,75,N,Nilstorp,SWE,R,0,,190,2013-2014
8474771,Peter Mannino,WPG,G,1,0,0,0,Farmington Hills,USA,1984-02-17,MI,,,,20082009,73,N,Mannino,USA,L,0,,195,2011-2012
8474202,John Curry,MIN,G,2,0,0,1,Shorewood,USA,1984-02-27,MN,,,,20082009,71,N,Curry,USA,L,0,,185,2014-2015
8470320,Cam Ward,CHI,G,33,16,12,4,Saskatoon,CAN,1984-02-29,SK,25.0,1.0,2002.0,20052006,73,N,Ward,CAN,L,0,,194,2018-2019
8470657,Jimmy Howard,DET,G,27,2,23,2,Syracuse,USA,1984-03-26,NY,64.0,2.0,2003.0,20052006,73,N,Howard,USA,L,0,,218,2019-2020
8470074,Jeff Deslauriers,ANA,G,4,3,1,0,Saint-Jean-sur-Richelieu,CAN,1984-05-15,QC,31.0,2.0,2002.0,20082009,76,N,Deslauriers,CAN,R,0,,203,2011-2012
8470084,Hannu Toivonen,STL,G,23,6,10,5,Kalvola,FIN,1984-05-18,,29.0,1.0,2002.0,20052006,74,N,Toivonen,FIN,L,0,,200,2007-2008
8470062,Tyler Weiman,COL,G,1,0,0,0,Saskatoon,CAN,1984-06-05,SK,164.0,5.0,2002.0,20072008,71,N,Weiman,CAN,L,0,,180,2007-2008
8470216,Josh Harding,MIN,G,29,18,7,3,Regina,CAN,1984-06-18,SK,38.0,2.0,2002.0,20022003,74,N,Harding,CAN,R,3,,194,2013-2014
8470751,Chris Beckford-Tseu,STL,G,1,0,0,0,Toronto,CAN,1984-06-22,ON,159.0,5.0,2003.0,20072008,75,N,Beckford-Tseu,CAN,L,0,,201,2007-2008
8475361,Jonas Gustavsson,EDM,G,7,1,3,1,Danderyd,SWE,1984-10-24,,,,,20092010,76,N,Gustavsson,SWE,L,0,,201,2016-2017
8470594,Marc-Andre Fleury,MIN,G,26,14,9,1,Sorel,CAN,1984-11-28,QC,1.0,1.0,2003.0,20032004,74,N,Fleury,CAN,L,1,,185,2024-2025
8470645,Corey Crawford,CHI,G,40,16,20,3,Montréal,CAN,1984-12-31,QC,52.0,2.0,2003.0,20052006,74,N,Crawford,CAN,L,1,,216,2019-2020
8473632,Josh Tordjman,PHX,G,2,0,2,0,Montréal,CAN,1985-01-11,QC,,,,20082009,73,N,Tordjman,CAN,L,0,,156,2008-2009
8471219,Al Montoya,"MTL,EDM",G,13,4,3,2,Chicago,USA,1985-02-13,IL,6.0,1.0,2004.0,20082009,74,N,Montoya,USA,L,0,,200,2017-2018
8470880,Brian Elliott,TBL,G,22,12,8,2,Newmarket,CAN,1985-04-09,ON,291.0,9.0,2003.0,20072008,74,N,Elliott,CAN,L,2,,221,2022-2023
8470860,Jaroslav Halak,NYR,G,25,10,9,5,Bratislava,SVK,1985-05-13,,271.0,9.0,2003.0,20062007,71,N,Halak,SVK,L,1,,189,2022-2023
8470772,Chris Holt,STL,G,1,0,0,0,Vancouver,CAN,1985-06-05,BC,180.0,6.0,2003.0,20052006,75,N,Holt,CAN,L,0,,229,2008-2009
8476243,Iiro Tarkki,ANA,G,1,1,0,0,Rauma,FIN,1985-07-01,,,,,20112012,74,N,Tarkki,FIN,L,0,,190,2011-2012
8473638,Cedrick Desjardins,TBL,G,1,0,1,0,Edmundston,CAN,1985-09-30,NB,,,,20102011,72,N,Desjardins,CAN,R,0,,192,2013-2014
8471301,Jeff Glass,CHI,G,15,3,7,3,Calgary,CAN,1985-11-19,AB,89.0,3.0,2004.0,20172018,75,N,Glass,CAN,L,0,,206,2017-2018
8475622,Carter Hutton,ARI,G,3,0,2,0,Thunder Bay,CAN,1985-12-19,ON,,,,20122013,72,N,Hutton,CAN,L,0,,211,2021-2022
8471734,Jonathan Quick,NYR,G,25,6,17,2,Milford,USA,1986-01-21,CT,72.0,3.0,2005.0,20072008,73,N,Quick,USA,L,2,,219,2025-2026
8471306,Thomas Greiss,STL,G,21,7,10,0,Fussen,DEU,1986-01-29,,94.0,3.0,2004.0,20072008,74,N,Greiss,DEU,L,1,,219,2022-2023
8471239,Cory Schneider,NYI,G,1,1,0,0,Marblehead,USA,1986-03-18,MA,26.0,1.0,2004.0,20082009,75,N,Schneider,USA,L,0,,214,2021-2022
8475097,Brad Thiessen,PIT,G,5,3,1,0,Aldergrove,CAN,1986-03-19,BC,,,,20112012,72,N,Thiessen,CAN,L,0,,180,2011-2012
8471305,Daniel Lacosta,CBJ,G,3,2,0,0,Labrador City,CAN,1986-03-28,NL,93.0,3.0,2004.0,20072008,73,N,Lacosta,CAN,L,1,,186,2008-2009
8471230,Marek Schwarz,STL,G,2,0,0,0,Mlada Boleslav,CZE,1986-04-01,,17.0,1.0,2004.0,20062007,72,N,Schwarz,CZE,R,0,,180,2008-2009
8471302,Justin Pogge,TOR,G,7,1,4,1,Fort McMurray,CAN,1986-04-22,AB,90.0,3.0,2004.0,20082009,75,N,Pogge,CAN,L,0,,197,2008-2009
8471819,Matt Keetley,CGY,G,1,0,0,0,Medicine Hat,CAN,1986-04-27,AB,158.0,5.0,2005.0,20072008,73,N,Keetley,CAN,R,0,,187,2007-2008
8471433,Daniel Taylor,OTT,G,1,0,1,0,Plymouth,GBR,1986-04-28,,221.0,7.0,2004.0,20072008,72,N,Taylor,GBR,L,0,,198,2017-2018
8471227,Devan Dubnyk,"SJS,COL",G,22,6,11,2,Regina,CAN,1986-05-04,SK,14.0,1.0,2004.0,20092010,78,N,Dubnyk,CAN,L,1,,224,2020-2021
8471418,Anton Khudobin,CHI,G,1,0,1,0,Ust-Kamenogorsk,KAZ,1986-05-07,,206.0,7.0,2004.0,20092010,71,N,Khudobin,RUS,L,0,,210,2022-2023
8473532,Mark Dekanich,NSH,G,1,0,0,0,North Vancouver,CAN,1986-05-10,BC,146.0,5.0,2006.0,20102011,74,N,Dekanich,CAN,L,0,,185,2010-2011
8473434,Chad Johnson,"STL,ANA",G,19,2,11,0,Saskatoon,CAN,1986-06-10,SK,125.0,5.0,2006.0,20092010,75,N,Johnson,CAN,L,1,,197,2018-2019
8471403,Karri Ramo,CGY,G,37,17,18,1,Asikkala,FIN,1986-07-01,,191.0,6.0,2004.0,20062007,74,N,Ramo,FIN,L,1,,206,2015-2016
8471251,Justin Peters,ARI,G,3,0,1,0,Blyth,CAN,1986-08-30,ON,38.0,2.0,2004.0,20092010,73,N,Peters,CAN,L,0,,210,2016-2017
8475681,Ben Scrivens,MTL,G,15,5,8,0,Spruce Grove,CAN,1986-09-11,AB,,,,20112012,74,N,Scrivens,CAN,L,0,,181,2015-2016
8471781,Jeremy Duchesne,PHI,G,1,0,0,0,Silver Spring,USA,1986-10-17,MD,119.0,4.0,2005.0,20092010,72,N,Duchesne,USA,L,0,,201,2009-2010
8471750,Ben Bishop,DAL,G,44,21,16,4,Denver,USA,1986-11-21,CO,85.0,3.0,2005.0,20082009,79,N,Bishop,USA,L,2,,210,2019-2020
8473499,Reto Berra,ANA,G,5,1,1,0,Bülach,CHE,1987-01-03,,106.0,4.0,2006.0,20132014,76,N,Berra,CHE,L,0,,218,2017-2018
8475130,Alexander Salak,FLA,G,2,0,1,0,Strakonice,CZE,1987-01-05,,,,,20092010,73,N,Salak,CZE,L,0,,189,2009-2010
8471822,Brian Foster,FLA,G,1,0,0,0,Pembroke,USA,1987-02-04,NH,161.0,5.0,2005.0,20112012,74,N,Foster,USA,L,0,,185,2011-2012
8471695,Tuukka Rask,BOS,G,4,2,2,0,Savonlinna,FIN,1987-03-10,,21.0,1.0,2005.0,20072008,75,N,Rask,FIN,L,0,,176,2021-2022
8476803,Shawn Hunwick,CBJ,G,1,0,0,0,Sterling Heights,USA,1987-04-09,MI,,,,20112012,67,N,Hunwick,USA,L,0,,166,2011-2012
8471712,Jeff Frazee,NJD,G,1,0,0,0,Edina,USA,1987-05-13,MN,38.0,2.0,2005.0,20122013,72,N,Frazee,USA,L,0,,195,2012-2013
8475680,Jussi Rynnas,DAL,G,2,0,1,0,Pori,FIN,1987-05-22,,,,,20112012,77,N,Rynnas,FIN,L,0,,210,2014-2015
8473553,Jeff Zatkoff,LAK,G,13,2,7,1,Detroit,USA,1987-06-09,MI,74.0,3.0,2006.0,20132014,74,N,Zatkoff,USA,L,0,,186,2016-2017
8475660,Cam Talbot,DET,G,34,12,9,6,Caledonia,CAN,1987-07-05,ON,,,,20132014,75,N,Talbot,CAN,L,0,,202,2025-2026
8473614,Richard Bachman,VAN,G,1,0,1,0,Salt Lake City,USA,1987-07-25,UT,120.0,4.0,2006.0,20102011,70,N,Bachman,USA,L,0,,183,2018-2019
8471774,Alex Stalock,CHI,G,27,9,15,2,Saint Paul,USA,1987-07-28,MN,112.0,4.0,2005.0,20102011,71,N,Stalock,USA,L,2,,170,2022-2023
8471679,Carey Price,MTL,G,5,1,4,0,Anahim Lake,CAN,1987-08-16,BC,5.0,1.0,2005.0,20072008,75,N,Price,CAN,L,0,,217,2021-2022
8471715,Ondrej Pavelec,NYR,G,19,4,9,1,Kladno,CZE,1987-08-31,,41.0,2.0,2005.0,20072008,75,N,Pavelec,CZE,L,1,,212,2017-2018
8475663,Eddie Lack,"CGY,NJD",G,8,2,4,0,Norrtalje,SWE,1988-01-05,,,,,20132014,76,N,Lack,SWE,L,0,,187,2017-2018
8477202,Andrew Hammond,"MTL,NJD",G,11,4,5,1,Surrey,CAN,1988-02-11,BC,,,,20132014,74,N,Hammond,CAN,L,0,,215,2021-2022
8473474,Riku Helenius,TBL,G,1,0,0,0,Palkane,FIN,1988-03-01,,15.0,1.0,2006.0,20082009,75,N,Helenius,FIN,L,0,,211,2008-2009
8473503,James Reimer,OTT,G,14,7,4,2,Morweena,CAN,1988-03-15,MB,99.0,4.0,2006.0,20102011,74,N,Reimer,CAN,L,1,,200,2025-2026
8473607,Michal Neuvirth,PHI,G,7,1,4,1,Ústí nad Labem,CZE,1988-03-23,,34.0,2.0,2006.0,20082009,73,N,Neuvirth,CZE,L,0,,209,2018-2019
8473414,Leland Irving,CGY,G,6,2,1,1,Barrhead,CAN,1988-04-11,AB,26.0,1.0,2006.0,20112012,72,N,Irving,CAN,L,0,,177,2012-2013
8473575,Semyon Varlamov,NYI,G,10,3,4,3,Samara,RUS,1988-04-27,,23.0,1.0,2006.0,20082009,74,N,Varlamov,RUS,L,0,,201,2024-2025
8474765,Anders Lindback,ARI,G,19,5,7,1,Gavle,SWE,1988-05-03,,207.0,7.0,2008.0,20102011,78,N,Lindback,SWE,L,0,,215,2015-2016
8473461,Steve Mason,WPG,G,13,5,6,1,Oakville,CAN,1988-05-29,ON,69.0,3.0,2006.0,20082009,76,N,Mason,CAN,R,1,,210,2017-2018
8473523,Jhonas Enroth,TOR,G,6,0,3,1,Stockholm,SWE,1988-06-25,,46.0,2.0,2006.0,20092010,70,N,Enroth,SWE,L,0,,175,2016-2017
8475156,Mikko Koskinen,EDM,G,45,27,12,4,Vantaa,FIN,1988-07-18,,31.0,2.0,2009.0,20102011,79,N,Koskinen,FIN,L,1,,202,2021-2022
8473541,Jonathan Bernier,NJD,G,10,4,4,1,Laval,CAN,1988-08-07,QC,11.0,1.0,2006.0,20072008,72,N,Bernier,CAN,L,0,,185,2021-2022
8475683,Sergei Bobrovsky,FLA,G,52,27,23,1,Novokuznetsk,RUS,1988-09-20,,,,,20102011,74,N,Bobrovsky,RUS,L,4,,180,2025-2026
8476763,Calvin Heeter,PHI,G,1,0,0,1,St. Louis,USA,1988-11-02,MO,,,,20132014,76,N,Heeter,USA,L,0,,195,2013-2014
8474152,Scott Darling,CAR,G,8,2,4,2,Newport News,USA,1988-12-22,VA,153.0,6.0,2007.0,20142015,77,N,Darling,USA,L,0,,226,2018-2019
8474729,Mike Murphy,CAR,G,2,0,1,0,Kingston,CAN,1989-01-15,ON,165.0,6.0,2008.0,20112012,71,N,Murphy,CAN,L,0,,172,2011-2012
8474092,Jeremy Smith,COL,G,10,1,6,1,Dearborn,USA,1989-04-13,MI,54.0,2.0,2007.0,20162017,72,N,Smith,USA,L,0,,177,2016-2017
8477180,Aaron Dell,SJS,G,4,0,3,0,Airdrie,CAN,1989-05-04,AB,,,,20162017,72,N,Dell,CAN,L,0,,213,2022-2023
8477293,Antti Raanta,CAR,G,24,12,7,2,Rauma,FIN,1989-05-12,,,,,20132014,72,N,Raanta,FIN,L,1,,195,2023-2024
8474057,Allen York,CBJ,G,11,3,2,0,Wetaskiwin,CAN,1989-06-17,AB,158.0,6.0,2007.0,20112012,75,N,York,CAN,L,0,,188,2011-2012
8476234,Keith Kinkaid,"BOS,COL",G,2,1,0,0,Farmingville,USA,1989-07-04,NY,,,,20122013,74,N,Kinkaid,USA,L,0,,195,2022-2023
8474194,Timo Pielmeier,ANA,G,1,0,0,0,Deggendorf,DEU,1989-07-07,,83.0,3.0,2007.0,20102011,71,N,Pielmeier,DEU,L,0,,175,2010-2011
8477234,Troy Grosenick,LAK,G,2,1,1,0,Brookfield,USA,1989-08-27,WI,,,,20142015,73,N,Grosenick,USA,L,0,,181,2020-2021
8476844,Niklas Svedberg,BOS,G,18,7,5,1,Sollentuna,SWE,1989-09-04,,,,,20132014,73,N,Svedberg,SWE,L,2,,163,2014-2015
8474651,Braden Holtby,DAL,G,24,10,10,1,Lloydminster,CAN,1989-09-16,SK,93.0,4.0,2008.0,20102011,73,N,Holtby,CAN,L,0,,215,2021-2022
8474682,Dustin Tokarski,CAR,G,6,4,2,0,Watson,CAN,1989-09-16,SK,122.0,5.0,2008.0,20092010,72,N,Tokarski,CAN,L,1,,198,2024-2025
8475883,Frederik Andersen,CAR,G,35,16,14,5,Herning,DNK,1989-10-02,,87.0,3.0,2012.0,20132014,76,N,Andersen,DNK,L,0,,229,2025-2026
8474591,Tom McCollum,DET,G,2,1,0,0,Amherst,USA,1989-12-07,NY,30.0,1.0,2008.0,20102011,74,N,McCollum,USA,L,0,,220,2014-2015
8474667,Harri Sateri,ARI,G,6,2,2,1,Toijala,FIN,1989-12-29,,106.0,4.0,2008.0,20172018,73,N,Sateri,FIN,L,0,,205,2021-2022
8474889,Martin Jones,TOR,G,22,11,8,1,North Vancouver,CAN,1990-01-10,BC,,,,20132014,77,N,Jones,CAN,L,2,,203,2023-2024
8474593,Jacob Markstrom,NJD,G,44,23,19,1,Gavle,SWE,1990-01-31,,31.0,2.0,2008.0,20102011,78,N,Markstrom,SWE,L,1,,207,2025-2026
8474636,Michael Hutchinson,DET,G,1,0,1,0,Barrie,CAN,1990-03-02,ON,77.0,3.0,2008.0,20132014,75,N,Hutchinson,CAN,R,0,,201,2023-2024
8475252,Matt Hackett,BUF,G,5,0,4,1,London,CAN,1990-03-07,ON,77.0,3.0,2009.0,20112012,74,N,Hackett,CAN,L,0,,179,2014-2015
8475195,Anders Nilsson,OTT,G,20,9,9,2,Lulea,SWE,1990-03-19,,62.0,3.0,2009.0,20112012,78,N,Nilsson,SWE,L,0,,232,2019-2020
8474754,Joacim Eriksson,VAN,G,1,0,0,0,Gavle,SWE,1990-04-09,,196.0,7.0,2008.0,20132014,73,N,Eriksson,SWE,R,0,,189,2013-2014
8474690,Kevin Poulin,NYI,G,1,0,0,1,Montréal,CAN,1990-04-12,QC,126.0,5.0,2008.0,20102011,74,N,Poulin,CAN,L,0,,206,2014-2015
8477237,Mike Condon,OTT,G,2,0,2,0,Holliston,USA,1990-04-27,MA,,,,20152016,74,N,Condon,USA,L,0,,196,2018-2019
8475303,Connor Knapp,BUF,G,2,0,0,1,York,USA,1990-05-01,NY,164.0,6.0,2009.0,20132014,78,N,Knapp,USA,L,0,,206,2013-2014
8475311,Darcy Kuemper,LAK,G,50,19,14,15,Saskatoon,CAN,1990-05-05,SK,161.0,6.0,2009.0,20122013,77,N,Kuemper,CAN,L,3,,215,2025-2026
8480925,Pavel Francouz,COL,G,16,8,7,1,Plzen,CZE,1990-06-03,,,,,20182019,72,N,Francouz,CZE,R,1,,179,2022-2023
8474708,Alexander Pechurskiy,PIT,G,1,0,0,0,Magnitogorsk,RUS,1990-06-04,,150.0,5.0,2008.0,20092010,72,N,Pechurskiy,RUS,L,0,,187,2009-2010
8474596,Jake Allen,NJD,G,37,17,17,2,Fredericton,CAN,1990-08-07,NB,34.0,2.0,2008.0,20122013,74,N,Allen,CAN,L,1,,197,2025-2026
8475277,Edward Pasquale,TBL,G,3,2,1,0,Toronto,CAN,1990-11-20,ON,117.0,4.0,2009.0,20182019,74,N,Pasquale,CAN,L,0,,215,2018-2019
8476433,Magnus Hellberg,PIT,G,3,1,0,0,Uppsala,SWE,1991-04-04,,38.0,2.0,2011.0,20132014,78,N,Hellberg,SWE,L,0,,206,2023-2024
8475299,Joni Ortio,CGY,G,22,7,9,5,Turku,FIN,1991-04-16,,171.0,6.0,2009.0,20132014,73,N,Ortio,FIN,L,1,,190,2015-2016
8478999,Niklas Treutle,ARI,G,2,0,1,0,Nuremberg,DEU,1991-04-29,,,,,20152016,74,N,Treutle,DEU,L,0,,185,2015-2016
8475234,J-F Berube,CBJ,G,6,3,2,0,Repentigny,CAN,1991-07-13,QC,95.0,4.0,2009.0,20152016,73,N,Berube,CAN,L,0,,177,2021-2022
8476992,Marek Mazanec,NSH,G,4,0,2,0,Pisek,CZE,1991-07-18,,179.0,6.0,2012.0,20132014,76,N,Mazanec,CZE,R,0,,202,2016-2017
8475215,Robin Lehner,VGK,G,44,23,17,2,Gothenburg,SWE,1991-07-24,,46.0,2.0,2009.0,20102011,76,N,Lehner,SWE,L,1,,250,2021-2022
8476319,Nathan Lieuwen,BUF,G,7,1,4,0,Abbotsford,CAN,1991-08-08,BC,167.0,6.0,2011.0,20132014,77,N,Lieuwen,CAN,L,0,,189,2013-2014
8479193,Casey DeSmith,DAL,G,30,15,8,6,Rochester,USA,1991-08-13,NH,,,,20172018,72,N,DeSmith,USA,L,1,,188,2025-2026
8477225,Jared Coreau,DET,G,7,0,5,1,Perth,CAN,1991-11-05,ON,,,,20162017,77,N,Coreau,CAN,L,0,,214,2017-2018
8475831,Philipp Grubauer,SEA,G,32,13,12,4,Rosenheim,DEU,1991-11-25,,112.0,4.0,2010.0,20122013,73,N,Grubauer,DEU,L,0,,188,2025-2026
8475789,Jack Campbell,EDM,G,5,1,4,0,Port Huron,USA,1992-01-09,MI,11.0,1.0,2010.0,20132014,75,N,Campbell,USA,L,0,,200,2023-2024
8477831,Pheonix Copley,LAK,G,1,0,1,0,North Pole,USA,1992-01-18,AK,,,,20152016,76,N,Copley,USA,L,0,,205,2025-2026
8475781,Tyler Bunz,EDM,G,1,0,0,0,Regina,CAN,1992-02-11,SK,121.0,5.0,2010.0,20142015,73,N,Bunz,CAN,L,0,,205,2014-2015
8478559,Matthew O'Connor,OTT,G,1,0,1,0,Sault Ste. Marie,CAN,1992-02-14,ON,,,,20152016,78,N,O'Connor,CAN,L,0,,205,2015-2016
8475852,Petr Mrazek,ANA,G,10,3,5,0,Ostrava,CZE,1992-02-14,,141.0,5.0,2010.0,20122013,74,N,Mrazek,CZE,L,0,,192,2025-2026
8475839,Louis Domingue,NYR,G,1,1,0,0,St-Hyacinthe,CAN,1992-03-06,QC,138.0,5.0,2010.0,20142015,75,N,Domingue,CAN,R,0,,207,2024-2025
8475720,Kent Simpson,CHI,G,1,0,0,0,Edmonton,CAN,1992-03-26,AB,58.0,2.0,2010.0,20132014,74,N,Simpson,CAN,L,0,,209,2013-2014
8475717,Calvin Pickard,EDM,G,16,5,6,2,Moncton,CAN,1992-04-15,NB,49.0,2.0,2010.0,20142015,73,N,Pickard,CAN,L,0,,206,2025-2026
8476309,Jason Kasdorf,BUF,G,1,0,1,0,Winnipeg,CAN,1992-05-18,MB,157.0,6.0,2011.0,20152016,76,N,Kasdorf,CAN,L,0,,205,2015-2016
8477914,Roman Will,COL,G,1,0,0,0,Plzen,CZE,1992-05-22,,,,,20152016,73,N,Will,CZE,L,0,,195,2015-2016
8479294,Kevin Boyle,ANA,G,5,1,3,0,Manalapan,USA,1992-05-30,NJ,,,,20182019,72,N,Boyle,USA,L,1,,201,2018-2019
8477356,Kristers Gudlevskis,TBL,G,1,0,0,0,Aizkraukle,LVA,1992-07-31,,124.0,5.0,2013.0,20132014,75,N,Gudlevskis,LVA,L,0,,214,2016-2017
8475824,Sami Aittokallio,COL,G,1,0,1,0,Tampere,FIN,1992-08-06,,107.0,4.0,2010.0,20122013,73,N,Aittokallio,FIN,L,0,,185,2013-2014
8475771,Mark Visentin,PHX,G,1,0,1,0,Hamilton,CAN,1992-08-07,ON,27.0,1.0,2010.0,20132014,74,N,Visentin,CAN,L,0,,201,2013-2014
8475809,Scott Wedgewood,COL,G,45,31,6,6,Brampton,CAN,1992-08-14,ON,84.0,3.0,2010.0,20152016,74,N,Wedgewood,CAN,L,4,,201,2025-2026
8479496,David Rittich,NYI,G,30,14,10,3,Jihlava,CZE,1992-08-19,,,,,20162017,75,N,Rittich,CZE,L,2,,200,2025-2026
8475876,Zane McIntyre,BOS,G,8,0,4,1,Grand Forks,USA,1992-08-20,ND,165.0,6.0,2010.0,20162017,74,N,McIntyre,USA,L,0,,206,2016-2017
8475920,Michael Houser,BUF,G,2,2,0,0,Youngstown,USA,1992-09-13,OH,,,,20202021,73,N,Houser,USA,L,0,,185,2021-2022
8476330,Adam Wilcox,BUF,G,1,0,1,0,South St. Paul,USA,1992-11-26,MN,178.0,6.0,2011.0,20172018,72,N,Wilcox,USA,L,0,,189,2017-2018
8476341,Anton Forsberg,LAK,G,36,16,12,5,Härnösand,SWE,1992-11-27,,188.0,7.0,2011.0,20142015,75,N,Forsberg,SWE,L,3,,200,2025-2026
8479312,Alex Lyon,BUF,G,36,20,10,4,Baudette,USA,1992-12-09,MN,,,,20172018,73,N,Lyon,USA,L,3,,199,2025-2026
8476444,Christopher Gibson,TBL,G,2,1,1,0,Karkkila,FIN,1992-12-27,,49.0,2.0,2011.0,20152016,74,N,Gibson,FIN,L,0,,217,2020-2021
8476509,Maxime Lagace,TBL,G,2,1,1,0,Saint-Augustin,CAN,1993-01-12,QC,,,,20172018,74,N,Lagace,CAN,L,0,,190,2021-2022
8476316,Laurent Brossoit,SJS,G,1,0,1,0,Port Alberni,CAN,1993-03-23,BC,164.0,6.0,2011.0,20142015,75,N,Brossoit,CAN,L,0,,203,2025-2026
8477092,Andrey Makarov,BUF,G,1,0,1,0,Kazan,RUS,1993-04-20,,,,,20142015,74,N,Makarov,RUS,L,0,,194,2014-2015
8476945,Connor Hellebuyck,WPG,G,57,23,23,11,Commerce,USA,1993-05-19,MI,130.0,5.0,2012.0,20152016,76,N,Hellebuyck,USA,L,0,,207,2025-2026
8476343,Garret Sparks,LAK,G,2,1,0,0,Elmhurst,USA,1993-06-28,IL,190.0,7.0,2011.0,20152016,75,N,Sparks,USA,L,0,,220,2021-2022
8476412,Jordan Binnington,STL,G,41,13,20,7,Richmond Hill,CAN,1993-07-11,ON,88.0,3.0,2011.0,20152016,74,N,Binnington,CAN,L,1,,172,2025-2026
8476434,John Gibson,DET,G,57,29,22,4,Pittsburgh,USA,1993-07-14,PA,39.0,2.0,2011.0,20132014,75,N,Gibson,USA,L,4,,209,2025-2026
8476999,Linus Ullmark,OTT,G,49,28,12,8,Lugnvik,SWE,1993-07-31,,163.0,6.0,2012.0,20152016,76,N,Ullmark,SWE,L,3,,223,2025-2026
8479288,Kasimir Kaskisuo,NSH,G,1,0,0,0,Vantaa,FIN,1993-10-02,,,,,20192020,75,N,Kaskisuo,FIN,L,0,,203,2020-2021
8479292,Charlie Lindgren,WSH,G,21,9,8,3,Lakeville,USA,1993-12-18,MN,,,,20152016,74,N,Lindgren,USA,R,1,,190,2025-2026
8476876,Malcolm Subban,CBJ,G,1,0,1,0,Toronto,CAN,1993-12-21,ON,24.0,1.0,2012.0,20142015,74,N,Subban,CAN,L,0,,215,2023-2024
8476932,Anthony Stolarz,TOR,G,26,10,10,3,Edison,USA,1994-01-20,NJ,45.0,2.0,2012.0,20162017,78,N,Stolarz,USA,L,0,,248,2025-2026
8476903,Jon Gillies,CBJ,G,3,1,1,0,Concord,USA,1994-01-22,NH,75.0,3.0,2012.0,20162017,78,N,Gillies,USA,L,0,,223,2022-2023
8476861,Oscar Dansk,VGK,G,1,1,0,0,Stockholm,SWE,1994-02-28,,31.0,2.0,2012.0,20172018,75,N,Dansk,SWE,L,0,,204,2020-2021
8478007,Elvis Merzlikins,CBJ,G,30,14,11,3,Riga,LVA,1994-04-13,,76.0,3.0,2014.0,20192020,75,N,Merzlikins,LVA,L,1,,190,2025-2026
8476914,Joonas Korpisalo,BOS,G,31,14,9,6,Pori,FIN,1994-04-28,,62.0,3.0,2012.0,20152016,76,N,Korpisalo,FIN,L,1,,200,2025-2026
8477312,Antoine Bibeau,COL,G,2,1,0,0,Victoriaville,CAN,1994-05-01,QC,172.0,6.0,2013.0,20162017,75,N,Bibeau,CAN,L,0,,205,2019-2020
8476904,Chris Driedger,SEA,G,2,1,1,0,Winnipeg,CAN,1994-05-18,MB,76.0,3.0,2012.0,20142015,76,N,Driedger,CAN,L,0,,210,2023-2024
8476899,Matt Murray,SEA,G,5,0,2,1,Thunder Bay,CAN,1994-05-25,ON,83.0,3.0,2012.0,20152016,77,N,Murray,CAN,L,0,,220,2025-2026
8477084,Mackenzie Skapski,NYR,G,2,2,0,0,Abbotsford,CAN,1994-06-15,BC,170.0,6.0,2013.0,20142015,75,N,Skapski,CAN,L,1,,197,2014-2015
8477035,Matt Tomkins,TBL,G,6,3,2,1,Edmonton,CAN,1994-06-19,AB,199.0,7.0,2012.0,20232024,76,N,Tomkins,CAN,L,0,,191,2023-2024
8480420,Collin Delia,VAN,G,20,10,6,2,Rancho Cucamonga,USA,1994-06-20,CA,,,,20172018,74,N,Delia,USA,L,0,,208,2022-2023
8476986,Marek Langhamer,ARI,G,1,0,0,0,Moravska Trebova,CZE,1994-07-22,,184.0,7.0,2012.0,20162017,74,N,Langhamer,CZE,L,0,,190,2017-2018
8480591,Thomas Hodges,ANA,G,1,0,1,0,Slough,GBR,1994-07-25,,,,,20212022,70,N,Hodges,GBR,L,0,,170,2021-2022
8476883,Andrei Vasilevskiy,TBL,G,58,39,15,4,Tyumen,RUS,1994-07-25,,19.0,1.0,2012.0,20142015,76,N,Vasilevskiy,RUS,L,2,,223,2025-2026
8477361,Calvin Petersen,PHI,G,5,2,2,0,Waterloo,USA,1994-10-19,IA,129.0,5.0,2013.0,20182019,74,N,Petersen,USA,R,0,,185,2023-2024
8477405,Marcus Hogberg,NYI,G,1,0,0,0,Orebro,SWE,1994-11-25,,78.0,3.0,2013.0,20182019,77,N,Hogberg,SWE,L,0,,232,2025-2026
8478024,Ville Husso,ANA,G,20,10,8,2,Helsinki,FIN,1995-02-06,,94.0,4.0,2014.0,20202021,75,N,Husso,FIN,L,0,,205,2025-2026
8478965,Kenneth Appleby,NYI,G,1,0,0,0,North Bay,CAN,1995-04-10,ON,,,,20172018,77,N,Appleby,CAN,L,0,,216,2023-2024
8477424,Juuse Saros,NSH,G,59,28,22,8,Forssa,FIN,1995-04-19,,99.0,4.0,2013.0,20152016,71,N,Saros,FIN,L,0,,180,2025-2026
8480947,Kevin Lankinen,VAN,G,47,11,27,5,Helsinki,FIN,1995-04-28,,,,,20202021,74,N,Lankinen,FIN,L,0,,190,2025-2026
8477465,Tristan Jarry,"PIT,EDM",G,33,18,9,3,Surrey,CAN,1995-04-29,BC,44.0,2.0,2013.0,20162017,76,N,Jarry,CAN,L,2,,201,2025-2026
8477457,Zach Fucale,WSH,G,4,1,1,1,Laval,CAN,1995-05-28,QC,36.0,2.0,2013.0,20212022,74,N,Fucale,CAN,L,1,,189,2021-2022
8477484,Spencer Martin,NYR,G,6,1,3,0,Oakville,CAN,1995-06-08,ON,63.0,3.0,2013.0,20162017,75,N,Martin,CAN,L,0,,191,2025-2026
8477480,Eric Comrie,WPG,G,25,12,11,1,Edmonton,CAN,1995-07-06,AB,59.0,2.0,2013.0,20162017,73,N,Comrie,CAN,L,0,,190,2025-2026
8480112,Hunter Miska,COL,G,5,1,1,2,North Branch,USA,1995-07-07,MN,,,,20182019,73,N,Miska,USA,L,0,,175,2020-2021
8478009,Ilya Sorokin,NYI,G,55,29,24,2,Mezhdurechensk,RUS,1995-08-04,,78.0,3.0,2014.0,20202021,75,N,Sorokin,RUS,L,7,,189,2025-2026
8481501,Artyom Zagidulin,CGY,G,1,0,0,0,Magnitogorsk,RUS,1995-08-08,,,,,20202021,74,N,Zagidulin,RUS,L,0,,180,2020-2021
8479016,Landon Bow,DAL,G,2,0,0,0,St. Albert,CAN,1995-08-24,AB,,,,20182019,77,N,Bow,CAN,L,0,,220,2018-2019
8477992,Jonas Johansson,TBL,G,25,11,10,2,Gavle,SWE,1995-09-19,,61.0,3.0,2014.0,20192020,77,N,Johansson,SWE,L,0,,220,2025-2026
8482411,Hunter Shepard,OTT,G,1,0,1,0,Cohasset,USA,1995-11-07,MN,,,,20232024,71,N,Shepard,USA,L,0,,225,2025-2026
8477967,Thatcher Demko,VAN,G,20,8,10,1,San Diego,USA,1995-12-08,CA,36.0,2.0,2014.0,20172018,76,N,Demko,USA,L,1,,192,2025-2026
8478048,Igor Shesterkin,NYR,G,51,25,19,6,Moscow,RUS,1995-12-30,,118.0,4.0,2014.0,20192020,73,N,Shesterkin,RUS,L,1,,199,2025-2026
8477968,Alex Nedeljkovic,SJS,G,40,18,14,4,Parma,USA,1996-01-07,OH,37.0,2.0,2014.0,20162017,72,N,Nedeljkovic,USA,L,0,,205,2025-2026
8477970,Vitek Vanecek,UTA,G,22,5,13,3,Havlickuv Brod,CZE,1996-01-09,,39.0,2.0,2014.0,20202021,74,N,Vanecek,CZE,L,1,,184,2025-2026
8480382,Alexandar Georgiev,"COL,SJS",G,49,15,26,4,Ruse,BGR,1996-02-10,,,,,20172018,73,N,Georgiev,RUS,L,0,,178,2024-2025
8480213,Gilles Senn,NJD,G,2,0,1,0,Bülach,CHE,1996-03-01,,129.0,5.0,2017.0,20192020,77,N,Senn,CHE,R,0,,191,2019-2020
8477990,Brandon Halverson,TBL,G,2,0,1,0,Traverse City,USA,1996-03-29,MI,59.0,2.0,2014.0,20172018,77,N,Halverson,USA,L,0,,235,2025-2026
8478499,Adin Hill,VGK,G,27,10,9,6,Comox,CAN,1996-05-11,BC,76.0,3.0,2015.0,20172018,76,N,Hill,CAN,L,1,,222,2025-2026
8478872,Karel Vejmelka,UTA,G,64,38,20,3,Trebic,CZE,1996-05-25,,145.0,5.0,2015.0,20212022,76,N,Vejmelka,CZE,R,2,,221,2025-2026
8478039,Kaapo Kahkonen,COL,G,1,0,1,0,Helsinki,FIN,1996-08-16,,109.0,4.0,2014.0,20192020,74,N,Kahkonen,FIN,L,0,,217,2024-2025
8478916,Joey Daccord,SEA,G,47,20,20,6,Boston,USA,1996-08-19,MA,199.0,7.0,2015.0,20182019,74,N,Daccord,USA,L,2,,201,2025-2026
8480162,Matiss Kivlenieks,CBJ,G,2,1,1,0,Riga,LVA,1996-08-26,,,,,20192020,74,N,Kivlenieks,LVA,L,0,,183,2020-2021
8478902,Erik Kallgren,TOR,G,10,3,2,4,Stockholm,SWE,1996-10-14,,183.0,7.0,2015.0,20212022,75,N,Kallgren,SWE,L,0,,200,2022-2023
8478470,Samuel Montembeault,MTL,G,25,10,8,4,Becancour,CAN,1996-10-30,QC,77.0,3.0,2015.0,20182019,75,N,Montembeault,CAN,L,0,,218,2025-2026
8478905,Ivan Fedotov,PHI,G,26,6,13,4,Lappeenranta,FIN,1996-11-28,,188.0,7.0,2015.0,20232024,79,N,Fedotov,RUS,L,0,,209,2024-2025
8478406,Mackenzie Blackwood,COL,G,39,23,10,2,Thunder Bay,CAN,1996-12-09,ON,42.0,2.0,2015.0,20182019,76,N,Blackwood,CAN,L,3,,225,2025-2026
8478848,Ales Stezka,SEA,G,1,0,1,0,Liberec,CZE,1997-01-06,,111.0,4.0,2015.0,20242025,76,N,Stezka,CZE,L,0,,190,2024-2025
8478433,Felix Sandstrom,PHI,G,5,1,2,0,Gavle,SWE,1997-01-12,,70.0,3.0,2015.0,20212022,74,N,Sandstrom,SWE,L,0,,211,2023-2024
8481001,Veini Vehvilainen,CBJ,G,1,0,0,0,Jyväskylä,FIN,1997-02-13,,173.0,6.0,2018.0,20202021,72,N,Vehvilainen,FIN,L,0,,181,2020-2021
8478492,Ilya Samsonov,VGK,G,29,16,9,4,Magnitogorsk,RUS,1997-02-22,,22.0,1.0,2015.0,20192020,75,N,Samsonov,RUS,L,2,,208,2024-2025
8480313,Logan Thompson,WSH,G,58,31,21,6,Calgary,CAN,1997-02-25,AB,,,,20202021,76,N,Thompson,CAN,R,4,,207,2025-2026
8478971,Connor Ingram,EDM,G,32,16,10,3,Saskatoon,CAN,1997-03-31,SK,88.0,3.0,2016.0,20212022,73,N,Ingram,CAN,L,2,,218,2025-2026
8479530,Adam Werner,COL,G,2,1,1,0,Mariestad,SWE,1997-05-02,,131.0,5.0,2016.0,20192020,77,N,Werner,SWE,L,0,,205,2019-2020
8478903,Adam Huska,NYR,G,1,0,1,0,Zvolen,SVK,1997-05-12,,184.0,7.0,2015.0,20212022,76,N,Huska,SVK,L,0,,214,2021-2022
8482445,Devin Cooley,CGY,G,31,10,10,6,Los Gatos,USA,1997-05-25,CA,,,,20232024,77,N,Cooley,USA,L,0,,192,2025-2026
8478933,Michael McNiven,MTL,G,1,0,0,0,Winnipeg,CAN,1997-07-09,MB,,,,20212022,73,N,McNiven,CAN,L,0,,199,2021-2022
8478435,Dan Vladar,PHI,G,52,29,14,7,Prague,CZE,1997-08-20,,75.0,3.0,2015.0,20202021,77,N,Vladar,CZE,L,0,,209,2025-2026
8479313,Zachary Sawchenko,SJS,G,7,1,2,1,Calgary,CAN,1997-12-30,AB,,,,20212022,73,N,Sawchenko,CAN,L,0,,187,2021-2022
8479380,Dylan Wells,CHI,G,1,0,0,0,St. Catharines,CAN,1998-01-03,ON,123.0,5.0,2016.0,20222023,74,N,Wells,CAN,L,0,,190,2022-2023
8479581,Jack LaFontaine,CAR,G,2,0,1,0,Mississauga,CAN,1998-01-06,ON,75.0,3.0,2016.0,20212022,74,N,LaFontaine,CAN,L,0,,204,2021-2022
8483158,Matthew Berlin,EDM,G,1,0,0,0,Edmonton,CAN,1998-01-20,AB,,,,20222023,75,N,Berlin,CAN,L,0,,205,2022-2023
8480373,Josef Korenar,ARI,G,2,0,0,0,Pelhrimov,CZE,1998-01-31,,,,,20202021,73,N,Korenar,CZE,L,0,,185,2021-2022
8483575,Matt Murray,DAL,G,1,1,0,0,St. Albert,CAN,1998-02-02,AB,,,,20222023,73,N,Murray,CAN,L,1,,196,2023-2024
8479406,Filip Gustavsson,MIN,G,50,28,15,6,Skelleftea,SWE,1998-06-07,,55.0,2.0,2016.0,20202021,74,N,Gustavsson,SWE,L,4,,184,2025-2026
8483548,Brandon Bussi,CAR,G,39,31,6,2,Sound Beach,USA,1998-06-25,NY,,,,20252026,76,N,Bussi,USA,R,2,,218,2025-2026
8482246,Alexei Melnichuk,SJS,G,3,0,1,1,St. Petersburg,RUS,1998-06-29,,,,,20202021,73,N,Melnichuk,RUS,L,0,,201,2020-2021
8479361,Joseph Woll,TOR,G,39,15,16,7,Dardenne Prairie,USA,1998-07-12,MO,62.0,3.0,2016.0,20212022,75,N,Woll,USA,L,2,,212,2025-2026
8479394,Carter Hart,VGK,G,18,11,3,3,Sherwood Park,CAN,1998-08-13,AB,48.0,2.0,2016.0,20182019,74,N,Hart,CAN,L,0,,196,2025-2026
8480263,Dylan Ferguson,OTT,G,2,1,1,0,Lantzville,CAN,1998-09-20,BC,194.0,7.0,2017.0,20172018,74,N,Ferguson,CAN,L,0,,194,2022-2023
8480363,Kaden Fulcher,DET,G,1,0,0,0,Brigden,CAN,1998-09-23,ON,,,,20182019,75,N,Fulcher,CAN,L,0,,210,2018-2019
8479973,Stuart Skinner,"EDM,PIT",G,50,23,17,9,Edmonton,CAN,1998-11-01,AB,78.0,3.0,2017.0,20202021,76,N,Skinner,CAN,L,2,,215,2025-2026
8480280,Jeremy Swayman,BOS,G,55,31,18,4,Anchorage,USA,1998-11-24,AK,111.0,4.0,2017.0,20202021,75,N,Swayman,USA,L,2,,195,2025-2026
8479979,Jake Oettinger,DAL,G,54,35,12,6,Lakeville,USA,1998-12-18,MN,26.0,1.0,2017.0,20202021,78,N,Oettinger,USA,L,4,,225,2025-2026
8480238,Jiri Patera,VAN,G,1,0,1,0,Praha,CZE,1999-02-24,,161.0,6.0,2017.0,20222023,75,N,Patera,CZE,L,0,,212,2025-2026
8483532,Clay Stevenson,WSH,G,4,3,1,0,Drayton Valley,CAN,1999-03-03,AB,,,,20242025,76,N,Stevenson,CAN,L,0,,195,2025-2026
8481031,Ivan Prosvetov,COL,G,11,4,3,1,Moscow,RUS,1999-03-05,,114.0,4.0,2018.0,20202021,77,N,Prosvetov,RUS,L,0,,195,2023-2024
8480045,Ukko-Pekka Luukkonen,BUF,G,35,22,9,3,Espoo,FIN,1999-03-09,,54.0,2.0,2017.0,20202021,77,N,Luukkonen,FIN,L,1,,223,2025-2026
8480193,Daniil Tarasov,FLA,G,33,13,15,3,Novokuznetsk,RUS,1999-03-27,,86.0,3.0,2017.0,20212022,77,N,Tarasov,RUS,L,0,,203,2025-2026
8480199,Eetu Makiniemi,SJS,G,2,1,0,1,Vantaa,FIN,1999-04-19,,104.0,4.0,2017.0,20222023,74,N,Makiniemi,FIN,L,0,,184,2022-2023
8483530,Jaxson Stauber,UTA,G,6,2,1,1,Wayzata,USA,1999-04-27,MN,,,,20222023,75,N,Stauber,USA,L,1,,174,2024-2025
8480191,Matt Villalta,UTA,G,1,1,0,0,Kingston,CAN,1999-06-03,ON,72.0,3.0,2017.0,20232024,75,N,Villalta,CAN,L,0,,190,2024-2025
8480022,Michael DiPietro,BOS,G,1,0,0,0,Windsor,CAN,1999-06-09,ON,64.0,3.0,2017.0,20182019,73,N,DiPietro,CAN,L,0,,205,2025-2026
8480042,Olle Eriksson Ek,ANA,G,1,0,0,1,Karlstad,SWE,1999-06-22,,153.0,5.0,2017.0,20222023,75,N,Eriksson Ek,SWE,L,0,,189,2022-2023
8481611,Pyotr Kochetkov,CAR,G,9,6,2,0,Penza,RUS,1999-06-25,,36.0,2.0,2019.0,20212022,75,N,Kochetkov,RUS,L,1,,196,2025-2026
8480051,Cayden Primeau,TOR,G,3,2,1,0,Farmington Hills,USA,1999-08-11,MI,199.0,7.0,2017.0,20192020,75,N,Primeau,USA,L,0,,205,2025-2026
8482821,Arvid Soderblom,CHI,G,26,8,13,3,Göteborg,SWE,1999-08-19,,,,,20212022,75,N,Soderblom,SWE,L,1,,180,2025-2026
8481035,Samuel Ersson,PHI,G,33,14,11,5,Falun,SWE,1999-10-20,,143.0,5.0,2018.0,20222023,75,N,Ersson,SWE,L,0,,194,2025-2026
8483183,Jett Alexander,TOR,G,1,0,0,0,Bloomfield,CAN,1999-11-08,ON,,,,20222023,77,N,Alexander,CAN,L,0,,214,2022-2023
8480819,Jakub Skarek,NYI,G,2,0,1,0,Jihlava,CZE,1999-11-10,,72.0,3.0,2018.0,20242025,76,N,Skarek,CZE,L,0,,211,2024-2025
8484312,Georgi Romanov,SJS,G,8,0,6,0,Yekaterinburg,RUS,1999-12-15,,,,,20232024,77,N,Romanov,RUS,L,0,,207,2024-2025
8484293,Yaniv Perets,CAR,G,1,0,0,0,Dollard-des-Ormeaux,CAN,2000-03-04,QC,,,,20232024,73,N,Perets,CAN,L,0,,181,2024-2025
8481020,Justus Annunen,NSH,G,28,10,12,2,Kempele,FIN,2000-03-11,,64.0,3.0,2018.0,20212022,76,N,Annunen,FIN,L,1,,210,2025-2026
8484268,Nikita Tolopilo,VAN,G,21,6,11,2,Minsk,BLR,2000-04-06,,,,,20242025,78,N,Tolopilo,BLR,L,0,,229,2025-2026
8481033,Akira Schmid,VGK,G,34,16,10,6,Bern,CHE,2000-05-12,,136.0,5.0,2018.0,20212022,77,N,Schmid,CHE,L,2,,190,2025-2026
8480843,Lukas Dostal,ANA,G,56,30,20,4,Brno,CZE,2000-06-22,,85.0,3.0,2018.0,20212022,74,N,Dostal,CZE,L,0,,190,2025-2026
8480885,Olivier Rodrigue,EDM,G,2,0,1,0,Chicoutimi,CAN,2000-07-06,QC,62.0,2.0,2018.0,20242025,73,N,Rodrigue,CAN,L,0,,158,2024-2025
8480981,Joel Hofer,STL,G,46,24,13,5,Winnipeg,CAN,2000-07-30,MB,107.0,4.0,2018.0,20212022,77,N,Hofer,CAN,L,6,,193,2025-2026
8480867,Kevin Mandolese,OTT,G,3,1,2,0,Blainville,CAN,2000-08-22,QC,157.0,6.0,2018.0,20222023,76,N,Mandolese,CAN,L,0,,180,2022-2023
8480992,Magnus Chrona,SJS,G,9,1,6,1,Stockholm,SWE,2000-08-28,,152.0,5.0,2018.0,20232024,78,N,Chrona,SWE,L,0,,225,2023-2024
8481707,Erik Portillo,LAK,G,1,1,0,0,Gothenburg,SWE,2000-09-03,,67.0,3.0,2019.0,20242025,78,N,Portillo,SWE,L,0,,218,2024-2025
8484910,Victor Ostman,SEA,G,1,0,1,0,Danderyd,SWE,2000-10-03,,,,,20242025,76,N,Ostman,SWE,L,0,,205,2025-2026
8481551,Colten Ellis,BUF,G,16,8,4,2,Whycocomagh,CAN,2000-10-05,NS,93.0,3.0,2019.0,20252026,73,N,Ellis,CAN,L,1,,191,2025-2026
8481544,Mads Sogaard,OTT,G,2,1,0,0,Aalborg,DNK,2000-12-13,,37.0,2.0,2019.0,20212022,79,N,Sogaard,DNK,L,0,,231,2025-2026
8482076,Nico Daws,NJD,G,3,2,1,0,Munich,DEU,2000-12-22,,84.0,3.0,2020.0,20212022,76,N,Daws,CAN,L,0,,205,2025-2026
8481529,Trent Miner,COL,G,4,1,0,3,Brandon,CAN,2001-02-05,MB,202.0,7.0,2019.0,20242025,73,N,Miner,CAN,L,1,,185,2025-2026
8481668,Arturs Silovs,PIT,G,39,19,12,8,Riga,LVA,2001-03-22,,156.0,6.0,2019.0,20222023,76,N,Silovs,LVA,L,2,,208,2025-2026
8482982,Jet Greaves,CBJ,G,55,26,19,9,Cambridge,CAN,2001-03-30,ON,,,,20222023,72,N,Greaves,CAN,L,2,,188,2025-2026
8481692,Dustin Wolf,CGY,G,57,23,29,3,Gilroy,USA,2001-04-16,CA,214.0,7.0,2019.0,20222023,72,N,Wolf,USA,L,2,,166,2025-2026
8481519,Spencer Knight,CHI,G,55,19,25,11,Darien,USA,2001-04-19,CT,13.0,1.0,2019.0,20202021,75,N,Knight,USA,L,3,,191,2025-2026
8482487,Jakub Dobes,MTL,G,43,29,10,4,Ostrava,CZE,2001-05-27,,136.0,5.0,2020.0,20242025,76,N,Dobes,CZE,L,0,,215,2025-2026
8481597,Hugo Alnefelt,TBL,G,1,0,0,0,Danderyd,SWE,2001-06-04,,71.0,3.0,2019.0,20212022,75,N,Alnefelt,SWE,L,0,,189,2021-2022
8483710,Dennis Hildeby,TOR,G,20,5,7,4,Jarfalla,SWE,2001-08-19,,122.0,4.0,2022.0,20242025,79,N,Hildeby,SWE,L,1,,231,2025-2026
8482515,Artur Akhtyamov,TOR,G,3,0,2,0,Kazan,RUS,2001-10-31,,106.0,4.0,2020.0,20252026,74,N,Akhtyamov,RUS,L,0,,176,2025-2026
8482221,Devon Levi,BUF,G,9,2,7,0,Dollard-des-Ormeaux,CAN,2001-12-27,QC,212.0,7.0,2020.0,20222023,72,N,Levi,CAN,L,0,,192,2024-2025
8482783,Aleksei Kolosov,PHI,G,4,0,2,0,Minsk,BLR,2002-01-04,,78.0,3.0,2021.0,20242025,73,N,Kolosov,BLR,L,0,,185,2025-2026
8482446,Joel Blomqvist,PIT,G,15,4,9,1,Uusikaarlepyy,FIN,2002-01-10,,52.0,2.0,2020.0,20242025,75,N,Blomqvist,FIN,L,0,,204,2024-2025
8483746,Vyacheslav Buteyets,ANA,G,1,0,0,0,Moscow,RUS,2002-05-29,,178.0,6.0,2022.0,20252026,76,N,Buteyets,RUS,L,0,,220,2025-2026
8482193,Dylan Garand,NYR,G,3,2,0,1,Victoria,CAN,2002-06-07,BC,103.0,4.0,2020.0,20252026,73,N,Garand,CAN,L,0,,185,2025-2026
8482137,Yaroslav Askarov,SJS,G,47,21,20,4,Omsk,RUS,2002-06-16,,11.0,1.0,2020.0,20222023,75,N,Askarov,RUS,R,0,,180,2025-2026
8482123,Drew Commesso,CHI,G,3,2,1,0,Norwell,USA,2002-07-19,MA,46.0,2.0,2020.0,20242025,74,N,Commesso,USA,L,1,,180,2025-2026
8482447,Leevi Meriläinen,OTT,G,20,8,10,1,Oulu,FIN,2002-08-13,,71.0,3.0,2020.0,20222023,74,N,Meriläinen,FIN,L,0,,196,2025-2026
8482668,Tristan Lennox,NYI,G,1,0,0,0,Ottawa,CAN,2002-10-21,ON,93.0,3.0,2021.0,20242025,75,N,Lennox,CAN,L,0,,204,2024-2025
8482661,Jesper Wallstedt,MIN,G,35,18,9,6,Vasteras,SWE,2002-11-14,,20.0,1.0,2021.0,20232024,75,N,Wallstedt,SWE,L,4,,214,2025-2026
8482657,Sebastian Cossa,DET,G,1,1,0,0,Hamilton,CAN,2002-11-21,ON,15.0,1.0,2021.0,20242025,78,N,Cossa,CAN,L,0,,221,2024-2025
8482949,Arsenii Sergeev,CGY,G,1,1,0,0,Yaroslavl,RUS,2002-12-16,,205.0,7.0,2021.0,20252026,75,N,Sergeev,RUS,L,0,,192,2025-2026
8483114,Thomas Milic,WPG,G,3,0,1,0,New Westminster,CAN,2003-04-14,BC,151.0,5.0,2023.0,20252026,72,N,Milic,CAN,L,0,,175,2025-2026
8482761,Carl Lindbom,VGK,G,8,2,4,2,Stockholm,SWE,2003-05-20,,222.0,7.0,2021.0,20252026,73,N,Lindbom,SWE,L,0,,186,2025-2026
8483668,Nikke Kokko,SEA,G,3,1,2,0,Oulu,FIN,2004-03-14,,58.0,2.0,2022.0,20242025,75,N,Kokko,FIN,L,0,,184,2025-2026
8483703,Sergei Murashov,PIT,G,5,1,1,2,Yaroslavl,RUS,2004-04-01,,118.0,4.0,2022.0,20252026,74,N,Murashov,RUS,R,1,,185,2025-2026
8484170,Jacob Fowler,MTL,G,17,9,6,2,Melbourne,USA,2004-11-24,FL,69.0,3.0,2023.0,20252026,73,N,Fowler,USA,L,1,,223,2025-2026
