,PlayerID,Player,Position,Team,Age,Games Played,Goals,Assists,Points
1,8478402,Connor McDavid,C,EDM,27,78.7,42.8,89.8,132.6
2,8477492,Nathan MacKinnon,C,COL,29,80.6,49.5,75.9,125.4
3,8476453,Nikita Kucherov,R,TBL,31,81.8,37.2,88.0,125.2
4,8479318,Auston Matthews,C,TOR,27,81.0,62.2,55.2,117.4
5,8477956,David Pastrnak,R,BOS,28,79.6,51.5,61.6,113.1
6,8478420,Mikko Rantanen,R,COL,28,80.8,46.1,63.4,109.5
7,8478550,Artemi Panarin,L,NYR,33,77.2,33.2,71.2,104.4
8,8477934,Leon Draisaitl,C,EDM,29,77.4,38.0,65.6,103.6
9,8481559,Jack Hughes,C,NJD,23,75.6,40.9,59.8,100.7
10,8478864,Kirill Kaprizov,L,MIN,27,73.1,41.4,57.0,98.4
11,8477939,William Nylander,R,TOR,28,80.4,40.1,57.5,97.6
12,8479314,Matthew Tkachuk,L,FLA,27,78.7,30.7,66.2,96.9
13,8476468,J.T. Miller,C,VAN,31,75.7,34.9,58.7,93.6
14,8480027,Jason Robertson,L,DAL,25,81.3,35.9,57.4,93.3
15,8477493,Aleksander Barkov,C,FLA,29,79.4,28.7,62.6,91.3
16,8482116,Tim Stützle,C,OTT,22,79.5,30.1,58.2,88.3
17,8476887,Filip Forsberg,L,NSH,30,74.9,43.6,44.5,88.1
18,8471675,Sidney Crosby,C,PIT,37,73.4,36.0,52.1,88.1
19,8477404,Jake Guentzel,C,TBL,30,81.9,40.6,47.4,88.0
20,8477946,Dylan Larkin,C,DET,28,81.3,41.4,45.8,87.2
21,8477942,Kevin Fiala,L,LAK,28,79.7,32.1,55.0,87.1
22,8477933,Sam Reinhart,C,FLA,29,78.9,43.1,43.8,86.9
23,8478010,Brayden Point,C,TBL,28,81.7,41.7,43.0,84.7
24,8480023,Robert Thomas,C,STL,25,75.0,25.8,58.9,84.7
25,8480800,Quinn Hughes,D,VAN,25,76.3,13.1,71.2,84.3
26,8480012,Elias Pettersson,C,VAN,26,73.4,35.8,47.6,83.4
27,8478403,Jack Eichel,C,VGK,28,75.8,38.8,44.5,83.3
28,8480069,Cale Makar,D,COL,26,69.3,22.9,59.5,82.4
29,8477501,Valeri Nichushkin,R,COL,29,81.0,40.3,40.9,81.2
30,8479407,Jesper Bratt,L,NJD,26,74.5,27.2,53.5,80.7
31,8474564,Steven Stamkos,C,NSH,34,74.0,34.8,44.7,79.5
32,8478445,Mathew Barzal,C,NYI,27,79.4,22.0,57.5,79.5
33,8478439,Travis Konecny,R,PHI,27,76.6,33.1,46.0,79.1
34,8479343,Clayton Keller,R,UTA,26,76.5,34.3,44.5,78.8
35,8478398,Kyle Connor,L,WPG,28,71.9,36.7,41.6,78.3
36,8475172,Nazem Kadri,C,CGY,34,79.5,30.5,47.8,78.3
37,8477409,Carter Verhaeghe,C,FLA,29,78.5,37.9,40.3,78.2
38,8475166,John Tavares,C,TOR,34,81.1,34.2,43.9,78.1
39,8480801,Brady Tkachuk,L,OTT,25,80.2,33.3,44.7,78.0
40,8481557,Matt Boldy,L,MIN,23,72.7,34.9,42.6,77.5
41,8480002,Nico Hischier,C,NJD,25,75.3,28.9,48.1,77.0
42,8478427,Sebastian Aho,C,CAR,27,73.7,32.8,44.1,76.9
43,8479385,Jordan Kyrou,C,STL,26,75.0,32.6,44.2,76.8
44,8475913,Mark Stone,R,VGK,32,75.0,28.2,48.6,76.8
45,8474600,Roman Josi,D,NSH,34,74.8,19.2,57.2,76.4
46,8484144,Connor Bedard,C,CHI,19,71.4,28.4,47.9,76.3
47,8477960,Adrian Kempe,R,LAK,28,79.5,34.9,40.5,75.4
48,8476459,Mika Zibanejad,C,NYR,31,76.8,27.2,47.6,74.8
49,8476454,Ryan Nugent-Hopkins,C,EDM,31,77.8,24.4,50.1,74.5
50,8478449,Roope Hintz,C,DAL,28,81.4,34.1,40.0,74.1
51,8479323,Adam Fox,D,NYR,26,72.8,13.3,60.4,73.7
52,8476460,Mark Scheifele,C,WPG,31,72.3,32.2,41.0,73.2
53,8473419,Brad Marchand,L,BOS,36,78.5,25.5,47.4,72.9
54,8479420,Tage Thompson,C,BUF,27,72.3,40.1,32.7,72.8
55,8476389,Vincent Trocheck,C,NYR,31,77.9,30.6,41.9,72.5
56,8477951,Nick Schmaltz,C,UTA,28,77.3,27.2,44.2,71.4
57,8477504,Josh Morrissey,D,WPG,29,74.7,15.7,55.4,71.1
58,8480036,Miro Heiskanen,D,DAL,25,81.1,12.6,58.3,70.9
59,8482740,Wyatt Johnston,C,DAL,21,81.5,34.3,36.5,70.8
60,8480208,Drake Batherson,R,OTT,26,78.3,28.7,41.8,70.5
61,8480830,Andrei Svechnikov,R,CAR,24,71.4,26.8,43.6,70.4
62,8474141,Patrick Kane,R,DET,36,80.2,27.3,43.0,70.3
63,8475167,Victor Hedman,D,TBL,34,79.9,13.1,57.0,70.1
64,8478414,Timo Meier,R,NJD,28,75.7,34.5,35.3,69.8
65,8471685,Anze Kopitar,C,LAK,37,80.3,22.4,46.1,68.5
66,8479542,Brandon Hagel,L,TBL,26,81.6,31.2,37.0,68.2
67,8480018,Nick Suzuki,C,MTL,25,76.6,24.8,43.2,68.0
68,8476456,Jonathan Huberdeau,C,CGY,31,77.2,17.7,50.3,68.0
69,8475786,Zach Hyman,L,EDM,32,77.9,35.5,32.4,67.9
70,8475168,Matt Duchene,C,DAL,33,80.8,27.3,40.6,67.9
71,8475692,Mats Zuccarello,R,MIN,37,72.5,18.2,49.6,67.8
72,8471215,Evgeni Malkin,C,PIT,38,72.5,28.9,38.7,67.6
73,8479337,Alex DeBrincat,R,DET,27,81.0,28.4,39.0,67.4
74,8477402,Pavel Buchnevich,L,STL,29,73.9,28.7,38.5,67.2
75,8477940,Nikolaj Ehlers,L,WPG,28,74.3,25.1,41.7,66.8
76,8476346,Johnny Gaudreau,L,CBJ,31,71.9,14.7,51.4,66.1
77,8478460,Zach Werenski,D,CBJ,27,78.8,16.6,49.4,66.0
78,8480865,Noah Dobson,D,NYI,24,79.7,14.2,51.5,65.7
79,8473512,Claude Giroux,R,OTT,36,80.0,22.0,43.6,65.6
80,8478493,Joel Eriksson Ek,C,MIN,27,71.6,28.6,36.8,65.4
81,8482078,Lucas Raymond,L,DET,22,80.7,29.1,35.8,64.9
82,8480803,Evan Bouchard,D,EDM,25,75.9,13.0,51.9,64.9
83,8475810,Bryan Rust,R,PIT,32,73.0,32.3,32.4,64.7
84,8477496,Elias Lindholm,C,BOS,30,77.5,24.4,40.0,64.4
85,8475184,Chris Kreider,L,NYR,33,75.2,37.1,26.9,64.0
86,8476881,Tomas Hertl,C,VGK,31,78.2,28.1,35.8,63.9
87,8476539,Jonathan Marchessault,R,NSH,34,72.9,32.7,30.2,62.9
88,8481540,Cole Caufield,R,MTL,23,74.9,29.8,32.9,62.7
89,8477949,Alex Tuch,R,BUF,28,72.8,20.4,42.1,62.5
90,8471214,Alex Ovechkin,L,WSH,39,70.1,31.2,31.0,62.2
91,8479675,Trevor Moore,L,LAK,29,79.8,28.0,33.6,61.6
92,8474578,Erik Karlsson,D,PIT,34,78.5,14.0,47.4,61.4
93,8475784,Jeff Skinner,C,EDM,32,76.1,30.8,30.5,61.3
94,8477500,Bo Horvat,C,NYI,29,79.1,30.6,30.5,61.1
95,8475754,Brock Nelson,C,NYI,33,78.7,30.5,30.6,61.1
96,8476853,Morgan Rielly,D,TOR,30,71.7,10.5,49.6,60.1
97,8480839,Rasmus Dahlin,D,BUF,24,72.6,15.5,44.5,60.0
98,8482699,Dylan Guenther,R,UTA,21,75.1,26.7,33.2,59.9
99,8475170,Brayden Schenn,C,STL,33,74.0,24.9,34.7,59.6
100,8482093,Seth Jarvis,C,CAR,22,69.2,27.7,31.7,59.4
101,8475765,Vladimir Tarasenko,R,DET,33,80.2,23.4,36.0,59.4
102,8476448,William Karlsson,C,VGK,31,75.9,26.8,32.3,59.1
103,8478440,Dylan Strome,C,WSH,27,71.3,20.8,38.3,59.1
104,8478444,Brock Boeser,R,VAN,27,73.5,26.7,31.3,58.0
105,8478873,Troy Terry,R,ANA,27,74.6,21.9,35.7,57.6
106,8476905,Chandler Stephenson,C,SEA,30,73.4,17.3,40.0,57.3
107,8477955,Jared McCann,L,SEA,28,74.1,27.6,29.6,57.2
108,8473994,Jamie Benn,L,DAL,35,80.7,23.0,34.2,57.2
109,8479999,Casey Mittelstadt,C,COL,26,80.2,17.1,40.0,57.1
110,8482665,Matty Beniers,C,SEA,22,72.6,22.9,34.1,57.0
111,8475798,Mikael Granlund,C,SJS,32,69.0,13.7,43.1,56.8
112,8475158,Ryan O'Reilly,C,NSH,33,70.2,21.5,35.0,56.5
113,8482684,Luke Hughes,D,NJD,21,71.9,10.0,46.5,56.5
114,8477494,Jonathan Drouin,L,COL,29,80.7,17.3,39.1,56.4
115,8475794,Tyler Seguin,C,DAL,32,80.8,25.8,30.4,56.2
116,8477503,Max Domi,C,TOR,29,80.0,17.3,38.8,56.1
117,8479325,Charlie McAvoy,D,BOS,27,74.4,13.0,43.0,56.0
118,8480015,Owen Tippett,R,PHI,25,75.9,24.0,31.7,55.7
119,8477416,Oliver Bjorkstrand,R,SEA,29,73.4,24.3,31.1,55.4
120,8478407,Vince Dunn,D,SEA,28,73.5,10.3,45.1,55.4
121,8478401,Pavel Zacha,C,BOS,27,78.5,22.0,33.3,55.3
122,8478975,Mason Marchment,L,DAL,29,80.4,20.8,34.3,55.1
123,8478047,Michael Bunting,L,PIT,29,71.5,22.9,32.1,55.0
124,8476479,Phillip Danault,C,LAK,31,79.9,19.1,35.4,54.5
125,8483515,Juraj Slafkovsky,L,MTL,20,75.6,20.8,33.6,54.4
126,8477476,Artturi Lehkonen,L,COL,29,80.7,27.4,26.8,54.2
127,8477447,Shea Theodore,D,VGK,29,62.8,10.6,43.6,54.2
128,8484166,Adam Fantilli,C,CBJ,20,69.7,24.3,29.5,53.8
129,8481528,Dylan Cozens,C,BUF,23,72.7,20.2,33.3,53.5
130,8481068,Yegor Sharangovich,C,CGY,26,76.8,25.5,27.0,52.5
131,8482124,Quinton Byfield,R,LAK,22,78.7,18.5,33.8,52.3
132,8473986,Alex Killorn,L,ANA,35,71.8,24.4,27.8,52.2
133,8475745,Charlie Coyle,C,BOS,32,78.1,20.0,32.2,52.2
134,8474679,Gustav Nyquist,C,NSH,35,71.7,16.3,35.9,52.2
135,8481533,Trevor Zegras,C,ANA,23,69.5,19.4,32.7,52.1
136,8471724,Kris Letang,D,PIT,37,78.4,12.9,39.0,51.9
137,8474590,John Carlson,D,WSH,34,68.2,10.9,40.7,51.6
138,8476875,Mike Matheson,D,MTL,30,72.6,10.0,41.6,51.6
139,8476399,Blake Coleman,C,CGY,33,76.4,26.2,25.2,51.4
140,8475169,Evander Kane,L,EDM,33,74.6,26.0,24.9,50.9
141,8480014,Gabriel Vilardi,C,WPG,25,67.1,28.1,22.6,50.7
142,8480039,Martin Necas,C,CAR,25,70.7,21.5,29.1,50.6
143,8477986,Brandon Montour,D,SEA,30,74.1,15.4,35.1,50.5
144,8481711,Matias Maccelli,L,UTA,24,74.6,15.4,35.1,50.5
145,8475726,Tyler Toffoli,C,SJS,32,69.0,25.3,25.0,50.3
146,8482109,Alexis Lafrenière,L,NYR,23,73.4,25.1,25.2,50.3
147,8474102,David Perron,L,OTT,36,78.6,22.8,27.5,50.3
148,8477456,J.T. Compher,L,DET,29,78.9,21.0,29.2,50.2
149,8477935,Sam Bennett,C,FLA,28,76.6,22.7,27.4,50.1
150,8482745,Mason McTavish,C,ANA,21,71.5,21.1,28.6,49.7
151,8482159,Tyson Foerster,R,PHI,22,75.8,22.9,26.4,49.3
152,8478519,Anthony Cirelli,C,TBL,27,81.1,20.3,29.0,49.3
153,8479425,Filip Hronek,D,VAN,27,74.7,9.0,39.9,48.9
154,8478498,Jake DeBrusk,L,VAN,28,71.6,25.6,23.2,48.8
155,8478366,Frank Vatrano,R,ANA,30,73.6,26.7,22.0,48.7
156,8478397,Rasmus Andersson,D,CGY,28,72.9,10.1,38.6,48.7
157,8474586,Jordan Eberle,R,SEA,34,73.2,20.2,28.1,48.3
158,8479400,Pierre-Luc Dubois,L,WSH,26,70.0,20.3,27.9,48.2
159,8477998,Warren Foegele,L,LAK,28,79.7,21.1,26.9,48.0
160,8478856,Conor Garland,R,VAN,28,71.7,18.2,29.4,47.6
161,8477511,Anthony Mantha,R,CGY,30,74.6,21.7,25.5,47.2
162,8483431,Logan Cooley,C,UTA,20,74.8,21.6,25.4,47.0
163,8482702,Logan Stankoven,C,DAL,21,80.4,19.2,27.5,46.7
164,8480064,Josh Norris,C,OTT,25,75.9,24.9,21.7,46.6
165,8480188,Fabian Zetterlund,L,SJS,25,66.8,21.3,25.2,46.5
166,8477407,Anthony Duclair,L,NYI,29,77.8,21.2,25.3,46.5
167,8474150,Mikael Backlund,C,CGY,35,76.2,19.2,27.3,46.5
168,8477451,Ryan Hartman,R,MIN,30,69.1,21.1,25.3,46.4
169,8484153,Leo Carlsson,C,ANA,20,70.8,18.8,27.4,46.2
170,8478462,Nicolas Roy,C,VGK,27,76.2,16.8,29.3,46.1
171,8484145,Zach Benson,L,BUF,19,68.3,19.3,26.7,46.0
172,8478038,Devon Toews,D,COL,30,69.9,10.6,35.4,46.0
173,8474641,Adam Henrique,C,EDM,34,75.8,22.2,23.6,45.8
174,8475191,Reilly Smith,R,NYR,33,73.4,21.1,24.6,45.7
175,8470613,Brent Burns,D,CAR,39,76.1,11.3,34.2,45.5
176,8482110,Dawson Mercer,C,NJD,23,72.6,21.9,23.4,45.3
177,8479525,Ross Colton,C,COL,28,80.4,20.4,24.9,45.3
178,8477444,Andre Burakovsky,L,SEA,29,69.0,15.8,29.4,45.2
179,8477964,Ivan Barbashev,C,VGK,29,73.2,17.9,27.0,44.9
180,8479987,Morgan Geekie,C,BOS,26,76.7,18.8,25.9,44.7
181,8481618,Alex Newhook,C,MTL,23,72.1,19.8,24.8,44.6
182,8478438,Tommy Novak,C,NSH,27,69.5,14.2,30.3,44.5
183,8475151,Kyle Palmieri,C,NYI,33,78.3,22.7,21.7,44.4
184,8474563,Drew Doughty,D,LAK,35,72.4,9.0,35.4,44.4
185,8476882,Teuvo Teravainen,L,CHI,30,67.2,18.8,25.5,44.3
186,8481542,Moritz Seider,D,DET,23,77.4,6.7,37.6,44.3
187,8481596,Shane Pinto,C,OTT,24,76.1,18.2,25.9,44.1
188,8478469,Thomas Chabot,D,OTT,27,75.8,11.5,32.6,44.1
189,8476432,Boone Jenner,C,CBJ,31,69.7,27.2,16.8,44.0
190,8480797,Joel Farabee,L,PHI,24,73.1,16.7,27.2,43.9
191,8476462,Dougie Hamilton,D,NJD,31,69.0,13.7,30.2,43.9
192,8482113,Anton Lundell,C,FLA,23,75.1,16.2,27.6,43.8
193,8480028,Morgan Frost,C,PHI,25,74.3,15.5,28.2,43.7
194,8475314,Anders Lee,L,NYI,34,78.6,22.9,20.6,43.5
195,8476869,Brady Skjei,D,NSH,30,73.8,12.4,31.1,43.5
196,8477497,Sean Monahan,C,CBJ,30,66.5,17.8,25.6,43.4
197,8480434,Sean Durzi,D,UTA,26,70.5,9.3,33.9,43.2
198,8475753,Justin Faulk,D,STL,32,68.8,11.8,31.3,43.1
199,8476483,Rickard Rakell,R,PIT,31,69.6,21.3,21.6,42.9
200,8476906,Shayne Gostisbehere,D,CAR,31,75.3,9.9,32.9,42.8
201,8482720,Matthew Knies,L,TOR,22,79.6,16.2,26.4,42.6
202,8479410,Mikhail Sergachev,D,UTA,26,68.5,6.9,35.7,42.6
203,8481581,Thomas Harley,D,DAL,23,80.8,11.5,30.9,42.4
204,8482097,Jack Quinn,R,BUF,23,65.0,16.0,26.2,42.2
205,8476792,Torey Krug,D,STL,33,71.0,12.0,30.2,42.2
206,8477932,Aaron Ekblad,D,FLA,28,71.4,11.9,30.3,42.2
207,8478542,Evan Rodrigues,C,FLA,31,75.7,15.8,26.3,42.1
208,8478474,Lawson Crouse,L,UTA,27,74.6,20.1,21.9,42.0
209,8481604,Pavel Dorofeyev,L,VGK,24,68.0,22.9,19.0,41.9
210,8477346,MacKenzie Weegar,D,CGY,30,72.3,10.7,31.2,41.9
211,8483808,Andrei Kuzmenko,L,CGY,28,74.7,20.3,21.3,41.6
212,8475768,Jaden Schwartz,C,SEA,32,70.6,18.5,23.1,41.6
213,8477021,Alex Kerfoot,C,UTA,30,73.2,14.2,27.4,41.6
214,8478396,Noah Hanifin,D,VGK,27,63.0,9.5,32.1,41.6
215,8482667,William Eklund,L,SJS,22,68.4,16.4,25.1,41.5
216,8476826,Yanni Gourde,C,SEA,33,71.6,16.1,25.4,41.5
217,8476880,Tom Wilson,R,WSH,30,68.9,21.1,19.9,41.0
218,8478042,Viktor Arvidsson,R,EDM,31,73.4,15.6,25.4,41.0
219,8480798,Philipp Kurashev,C,CHI,25,67.8,14.7,26.1,40.8
220,8476438,Brandon Saad,L,STL,32,69.9,21.4,19.3,40.7
221,8479345,Jakob Chychrun,D,WSH,26,69.0,14.6,26.1,40.7
222,8476872,Scott Laughton,C,PHI,30,73.1,16.7,23.7,40.4
223,8475287,Erik Haula,L,NJD,33,71.0,17.2,23.1,40.3
224,8477495,Seth Jones,D,CHI,30,66.2,9.3,31.0,40.3
225,8477426,Nicholas Paul,L,TBL,29,81.7,19.6,20.5,40.1
226,8474565,Alex Pietrangelo,D,VGK,34,64.0,9.9,30.2,40.1
227,8477429,Andrew Copp,C,DET,30,78.7,14.5,25.4,39.9
228,8480185,Eetu Luostarinen,C,FLA,26,76.3,17.2,22.6,39.8
229,8479339,Patrik Laine,L,CBJ,26,63.8,14.5,25.1,39.6
230,8478458,Jack Roslovic,C,CAR,27,66.0,13.0,26.0,39.0
231,8481560,Arthur Kaliyev,R,LAK,23,78.1,20.0,18.9,38.9
232,8475799,Nino Niederreiter,R,WPG,32,66.9,20.2,18.6,38.8
233,8482149,Cole Perfetti,C,WPG,22,66.9,13.4,25.3,38.7
234,8478233,Andrew Mangiapane,L,WSH,28,67.9,17.4,21.2,38.6
235,8480220,Noah Cates,L,PHI,25,73.0,15.3,23.3,38.6
236,8478055,Gustav Forsling,D,FLA,28,71.6,10.5,28.1,38.6
237,8475714,Calle Jarnkrok,C,TOR,33,78.3,17.0,21.2,38.2
238,8482175,JJ Peterka,R,BUF,22,68.1,18.9,19.2,38.1
239,8475218,Mattias Ekholm,D,EDM,34,73.0,11.3,26.8,38.1
240,8471698,T.J. Oshie,R,WSH,38,66.2,17.4,20.6,38.0
241,8476458,Ryan Strome,C,ANA,31,70.4,12.2,25.8,38.0
242,8482089,Jake Neighbours,L,STL,22,70.0,23.0,14.9,37.9
243,8481186,Logan O'Connor,R,COL,28,80.1,15.6,22.3,37.9
244,8478466,Daniel Sprong,R,VAN,27,70.3,16.9,20.6,37.5
245,8482705,Cole Sillinger,C,CBJ,21,68.2,16.9,20.2,37.1
246,8478057,Dakota Joshua,C,VAN,28,69.1,16.7,20.4,37.1
247,8474149,Evgenii Dadonov,R,DAL,35,79.8,16.0,21.1,37.1
248,8476292,Ondrej Palat,L,NJD,33,70.6,12.1,25.0,37.1
249,8478472,Mathieu Joseph,R,STL,27,70.2,12.3,24.7,37.0
250,8482671,Owen Power,D,BUF,22,69.7,9.2,27.8,37.0
251,8483505,Matthew Poitras,C,BOS,20,74.7,13.4,23.3,36.7
252,8475722,Jason Zucker,L,BUF,32,68.2,17.5,19.1,36.6
253,8476854,Hampus Lindholm,D,BOS,30,72.7,7.2,29.4,36.6
254,8477479,Tyler Bertuzzi,L,CHI,29,66.1,15.5,20.8,36.3
255,8479992,Michael Rasmussen,C,DET,25,78.3,16.2,19.7,35.9
256,8476461,Sean Couturier,C,PHI,32,69.3,13.6,21.9,35.5
257,8477498,Darnell Nurse,D,EDM,29,72.8,10.5,25.0,35.5
258,8476958,Jaccob Slavin,D,CAR,30,72.8,5.4,30.1,35.5
259,8482092,Ridly Greig,C,OTT,22,76.8,13.5,21.8,35.3
260,8480145,Neal Pionk,D,WPG,29,72.9,7.8,27.5,35.3
261,8482146,Luke Evangelista,R,NSH,22,68.3,16.8,18.2,35.0
262,8475848,Brendan Gallagher,R,MTL,32,69.1,15.2,19.8,35.0
263,8475763,Kevin Hayes,R,PIT,32,66.7,11.3,23.7,35.0
264,8481582,Nicholas Robertson,L,TOR,23,75.2,17.3,17.5,34.8
265,8477425,Miles Wood,L,COL,29,76.9,16.1,18.7,34.8
266,8480113,Alex Iafallo,L,WPG,31,65.1,15.1,19.7,34.8
267,8477948,Travis Sanheim,D,PHI,28,71.4,8.9,25.8,34.7
268,8482105,Jake Sanderson,D,OTT,22,74.9,8.8,25.9,34.7
269,8480009,Eeli Tolvanen,R,SEA,25,68.9,15.3,19.0,34.3
270,8478115,Pierre Engvall,L,NYI,28,76.9,15.3,18.9,34.2
271,8481546,Cam York,D,PHI,23,69.1,6.4,27.8,34.2
272,8482475,Yegor Chinakhov,R,CBJ,23,63.9,16.5,17.6,34.1
273,8475793,Ryan Johansen,C,PHI,32,70.3,16.4,17.7,34.1
274,8480849,Barrett Hayton,C,UTA,24,71.9,14.7,19.4,34.1
275,8475764,Cam Fowler,D,ANA,33,71.8,3.5,30.6,34.1
276,8479365,Trent Frederic,C,BOS,26,77.4,15.3,18.7,34.0
277,8478046,Danton Heinen,L,VAN,29,70.4,14.5,19.5,34.0
278,8481523,Kirby Dach,C,MTL,23,67.3,12.7,21.3,34.0
279,8476480,Vladislav Namestnikov,C,WPG,32,65.5,12.7,21.2,33.9
280,8480893,Kirill Marchenko,R,CBJ,24,62.3,19.5,14.2,33.7
281,8482133,Thomas Bordeleau,C,SJS,22,66.0,8.7,24.9,33.6
282,8481577,Philip Tomasino,C,NSH,23,63.9,9.0,24.5,33.5
283,8480459,Pius Suter,C,VAN,28,67.4,15.9,17.5,33.4
284,8476923,Damon Severson,D,CBJ,30,79.9,7.4,25.9,33.3
285,8481703,Valtteri Puustinen,R,PIT,25,60.8,8.3,24.9,33.2
286,8481554,Kaapo Kakko,R,NYR,23,68.6,16.0,17.1,33.1
287,8482122,Brock Faber,D,MIN,22,75.6,5.2,27.8,33.0
288,8474716,Jared Spurgeon,D,MIN,35,75.1,9.9,23.0,32.9
289,8474715,Cam Atkinson,R,TBL,35,79.9,16.3,16.5,32.8
290,8473422,Nick Foligno,L,CHI,37,62.4,14.7,18.1,32.8
291,8476885,Jacob Trouba,D,NYR,30,71.0,9.7,23.0,32.7
292,8480817,K'Andre Miller,D,NYR,24,71.4,6.9,25.8,32.7
293,8476927,Teddy Blueger,C,VAN,30,66.9,11.3,21.1,32.4
294,8476979,Erik Gustafsson,D,DET,32,75.0,5.3,27.1,32.4
295,8479591,Michael Eyssimont,C,TBL,28,80.7,13.5,18.6,32.1
296,8478891,Mason Appleton,C,WPG,28,65.7,12.5,19.4,31.9
297,8476463,Jonas Brodin,D,MIN,31,76.7,6.7,25.2,31.9
298,8477953,Kasperi Kapanen,R,STL,28,67.6,12.7,19.1,31.8
299,8482055,Drew O'Connor,L,PIT,26,65.2,18.3,13.1,31.4
300,8478020,Michael Amadio,C,OTT,28,75.6,15.4,16.0,31.4
301,8480336,Sean Walker,D,CAR,30,74.8,9.5,21.9,31.4
302,8480802,Ryan McLeod,C,BUF,25,65.8,13.3,17.8,31.1
303,8480871,Adam Boqvist,D,FLA,24,68.5,10.2,20.6,30.8
304,8483490,Pavel Mintyukov,D,ANA,21,70.6,6.2,24.4,30.6
305,8479351,Sam Steel,C,DAL,26,78.8,11.3,19.2,30.5
306,8475760,Nick Bjugstad,C,UTA,32,71.0,14.8,15.6,30.4
307,8477987,Ryan Donato,C,CHI,28,64.1,14.6,15.8,30.4
308,8476419,Jean-Gabriel Pageau,C,NYI,32,76.4,11.5,18.8,30.3
309,8477969,Marcus Pettersson,D,PIT,28,76.9,3.8,26.3,30.1
310,8481535,Nils Hoglander,L,VAN,24,66.6,16.4,13.6,30.0
311,8480078,Filip Chytil,C,NYR,25,66.1,12.1,17.9,30.0
312,8480829,Jesperi Kotkaniemi,C,CAR,24,64.8,13.7,16.2,29.9
313,8476474,Stefan Noesen,R,NJD,31,65.4,13.1,16.8,29.9
314,8483445,Cutter Gauthier,L,ANA,20,63.5,9.7,20.2,29.9
315,8476981,Josh Anderson,R,MTL,30,69.9,16.8,13.0,29.8
316,8481656,Aliaksei Protas,C,WSH,23,64.7,9.5,20.2,29.7
317,8480873,Rasmus Sandin,D,WSH,24,64.6,3.0,26.6,29.6
318,8477952,Robby Fabbri,C,ANA,28,66.6,13.9,15.6,29.5
319,8484203,Bradly Nadeau,L,CAR,19,62.5,11.5,18.0,29.5
320,8475149,Marcus Johansson,L,MIN,34,63.2,11.3,18.1,29.4
321,8476392,Adam Lowry,C,WPG,31,66.3,13.3,15.9,29.2
322,8481624,Ilya Mikheyev,R,CHI,30,60.8,13.1,16.0,29.1
323,8476469,Joel Armia,R,MTL,31,66.7,12.5,16.6,29.1
324,8475171,Oliver Ekman-Larsson,D,TOR,33,67.6,5.9,23.2,29.1
325,8476925,Colton Sissons,C,NSH,31,66.8,11.4,17.6,29.0
326,8478463,Anthony Beauvillier,L,PIT,27,66.5,12.7,16.2,28.9
327,8480068,Ryan Poehling,C,PHI,25,70.8,11.1,17.4,28.5
328,8480813,Joe Veleno,C,DET,24,77.1,13.3,15.1,28.4
329,8476921,Jordan Martinook,L,CAR,32,64.7,12.7,15.5,28.2
330,8474053,Logan Couture,C,SJS,35,62.7,11.0,17.2,28.2
331,8475200,Dmitry Orlov,D,CAR,33,73.9,6.0,22.1,28.1
332,8482259,Bobby McMann,C,TOR,28,72.4,16.0,12.0,28.0
333,8475193,Tomas Tatar,L,NJD,34,69.5,11.9,15.9,27.8
334,8477947,Sonny Milano,L,WSH,28,62.8,10.6,17.1,27.7
335,8478133,Jake Evans,C,MTL,28,69.9,8.3,19.4,27.7
336,8477488,Brett Pesce,D,NJD,30,68.6,6.8,20.8,27.6
337,8479941,Justin Danforth,R,CBJ,31,59.7,14.8,12.6,27.4
338,8480855,Jack McBain,C,UTA,24,67.5,11.5,15.9,27.4
339,8478413,Jordan Greenway,L,BUF,27,63.8,11.2,16.2,27.4
340,8482624,Daniil Miromanov,D,CGY,27,65.8,7.2,20.2,27.4
341,8482660,Kent Johnson,C,CBJ,22,61.3,7.9,19.4,27.3
342,8476278,Colin Blackwell,C,DAL,31,78.4,12.7,14.5,27.2
343,8482074,Connor Zary,C,CGY,23,63.6,15.3,11.8,27.1
344,8478500,Ivan Provorov,D,CBJ,27,79.6,3.5,23.6,27.1
345,8479353,Brett Howden,C,VGK,26,69.5,12.4,14.5,26.9
346,8475791,Taylor Hall,L,CHI,33,60.5,10.9,16.0,26.9
347,8476897,Oskar Sundqvist,C,STL,30,63.3,10.3,16.6,26.9
348,8482117,Lukas Reichel,L,CHI,22,60.8,11.8,15.0,26.8
349,8478507,John Marino,D,UTA,27,63.7,3.6,23.2,26.8
350,8470621,Corey Perry,R,EDM,39,70.9,13.1,13.5,26.6
351,8480835,Jack Drury,C,CAR,24,61.0,11.6,14.9,26.5
352,8477839,Conor Sheary,L,TBL,32,80.0,10.4,16.1,26.5
353,8478109,Victor Olofsson,L,VGK,29,69.6,11.9,14.5,26.4
354,8476892,Colton Parayko,D,STL,31,69.5,3.2,23.2,26.4
355,8474189,Lars Eller,C,PIT,35,64.0,11.6,14.7,26.3
356,8473533,Jordan Staal,C,CAR,36,63.1,12.3,13.9,26.2
357,8481553,Bobby Brink,R,PHI,23,62.0,10.3,15.9,26.2
358,8477989,Christian Dvorak,C,MTL,28,67.1,9.9,16.2,26.1
359,8482101,Danil Gushchin,L,SJS,22,57.9,8.7,17.4,26.1
360,8473507,Jeff Petry,D,DET,37,73.1,3.2,22.9,26.1
361,8479996,Cody Glass,C,NSH,25,59.3,11.4,14.6,26.0
362,8482125,Alexander Holtz,R,VGK,22,68.2,12.6,13.3,25.9
363,8482111,Justin Barron,D,MTL,23,66.5,8.8,17.0,25.8
364,8480043,Timothy Liljegren,D,TOR,25,66.6,2.9,22.9,25.8
365,8482655,J.J. Moser,D,TBL,24,75.5,3.4,22.3,25.7
366,8477506,Ryan Pulock,D,NYI,30,77.1,3.2,22.5,25.7
367,8479390,Taylor Raddysh,R,WSH,26,64.7,11.8,13.7,25.5
368,8476917,Adam Pelech,D,NYI,30,76.4,3.7,21.8,25.5
369,8482079,Marco Rossi,C,MIN,23,59.9,11.3,14.1,25.4
370,8483457,Lane Hutson,D,MTL,20,67.4,9.8,15.6,25.4
371,8479976,Juuso Valimaki,D,UTA,26,64.7,3.7,21.7,25.4
372,8476902,Esa Lindell,D,DAL,30,80.0,6.4,18.9,25.3
373,8476918,Jimmy Vesey,L,NYR,31,67.3,11.9,13.3,25.2
374,8479661,Tanner Jeannot,L,LAK,27,75.1,12.3,12.5,24.8
375,8483524,Shane Wright,C,SEA,20,63.3,11.9,12.9,24.8
376,8475220,Marcus Foligno,L,MIN,33,60.7,11.0,13.6,24.6
377,8478013,Jake Walman,D,SJS,28,71.2,10.1,14.5,24.6
378,8482749,Joshua Roy,R,MTL,21,66.4,8.1,16.5,24.6
379,8480789,Oliver Wahlstrom,R,NYI,24,69.9,9.6,14.9,24.5
380,8482712,Oskar Olausson,R,COL,22,73.6,6.8,17.7,24.5
381,8479398,Samuel Girard,D,COL,26,66.7,3.9,20.6,24.5
382,8481580,Connor McMichael,C,WSH,23,61.5,12.2,12.2,24.4
383,8478911,Matt Roy,D,WSH,29,64.9,6.4,17.9,24.3
384,8477353,Tyler Motte,C,DET,29,75.1,9.7,14.4,24.1
385,8475181,Nick Leddy,D,STL,33,66.9,3.3,20.7,24.0
386,8477450,Jason Dickinson,C,CHI,29,61.2,12.1,11.8,23.9
387,8480144,David Kampf,C,TOR,29,76.4,8.5,15.4,23.9
388,8479316,Luke Kunin,C,SJS,27,59.2,11.6,11.9,23.5
389,8480878,Nils Lundkvist,D,DAL,24,81.5,5.2,18.3,23.5
390,8481032,Paul Cotter,C,NJD,25,59.7,11.6,11.8,23.4
391,8479293,Brandon Tanev,L,SEA,33,64.9,11.6,11.7,23.3
392,8475343,Nic Dowd,C,WSH,34,59.6,8.5,14.8,23.3
393,8473563,Nicklas Backstrom,C,WSH,37,55.8,8.0,15.2,23.2
394,8478882,Vladislav Gavrikov,D,LAK,29,66.7,3.9,19.3,23.2
395,8474151,Ryan McDonagh,D,TBL,35,77.1,3.1,20.0,23.1
396,8480748,Kiefer Sherwood,L,VAN,29,60.2,10.2,12.7,22.9
397,8481606,Jordan Spence,D,LAK,23,63.9,5.4,17.3,22.7
398,8479393,Noah Gregor,C,OTT,26,72.1,12.3,10.3,22.6
399,8480003,Jesper Boqvist,C,FLA,26,67.2,8.9,13.6,22.5
400,8476931,Jake McCabe,D,TOR,31,65.5,3.3,19.2,22.5
401,8475231,Casey Cizikas,C,NYI,33,71.2,10.3,12.1,22.4
402,8478970,Jalen Chatfield,D,CAR,28,70.8,7.0,15.4,22.4
403,8479402,Jake Bean,D,CGY,26,67.4,3.5,18.9,22.4
404,8479619,Michael Carcone,L,UTA,28,62.2,14.7,7.6,22.3
405,8481704,Juuso Parssinen,C,NSH,23,57.9,9.4,12.9,22.3
406,8475855,Jesper Fast,R,CAR,33,60.3,8.9,13.3,22.2
407,8476878,Zemgus Girgensons,L,TBL,30,79.9,10.5,11.5,22.0
408,8481093,Rafael Harvey-Pinard,L,MTL,25,59.9,10.0,12.0,22.0
409,8482809,Jackson Blake,R,CAR,21,57.3,8.2,13.8,22.0
410,8482142,Jamie Drysdale,D,PHI,22,64.8,5.5,16.5,22.0
411,8479639,Dylan Coghlan,D,WPG,26,61.0,5.2,16.8,22.0
412,8483468,Jiri Kulich,C,BUF,20,56.4,8.8,13.0,21.8
413,8476331,Dylan DeMelo,D,WPG,31,68.8,2.2,19.6,21.8
414,8476422,Mike Reilly,D,NYI,31,76.0,5.6,16.1,21.7
415,8480762,Eric Robinson,L,CAR,29,59.1,9.2,12.4,21.6
416,8481481,Blake Lizotte,C,PIT,27,61.7,10.1,11.4,21.5
417,8482679,Matt Coronato,R,CGY,22,65.5,8.7,12.8,21.5
418,8478432,Christian Fischer,R,DET,27,74.0,9.8,11.6,21.4
419,8476879,Cody Ceci,D,EDM,31,67.8,3.3,18.1,21.4
420,8482087,Kaiden Guhle,D,MTL,22,67.3,3.0,18.4,21.4
421,8479336,Carl Grundstrom,R,SJS,27,55.1,12.7,8.6,21.3
422,8476457,Adam Larsson,D,SEA,32,67.8,4.2,17.1,21.3
423,8481522,Peyton Krebs,C,BUF,23,60.7,7.5,13.7,21.2
424,8478508,Yakov Trenin,C,MIN,27,57.6,11.9,9.2,21.1
425,8480980,Connor Dewar,C,TOR,25,72.9,9.5,11.6,21.1
426,8481601,Simon Holmstrom,R,NYI,23,67.5,10.9,10.1,21.0
427,8477446,Michael McCarron,R,NSH,29,57.5,10.0,11.0,21.0
428,8476312,Josh Manson,D,COL,33,62.7,5.1,15.8,20.9
429,8482245,Artem Zub,D,OTT,29,70.6,3.6,17.3,20.9
430,8477220,Nate Schmidt,D,FLA,33,66.4,5.6,15.1,20.7
431,8482737,Zack Bolduc,C,STL,21,57.7,9.4,11.2,20.6
432,8481014,Alexander Romanov,D,NYI,24,77.3,3.0,17.6,20.6
433,8474673,TJ Brodie,D,CHI,34,61.3,2.2,18.4,20.6
434,8480448,Parker Kelly,L,COL,25,74.5,9.5,11.0,20.5
435,8480995,Pontus Holmberg,R,TOR,25,70.8,9.7,10.7,20.4
436,8478136,Jake Middleton,D,MIN,28,73.7,3.0,17.4,20.4
437,8481477,Nico Sturm,C,SJS,29,58.3,11.0,9.3,20.3
438,8479368,Max Jones,L,BOS,26,63.7,9.2,11.1,20.3
439,8483491,Ivan Miroshnichenko,L,WSH,20,58.5,8.7,11.6,20.3
440,8475324,Nick Jensen,D,OTT,34,69.9,3.1,17.2,20.3
441,8483565,Nick Blankenburg,D,NSH,26,61.9,6.2,14.0,20.2
442,8479983,Mario Ferraro,D,SJS,26,68.5,4.4,15.8,20.2
443,8477015,Connor Brown,R,EDM,30,66.6,7.3,12.8,20.1
444,8480073,Erik Brannstrom,D,COL,25,64.2,5.2,14.9,20.1
445,8480281,Alexey Toropchenko,R,STL,25,56.0,11.7,8.3,20.0
446,8476960,Andreas Athanasiou,C,CHI,30,52.4,8.5,11.5,20.0
447,8477435,Ryan Graves,D,PIT,29,76.7,4.9,15.1,20.0
448,8480246,Nick Perbix,D,TBL,26,72.6,3.7,16.3,20.0
449,8481521,Ronnie Attard,D,PHI,25,59.6,6.6,13.2,19.8
450,8476889,Radek Faksa,C,STL,30,58.3,8.4,11.0,19.4
451,8475279,Ben Chiarot,D,DET,33,67.3,4.5,14.9,19.4
452,8479998,Mikey Anderson,D,LAK,25,63.3,2.2,17.1,19.3
453,8473453,Trevor Lewis,C,LAK,37,72.8,10.5,8.7,19.2
454,8480074,Alexandre Texier,C,STL,25,57.7,7.5,11.7,19.2
455,8483493,Frank Nazar,C,CHI,20,54.3,7.3,11.9,19.2
456,8477845,Trevor van Riemsdyk,D,WSH,33,57.8,2.9,16.3,19.2
457,8479982,Conor Timmins,D,TOR,26,59.7,2.9,16.3,19.2
458,8476891,Matt Grzelcyk,D,PIT,30,75.2,2.8,16.4,19.2
459,8480205,Emil Bemstrom,C,PIT,25,58.2,8.5,10.6,19.1
460,8482062,Cole Smith,L,NSH,29,56.2,7.4,11.7,19.1
461,8477406,Mattias Janmark,C,EDM,32,61.6,8.3,10.7,19.0
462,8482192,Isaak Phillips,D,CHI,23,54.5,3.3,15.6,18.9
463,8480049,Dylan Samberg,D,WPG,25,66.7,2.5,16.4,18.9
464,8477392,Hudson Fasching,R,NYI,29,64.7,8.7,10.0,18.7
465,8477508,Curtis Lazar,C,NJD,29,58.2,8.4,10.3,18.7
466,8478434,Keegan Kolesar,R,VGK,27,66.2,7.0,11.7,18.7
467,8476467,Jamie Oleksiak,D,SEA,32,67.7,3.7,15.0,18.7
468,8482157,Will Cuylle,L,NYR,22,60.1,10.0,8.4,18.4
469,8481028,Martin Pospisil,C,CGY,25,55.5,7.8,10.6,18.4
470,8476329,Travis Boyd,C,MIN,31,52.0,7.2,11.2,18.4
471,8475790,Erik Gudbranson,D,CBJ,32,75.8,3.1,15.3,18.4
472,8479414,Nathan Bastian,R,NJD,27,58.6,10.2,8.1,18.3
473,8477979,Nicolas Aube-Kubel,R,BUF,28,58.7,7.6,10.7,18.3
474,8483499,Liam Ohgren,L,MIN,20,54.9,6.9,11.4,18.3
475,8479315,Joey Anderson,R,CHI,26,49.3,8.0,10.2,18.2
476,8476988,Matt Benning,D,SJS,30,63.7,4.0,14.2,18.2
477,8477919,Frederick Gaudreau,C,MIN,31,60.5,6.8,11.3,18.1
478,8477507,Nikita Zadorov,D,BOS,29,65.5,4.9,13.2,18.1
479,8474574,Tyler Myers,D,VAN,34,68.7,2.5,15.6,18.1
480,8482155,Alex Laferriere,R,LAK,23,66.6,8.4,9.6,18.0
481,8478178,Darren Raddysh,D,TBL,28,69.0,4.3,13.6,17.9
482,8478851,Alexandre Carrier,D,NSH,28,64.6,2.4,15.5,17.9
483,8478043,Sam Lafferty,C,BUF,29,56.6,8.7,9.1,17.8
484,8476873,Mark Jankowski,C,NSH,30,50.9,8.0,9.8,17.8
485,8482803,Olen Zellweger,D,ANA,21,66.3,5.8,11.8,17.6
486,8481708,Zac Jones,D,NYR,24,56.6,3.5,14.1,17.6
487,8477369,Carson Soucy,D,VAN,30,66.0,5.5,12.0,17.5
488,8475179,Dmitry Kulikov,D,FLA,34,61.9,2.8,14.7,17.5
489,8478840,Will Borgen,D,SEA,28,64.7,2.5,15.0,17.5
490,8477478,William Carrier,L,CAR,30,53.6,9.5,7.9,17.4
491,8477903,Garnet Hathaway,R,PHI,33,63.8,8.9,8.5,17.4
492,8480289,Morgan Barron,C,WPG,26,55.1,7.8,9.5,17.3
493,8479371,Dante Fabbro,D,NSH,26,61.4,2.1,15.0,17.1
494,8479718,Alex Barré-Boulet,C,MTL,27,52.9,7.4,9.6,17.0
495,8484149,Gavin Brindley,C,CBJ,20,52.7,6.7,10.3,17.0
496,8480035,Henri Jokiharju,D,BUF,25,63.5,3.1,13.9,17.0
497,8478416,Erik Cernak,D,TBL,27,71.9,2.7,14.3,17.0
498,8478399,Jonas Siegenthaler,D,NJD,27,58.5,2.6,14.4,17.0
499,8480222,Sebastian Aho,D,PIT,28,71.8,2.2,14.8,17.0
500,8476429,Scott Mayfield,D,NYI,32,72.7,2.9,14.0,16.9
501,8480806,Isac Lundestrom,C,ANA,25,57.4,7.6,9.2,16.8
502,8483482,Tristan Luneau,D,ANA,20,62.4,6.5,10.3,16.8
503,8475462,Radko Gudas,D,ANA,34,65.2,3.1,13.7,16.8
504,8480807,Mattias Samuelsson,D,BUF,24,57.2,2.9,13.9,16.8
505,8483495,Simon Nemec,D,NJD,20,59.7,5.0,11.7,16.7
506,8475188,Brayden McNabb,D,VGK,33,54.6,2.0,14.7,16.7
507,8477499,Rasmus Ristolainen,D,PHI,30,61.2,5.1,11.5,16.6
508,8476525,Colin Miller,D,WPG,32,63.0,2.8,13.8,16.6
509,8479328,Julien Gauthier,R,NYI,27,60.1,7.2,9.3,16.5
510,8476624,Barclay Goodrow,C,SJS,31,54.0,5.6,10.9,16.5
511,8470600,Ryan Suter,D,STL,39,61.8,3.6,12.9,16.5
512,8481441,Joe Snively,C,DET,28,60.4,6.6,9.8,16.4
513,8482176,Wyatt Kaiser,D,CHI,22,53.4,4.7,11.7,16.4
514,8479980,Nicolas Hague,D,VGK,26,51.2,3.1,13.3,16.4
515,8480355,Mark Kastelic,C,BOS,25,57.9,7.5,8.8,16.3
516,8478569,Noel Acciari,C,PIT,33,54.2,7.9,8.3,16.2
517,8478211,Dryden Hunt,L,CGY,29,54.9,7.4,8.8,16.2
518,8479324,Ryan Lindgren,D,NYR,26,62.2,3.5,12.7,16.2
519,8475233,David Savard,D,MTL,34,62.5,2.6,13.6,16.2
520,8481059,Scott Perunovich,D,STL,26,57.8,2.4,13.8,16.2
521,8475690,Chris Tanev,D,TOR,35,60.5,1.9,14.2,16.1
522,8482067,Connor Mackey,D,NYR,28,58.2,4.1,11.9,16.0
523,8477380,Jonny Brodzinski,C,NYR,31,50.8,6.6,9.3,15.9
524,8475225,Craig Smith,C,CHI,35,53.2,7.5,8.3,15.8
525,8479520,Brandon Duhaime,R,WSH,27,54.7,8.2,7.5,15.7
526,8481517,Brett Leason,R,ANA,25,52.3,7.2,8.4,15.6
527,8480727,Zach Whitecloud,D,VGK,28,46.6,3.3,12.2,15.5
528,8481178,Egor Zamula,D,PHI,24,54.9,1.7,13.8,15.5
529,8482659,Josh Doan,R,UTA,22,50.7,7.4,8.0,15.4
530,8477365,Connor Clifton,D,BUF,29,56.4,1.7,13.7,15.4
531,8476374,Sean Kuraly,C,CBJ,31,53.3,6.5,8.8,15.3
532,8479344,Jesse Puljujarvi,R,PIT,26,50.1,6.5,8.8,15.3
533,8480058,Pierre-Olivier Joseph,D,STL,25,56.8,2.5,12.8,15.3
534,8480011,Klim Kostin,C,SJS,25,48.8,8.0,7.1,15.1
535,8480860,Kevin Bahl,D,CGY,24,56.8,1.8,13.2,15.0
536,8475842,Sam Carrick,C,NYR,32,57.5,7.1,7.7,14.8
537,8482148,Hendrix Lapierre,C,WSH,22,52.9,6.5,8.3,14.8
538,8481537,Nikita Okhotiuk,D,CGY,24,52.7,5.6,9.2,14.8
539,8478451,Ethan Bear,D,WSH,27,51.5,5.1,9.7,14.8
540,8482073,Braden Schneider,D,NYR,23,61.5,2.1,12.7,14.8
541,8482166,Shakir Mukhamadullin,D,SJS,22,55.2,4.9,9.8,14.7
542,8477018,Ben Hutton,D,VGK,31,48.3,4.4,10.3,14.7
543,8479369,Andrew Peeke,D,BOS,26,61.6,3.0,11.7,14.7
544,8478443,Brandon Carlo,D,BOS,28,61.4,3.3,11.3,14.6
545,8479066,Ryan Lomberg,L,CGY,30,62.7,7.6,6.9,14.5
546,8482634,Alex Steeves,C,TOR,25,59.7,3.5,11.0,14.5
547,8480891,Michael Kesselring,D,UTA,24,57.5,2.9,11.6,14.5
548,8480796,Martin Fehervary,D,WSH,25,55.1,2.6,11.9,14.5
549,8477573,Nathan Walker,L,STL,30,49.9,7.4,7.0,14.4
550,8479359,Beck Malenstyn,L,BUF,26,44.2,6.4,8.0,14.4
551,8481013,Jonatan Berggren,R,DET,24,58.1,6.1,8.3,14.4
552,8474034,Pat Maroon,L,CHI,36,53.3,5.8,8.5,14.3
553,8481568,Alex Vlasic,D,CHI,23,56.2,2.8,11.5,14.3
554,8476994,Vinnie Hinostroza,C,NSH,30,48.2,4.8,9.4,14.2
555,8481527,Kaedan Korczak,D,VGK,23,46.0,4.0,10.2,14.2
556,8478421,A.J. Greer,L,FLA,28,57.4,6.3,7.7,14.0
557,8478585,Derek Ryan,C,EDM,38,61.7,5.9,8.1,14.0
558,8479543,Michael Pezzetta,L,MTL,26,53.8,5.9,8.1,14.0
559,8480252,Cole Guttman,C,CHI,25,41.5,6.4,7.5,13.9
560,8477931,Tomas Nosek,L,FLA,32,60.3,5.0,8.9,13.9
561,8480950,Ilya Lyubushkin,D,DAL,30,78.6,2.3,11.5,13.8
562,8481716,Dmitri Voronkov,L,CBJ,24,48.6,7.6,6.1,13.7
563,8480025,MacKenzie Entwistle,R,FLA,25,60.2,5.7,8.0,13.7
564,8481567,Henry Thrun,D,SJS,23,50.9,2.7,10.9,13.6
565,8480001,Urho Vaakanainen,D,ANA,25,53.4,2.5,11.0,13.5
566,8480172,Jan Rutta,D,SJS,34,58.2,2.5,11.0,13.5
567,8482077,Dylan Holloway,L,EDM,23,50.6,8.4,5.0,13.4
568,8482964,Arber Xhekaj,D,MTL,23,50.4,4.7,8.7,13.4
569,8478452,Caleb Jones,D,LAK,27,54.5,3.5,9.9,13.4
570,8481161,Jake Christiansen,D,CBJ,25,55.2,5.3,8.0,13.3
571,8481641,Joel Kiviranta,L,COL,28,70.5,6.0,7.2,13.2
572,8482730,Brandt Clarke,D,LAK,21,45.6,5.2,8.0,13.2
573,8478859,Niko Mikkola,D,FLA,28,55.6,2.5,10.7,13.2
574,8476442,Matt Nieto,L,PIT,32,49.6,6.1,7.0,13.1
575,8479370,Tyson Jost,C,CAR,26,50.5,5.0,8.1,13.1
576,8481524,Bowen Byram,D,BUF,23,46.7,4.8,8.3,13.1
577,8480157,Calle Rosen,D,COL,30,49.2,3.6,9.5,13.1
578,8476967,Brett Kulak,D,EDM,30,61.2,1.8,11.3,13.1
579,8482807,Ethan Del Mastro,D,CHI,21,51.0,5.6,7.4,13.0
580,8474567,Zach Bogosian,D,MIN,34,59.3,2.6,10.4,13.0
581,8476822,Luke Glendening,C,TBL,35,76.1,7.1,5.8,12.9
582,8478831,Kevin Stenlund,C,UTA,28,53.6,6.5,6.3,12.8
583,8480990,Declan Chisholm,D,MIN,24,51.1,3.7,9.1,12.8
584,8476934,Brock McGinn,L,ANA,30,51.8,7.7,5.0,12.7
585,8480887,Jordan Harris,D,MTL,24,51.3,2.7,10.0,12.7
586,8481617,Vasily Podkolzin,R,VAN,23,48.2,4.9,7.7,12.6
587,8479026,Philippe Myers,D,TOR,27,47.4,3.8,8.8,12.6
588,8475455,Brenden Dillon,D,NJD,34,57.9,1.8,10.8,12.6
589,8471709,Marc-Edouard Vlasic,D,SJS,37,59.1,2.1,10.4,12.5
590,8483460,David Jiricek,D,CBJ,21,57.6,2.6,9.8,12.4
591,8475718,Justin Holl,D,DET,32,58.0,1.8,10.6,12.4
592,8480021,Jack Studnicka,C,LAK,25,55.8,5.9,6.4,12.3
593,8474090,Brendan Smith,D,DAL,35,73.1,2.2,10.0,12.2
594,8475208,Brian Dumoulin,D,ANA,33,58.4,2.0,10.2,12.2
595,8479372,Josh Mahura,D,SEA,26,53.6,2.4,9.6,12.0
596,8481751,Lukas Rousek,R,BUF,25,38.5,4.7,7.1,11.8
597,8480070,Ian Mitchell,D,BOS,25,47.2,2.2,9.6,11.8
598,8480848,Ty Dellandrea,C,SJS,24,43.0,5.3,6.4,11.7
599,8481019,David Gustafsson,C,WPG,24,43.9,3.2,8.5,11.7
600,8480192,Johnathan Kovacevic,D,NJD,27,50.3,3.3,8.2,11.5
601,8479442,Troy Stecher,D,EDM,30,56.1,2.6,8.8,11.4
602,8476372,Nick Seeler,D,PHI,31,46.5,2.4,9.0,11.4
603,8475762,Derek Forbort,D,VAN,32,52.2,2.3,9.1,11.4
604,8482095,Tyler Kleven,D,OTT,22,46.3,2.3,9.1,11.4
605,8479348,Kale Clague,D,BUF,26,45.2,2.2,9.2,11.4
606,8482744,James Malatesta,L,CBJ,21,45.7,3.8,7.5,11.3
607,8477070,Liam O'Brien,C,UTA,30,53.7,5.4,5.8,11.2
608,8482666,Scott Morrow,D,CAR,22,48.3,3.6,7.6,11.2
609,8482451,Mikael Pyyhtia,L,CBJ,23,38.7,3.0,8.1,11.1
610,8474568,Luke Schenn,D,NSH,35,51.0,2.6,8.5,11.1
611,8478468,Jeremy Lauzon,D,NSH,27,53.1,2.6,8.5,11.1
612,8479439,Jacob MacDonald,D,COL,31,45.9,5.2,5.8,11.0
613,8471677,Jack Johnson,D,CBJ,37,65.1,2.5,8.5,11.0
614,8474166,Alec Martinez,D,CHI,37,49.1,1.9,9.0,10.9
615,8476874,Olli Maatta,D,DET,30,59.9,1.7,9.1,10.8
616,8481518,Nolan Foote,L,NJD,24,41.5,5.7,5.0,10.7
617,8479994,Jaret Anderson-Dolan,C,WPG,25,35.5,4.9,5.8,10.7
618,8480845,Rasmus Kupari,C,WPG,24,44.0,4.7,5.9,10.6
619,8480880,Jakub Lauko,C,MIN,24,39.0,4.4,6.1,10.5
620,8482859,Zack Ostapchuk,C,OTT,21,54.8,4.2,6.3,10.5
621,8477335,Kyle Burroughs,D,LAK,29,46.5,2.0,8.5,10.5
622,8482762,Simon Edvinsson,D,DET,21,54.1,5.5,4.9,10.4
623,8481599,Victor Soderstrom,D,UTA,23,41.6,2.9,7.5,10.4
624,8481550,Adam Beckman,L,NJD,23,38.8,2.7,7.7,10.4
625,8474013,Ian Cole,D,UTA,35,53.0,2.1,8.3,10.4
626,8479968,Vinni Lettieri,C,BOS,29,47.9,5.3,4.9,10.2
627,8480007,Jonas Rondbjerg,R,VGK,25,45.6,3.1,7.1,10.2
628,8481600,Tobias Bjornfot,D,FLA,23,42.9,2.4,7.8,10.2
629,8479671,Mathieu Olivier,R,CBJ,27,45.5,4.6,5.4,10.0
630,8479772,Zack MacEwen,R,OTT,28,52.4,4.4,5.6,10.0
631,8482652,Walker Duehr,R,CGY,27,40.6,3.9,6.1,10.0
632,8481605,Jackson LaCombe,D,ANA,23,43.9,2.0,8.0,10.0
633,8479378,Logan Stanley,D,WPG,26,40.7,2.5,7.2,9.7
634,8482145,Mavrik Bourque,C,DAL,22,54.9,3.9,5.5,9.4
635,8471817,Ryan Reaves,R,TOR,37,63.0,5.2,4.1,9.3
636,8482751,Ryan Winterton,C,SEA,21,41.1,3.8,5.5,9.3
637,8481532,Alex Turcotte,C,LAK,23,46.4,3.7,5.6,9.3
638,8483466,Kevin Korchinski,D,CHI,20,49.8,2.8,6.5,9.3
639,8482784,Zach Dean,C,STL,21,43.0,4.3,4.9,9.2
640,8479986,Kole Lind,R,DAL,26,44.8,2.2,7.0,9.2
641,8481701,Santeri Hatakka,D,NJD,23,36.5,2.2,7.0,9.2
642,8480441,Trey Fix-Wolansky,R,CBJ,25,38.2,3.2,5.9,9.1
643,8481789,Tye Kartye,L,SEA,23,40.4,5.9,3.1,9.0
644,8481592,Jakob Pelletier,L,CGY,23,44.0,3.5,5.5,9.0
645,8483763,Maksymilian Szuber,D,UTA,22,37.6,3.5,5.5,9.0
646,8477938,Haydn Fleury,D,WPG,28,44.2,2.9,6.1,9.0
647,8476441,Joel Edmundson,D,LAK,31,40.4,2.1,6.9,9.0
648,8478424,Jansen Harkins,C,ANA,27,39.3,3.5,5.4,8.9
649,8479944,Zach Aston-Reese,C,VGK,30,46.1,3.0,5.9,8.9
650,8477034,Jaycob Megna,D,FLA,32,44.3,1.2,7.6,8.8
651,8476867,Brendan Gaunce,C,MIN,30,36.7,4.5,4.2,8.7
652,8477505,Alexander Wennberg,C,SJS,30,38.8,3.9,4.8,8.7
653,8479291,Kevin Rooney,C,CGY,31,46.1,3.4,5.3,8.7
654,8476858,Phillip Di Giuseppe,L,VAN,31,40.9,4.3,4.3,8.6
655,8481598,Philip Broberg,D,EDM,23,39.8,2.1,6.5,8.6
656,8481167,Brayden Pachal,D,CGY,25,41.3,1.6,6.9,8.5
657,8481609,Vladislav Kolyachonok,D,UTA,23,33.0,3.6,4.8,8.4
658,8484911,Collin Graf,R,SJS,22,42.7,3.5,4.9,8.4
659,8482747,Brennan Othmann,L,NYR,21,41.0,3.2,5.2,8.4
660,8475750,Jon Merrill,D,MIN,32,57.3,1.7,6.7,8.4
661,8482733,Logan Mailloux,D,MTL,31,33.8,3.1,5.1,8.2
662,8475177,Calvin de Haan,D,COL,33,41.3,1.5,6.7,8.2
663,8481147,Reese Johnson,C,MIN,26,39.3,3.2,4.9,8.1
664,8479981,Jonah Gadjovich,L,FLA,26,42.9,4.1,3.8,7.9
665,8482153,Brendan Brisson,C,VGK,23,33.7,3.5,4.4,7.9
666,8480196,Jacob Bryson,D,BUF,27,44.7,1.1,6.8,7.9
667,8477887,Patrick Brown,C,BOS,32,44.0,3.0,4.8,7.8
668,8477962,Brendan Lemieux,L,CAR,28,36.1,4.0,3.7,7.7
669,8483630,Pavol Regenda,L,ANA,25,31.6,3.5,4.2,7.7
670,8481122,Simon Benoit,D,TOR,26,41.7,1.9,5.8,7.7
671,8473446,Erik Johnson,D,PHI,36,41.8,1.3,6.4,7.7
672,8477473,Justin Bailey,R,SJS,29,30.6,3.2,4.4,7.6
673,8482141,Lukas Cormier,D,VGK,22,31.6,2.2,5.4,7.6
674,8477851,Jordan Oesterle,D,BOS,32,37.6,1.4,6.2,7.6
675,8480879,Jacob Bernard-Docker,D,OTT,24,45.0,1.2,6.4,7.6
676,8481754,Nikita Nesterenko,C,ANA,23,36.8,3.8,3.7,7.5
677,8480834,Ty Emberson,D,SJS,24,38.7,1.6,5.8,7.4
678,8479576,Vincent Desharnais,D,VAN,28,36.7,1.3,6.1,7.4
679,8479638,Justin Brazeau,R,BOS,26,38.6,4.0,3.3,7.3
680,8479972,Mason Shaw,C,WPG,26,31.7,2.5,4.8,7.3
681,8476913,Devin Shore,C,MIN,30,34.5,2.1,5.1,7.2
682,8476473,Connor Murphy,D,CHI,31,42.6,1.3,5.9,7.2
683,8475235,Nicolas Deslauriers,L,PHI,33,48.3,4.3,2.8,7.1
684,8482511,Mason Lohrei,D,BOS,23,34.2,2.7,4.4,7.1
685,8479536,Axel Jonsson-Fjallby,L,WPG,26,34.6,2.3,4.8,7.1
686,8476952,Dominic Toninato,C,WPG,30,37.8,1.7,5.4,7.1
687,8477384,Josh Brown,D,EDM,30,44.5,0.9,6.2,7.1
688,8480844,Grigori Denisenko,L,VGK,24,29.8,2.7,4.3,7.0
689,8478454,Noah Juulsen,D,VAN,27,34.8,1.2,5.8,7.0
690,8479249,Andrew Poturalski,C,SJS,30,32.2,0.7,6.2,6.9
691,8481556,John Beecher,C,BOS,23,36.0,4.4,2.3,6.7
692,8480292,Carson Meyer,R,ANA,27,30.3,3.2,3.4,6.6
693,8474612,Travis Hamonic,D,OTT,34,46.4,1.1,5.5,6.6
694,8478450,Parker Wotherspoon,D,BOS,27,37.4,1.0,5.6,6.6
695,8479379,Givani Smith,R,SJS,26,30.9,3.2,3.3,6.5
696,8480870,Bo Groulx,C,NYR,24,34.6,1.8,4.7,6.5
697,8484254,Akito Hirose,D,VAN,25,28.0,1.7,4.8,6.5
698,8482496,Nils Aman,C,VAN,24,36.9,3.2,3.2,6.4
699,8480245,Olle Lycksell,R,PHI,25,32.7,2.3,4.1,6.4
700,8481056,Spencer Stastney,D,NSH,24,32.7,1.4,5.0,6.4
701,8482070,Mitchell Chaffee,R,TBL,26,51.7,3.5,2.8,6.3
702,8482858,Ryker Evans,D,SEA,23,28.2,1.1,5.2,6.3
703,8483012,Logan Morrison,C,SEA,22,36.1,3.0,3.2,6.2
704,8482861,Vincent Iorio,D,WSH,22,28.3,2.5,3.7,6.2
705,8483619,Filip Roos,D,OTT,25,32.9,1.7,4.4,6.1
706,8481679,Maxence Guenette,D,OTT,23,28.4,3.2,2.7,5.9
707,8482713,Mackie Samoskevich,R,FLA,22,39.2,3.2,2.7,5.9
708,8477401,John Hayden,C,SEA,29,25.3,3.6,2.2,5.8
709,8479985,Cale Fleury,D,SEA,26,24.3,2.4,3.4,5.8
710,8477527,Ross Johnston,L,ANA,30,34.7,1.3,4.4,5.7
711,8477244,Chad Ruhwedel,D,NYR,34,34.9,1.1,4.4,5.5
712,8483570,Ben Meyers,C,SEA,26,30.8,3.1,2.3,5.4
713,8478017,Mark Friedman,D,VAN,29,32.5,2.1,3.3,5.4
714,8478146,Matthew Highmore,C,OTT,28,32.8,1.7,3.7,5.4
715,8483549,Lucas Condotta,L,MTL,27,25.9,2.4,2.9,5.3
716,8482765,Isak Rosen,R,BUF,21,31.5,2.1,3.1,5.2
717,8478874,Adam Gaudette,C,OTT,28,35.4,1.6,3.6,5.2
718,8483397,Marc McLaughlin,C,BOS,25,31.0,2.5,2.5,5.0
719,8482144,Jack Thompson,D,SJS,22,26.5,1.4,3.5,4.9
720,8475958,Michael Sgarbossa,C,WSH,32,29.6,1.3,3.6,4.9
721,8477462,Robert Hagg,D,VGK,29,23.9,1.4,3.4,4.8
722,8482177,Marat Khusnutdinov,C,MIN,22,30.7,2.1,2.6,4.7
723,8479419,Brett Murray,L,BUF,26,20.4,1.4,3.3,4.7
724,8481593,Jayden Struble,D,MTL,23,20.2,0.7,4.0,4.7
725,8484287,Cole McWard,D,VAN,23,22.1,2.1,2.3,4.4
726,8478409,Anthony Richard,C,PHI,28,31.2,2.1,2.2,4.3
727,8481543,Nikita Alexandrov,C,STL,24,22.5,1.7,2.4,4.1
728,8479991,Jake Leschyshyn,C,NYR,25,28.2,1.6,2.5,4.1
729,8484258,Sam Malinski,D,COL,26,22.8,1.2,2.9,4.1
730,8478021,William Lagesson,D,DET,28,27.2,0.9,3.1,4.0
731,8480267,Sammy Walker,C,MIN,25,19.3,1.8,2.1,3.9
732,8477320,Anton Blidh,L,NYR,29,20.4,1.5,2.4,3.9
733,8475795,Dylan McIlrath,D,WSH,32,15.4,0.7,3.1,3.8
734,8480890,Jan Jenik,R,OTT,24,21.6,1.5,2.2,3.7
735,8481237,Kyle MacLean,C,NYI,25,25.4,1.4,2.3,3.7
736,8482516,Matthew Kessel,D,STL,24,23.5,0.8,2.8,3.6
737,8481541,Samuel Bolduc,D,NYI,24,25.7,1.3,2.2,3.5
738,8477971,Andreas Englund,D,LAK,28,26.0,1.0,2.5,3.5
739,8482470,Ilya Solovyov,D,CGY,24,18.8,0.7,2.8,3.5
740,8479320,Max Lajoie,D,SEA,27,20.2,1.2,2.2,3.4
741,8477149,Scott Sabourin,R,SJS,32,15.6,1.1,2.3,3.4
742,8483512,Matt Savoie,C,EDM,20,21.5,0.8,2.6,3.4
743,8481422,Jacob Lucchini,C,NSH,29,21.8,1.7,1.6,3.3
744,8480084,Nick DeSimone,D,NJD,30,19.6,0.9,2.4,3.3
745,8477073,Kurtis MacDermid,L,NJD,30,26.1,0.8,2.3,3.1
746,8481743,Marc Del Gaizo,D,NSH,25,18.7,0.7,2.4,3.1
747,8482165,Yan Kuznetsov,D,CGY,22,19.7,0.7,2.4,3.1
748,8482147,Jean-Luc Foudy,C,COL,22,25.9,1.6,1.4,3.0
749,8481030,Jack St. Ivany,D,PIT,25,17.1,0.7,2.2,2.9
750,8482250,Callahan Burke,C,VGK,27,21.3,0.7,2.2,2.9
751,8477810,Joel Hanley,D,CGY,33,24.3,0.4,2.5,2.9
752,8480468,James Hamblin,L,EDM,25,21.7,1.3,1.5,2.8
753,8481006,Tyler Tucker,D,STL,24,15.9,0.4,2.4,2.8
754,8479362,Riley Tufte,L,BOS,26,19.6,1.6,1.1,2.7
755,8479587,Rhett Gardner,C,PHI,28,13.8,0.4,2.3,2.7
756,8477467,Gustav Olofsson,D,SEA,30,17.9,1.7,0.9,2.6
757,8482102,Vasily Ponomarev,C,PIT,22,20.2,0.8,1.8,2.6
758,8482172,Landon Slaggert,L,CHI,22,26.2,0.8,1.8,2.6
759,8480823,Alexander Alexeyev,D,WSH,25,15.6,0.5,2.0,2.5
760,8482118,Sam Colangelo,R,ANA,23,17.5,1.2,1.2,2.4
761,8478051,Max Willman,C,NJD,29,17.6,1.1,1.3,2.4
762,8484325,Waltteri Merela,C,TBL,26,24.4,1.5,0.8,2.3
763,8480032,Shane Bowers,C,NJD,25,14.9,1.4,0.9,2.3
764,8479367,William Lockwood,R,FLA,26,19.9,1.3,1.0,2.3
765,8482201,Gage Goncalves,C,TBL,23,21.5,1.1,1.2,2.3
766,8474062,Riley Nash,C,NYR,35,16.3,0.9,1.4,2.3
767,8475413,Justin Dowling,C,NJD,34,14.6,0.8,1.4,2.2
768,8481719,Maxwell Crozier,D,TBL,24,18.1,0.7,1.5,2.2
769,8481564,Ryan Johnson,D,BUF,23,16.0,0.6,1.6,2.2
770,8480851,Akil Thomas,C,LAK,24,20.4,0.9,1.2,2.1
771,8478477,Mitchell Stephens,C,SEA,27,19.4,0.8,1.3,2.1
772,8482929,Emil Lilleberg,D,TBL,23,21.2,0.2,1.9,2.1
773,8481462,Mason Morelli,L,VGK,28,11.7,0.8,1.1,1.9
774,8481699,Aku Raty,R,UTA,23,16.6,0.8,1.1,1.9
775,8483471,Brad Lambert,C,WPG,31,11.3,0.4,1.5,1.9
776,8479421,Jacob Moverare,D,LAK,26,12.7,0.3,1.6,1.9
777,8475755,Alexander Petrovic,D,DAL,32,16.9,0.5,1.3,1.8
778,8481585,Egor Afanasyev,L,SJS,23,15.0,0.7,1.0,1.7
779,8478502,Dennis Gilbert,D,BUF,28,20.0,0.3,1.4,1.7
780,8482162,Roby Jarventie,L,EDM,22,15.1,1.0,0.6,1.6
781,8481043,Cole Koepke,L,BOS,26,13.5,0.9,0.6,1.5
782,8481065,Angus Crookshank,L,OTT,25,13.9,0.7,0.8,1.5
783,8482088,Justin Sourdif,R,FLA,22,17.7,0.7,0.8,1.5
784,8483395,Arshdeep Bains,L,VAN,23,11.4,0.4,1.1,1.5
785,8478881,Brett Seney,L,CHI,28,11.5,0.9,0.5,1.4
786,8483597,Milos Kelemen,L,UTA,25,10.7,0.8,0.6,1.4
787,8478011,Louie Belpedio,D,PHI,28,10.9,0.4,1.0,1.4
788,8480075,Cameron Crotty,D,MIN,25,8.2,0.3,1.1,1.4
789,8478446,Glenn Gawdin,C,LAK,27,11.2,0.8,0.5,1.3
790,8483567,Georgii Merkulov,C,BOS,24,10.8,0.8,0.5,1.3
791,8482094,Daemon Hunt,D,MIN,22,15.0,0.7,0.6,1.3
792,8482061,Brandon Biro,L,SEA,26,13.1,0.6,0.7,1.3
793,8483489,Fraser Minten,C,TOR,31,13.2,0.7,0.5,1.2
794,8482787,Nikita Chibrikov,R,WPG,31,8.1,0.6,0.6,1.2
795,8477993,Justin Kirkland,C,CGY,28,7.7,0.5,0.7,1.2
796,8479330,Brandon Gignac,C,MTL,27,10.5,1.0,0.1,1.1
797,8481024,Linus Karlsson,C,VAN,25,9.8,0.5,0.5,1.0
798,8480874,Adam Ginning,D,PHI,24,8.2,0.4,0.6,1.0
799,8484304,Uvis Balinskis,D,FLA,28,9.4,0.2,0.8,1.0
800,8477541,Dakota Mermis,D,TOR,30,9.3,0.2,0.7,0.9
801,8481578,Graeme Clarke,R,MIN,23,11.3,0.2,0.7,0.9
802,8481206,John Ludvig,D,PIT,24,10.6,0.5,0.3,0.8
803,8482476,Emil Heineman,L,MTL,23,5.4,0.4,0.3,0.7
804,8483398,Declan Carlile,D,TBL,31,6.7,0.3,0.4,0.7
805,8482460,Matt Rempe,C,NYR,22,11.8,0.4,0.2,0.6
806,8480306,Grant Hutton,D,NYI,29,7.1,0.2,0.4,0.6
807,8484255,Jason Polin,R,COL,25,4.9,0.1,0.5,0.6
808,8475780,Chris Wagner,R,COL,33,9.7,0.2,0.3,0.5
809,8481806,Louis Crevier,D,CHI,23,7.9,0.2,0.3,0.5
810,8481726,Adam Edstrom,C,NYR,24,7.4,0.3,0.1,0.4
811,8481655,Cole Schwindt,R,CGY,23,5.2,0.1,0.3,0.4
812,8482126,Emil Andrae,D,PHI,31,3.6,0.1,0.3,0.4
813,8478854,Ryan Shea,D,PIT,27,6.8,0.0,0.4,0.4
814,8483407,Brandon Scanlin,D,NYR,25,3.4,0.0,0.4,0.4
815,8483920,Pierrick Dube,R,WSH,23,4.8,0.0,0.4,0.4
816,8476323,Max McCormick,L,SEA,32,2.8,0.1,0.2,0.3
817,8484259,Ondrej Pavel,C,COL,31,3.5,0.1,0.2,0.3
818,8483546,Marshall Rifai,D,TOR,26,2.0,0.0,0.3,0.3
819,8483609,Adam Klapka,R,CGY,24,2.8,0.0,0.3,0.3
820,8483432,Luca Del Bel Belluz,C,CBJ,31,3.6,0.1,0.1,0.2
821,8483531,Brian Halonen,L,NJD,25,3.5,0.1,0.1,0.2
822,8482197,Adam Raska,R,MIN,23,5.4,0.0,0.2,0.2
823,8478956,Samuel Laberge,L,NJD,27,0.3,0.1,0.0,0.1
824,8483401,Marc Johnstone,R,PIT,28,0.9,0.1,0.0,0.1
825,8478147,Bokondji Imama,L,PIT,28,5.9,0.0,0.1,0.1
826,8480274,Philip Kemp,D,EDM,25,0.9,0.0,0.1,0.1
827,8481534,Raphael Lavoie,C,EDM,24,2.6,0.0,0.1,0.1
828,8484321,Nikolas Matinpalo,D,OTT,26,1.8,0.0,0.1,0.1
829,8484326,Patrik Koch,D,UTA,28,1.9,0.0,0.1,0.1
830,8479522,Hardy Haman Aktell,D,WSH,26,1.6,0.0,0.0,0.0
831,8483045,Cameron Butler,R,CBJ,31,0.7,0.0,0.0,0.0
