,PlayerID,Player,Position,Team,Age,Games Played,Goals,Assists,Points,TOI
1,8478483,Mitch Marner,R,TOR,27,98.0,101.0,0.0,101.0,31.0
2,8478402,Connor McDavid,C,EDM,27,97.0,85.0,0.0,85.0,41.0
3,8477934,Leon Draisaitl,C,EDM,29,95.0,77.0,0.0,77.0,45.0
4,8476853,Morgan Rielly,D,TOR,30,88.0,67.0,0.0,67.0,15.0
5,8477939,William Nylander,R,TOR,28,96.0,64.0,0.0,64.0,54.0
6,8479318,Auston Matthews,C,TOR,27,97.0,64.0,0.0,64.0,86.0
7,8477503,Max Domi,C,TOR,29,97.0,61.0,0.0,61.0,19.0
8,8480803,Evan Bouchard,D,EDM,25,98.0,51.0,0.0,51.0,13.0
9,8476454,Ryan Nugent-Hopkins,C,EDM,31,95.0,49.0,0.0,49.0,26.0
10,8475166,John Tavares,C,TOR,34,96.0,37.0,0.0,37.0,37.0
11,8475218,Mattias Ekholm,D,EDM,34,95.0,33.0,0.0,33.0,12.0
12,8475784,Jeff Skinner,C,EDM,32,92.0,32.0,0.0,32.0,24.0
13,8475786,Zach Hyman,L,EDM,32,93.0,32.0,0.0,32.0,42.0
14,8478042,Viktor Arvidsson,L,EDM,31,94.0,32.0,0.0,32.0,22.0
15,8475171,Oliver Ekman-Larsson,D,TOR,33,81.0,31.0,0.0,31.0,9.0
16,8482720,Matthew Knies,L,TOR,22,93.0,30.0,0.0,30.0,19.0
17,8480043,Timothy Liljegren,D,TOR,25,83.0,27.0,0.0,27.0,5.0
18,8474641,Adam Henrique,C,EDM,34,86.0,26.0,0.0,26.0,19.0
19,8475714,Calle Jarnkrok,C,TOR,33,95.0,25.0,0.0,25.0,14.0
20,8475169,Evander Kane,L,EDM,33,88.0,24.0,0.0,24.0,29.0
21,8481582,Nicholas Robertson,L,TOR,23,85.0,24.0,0.0,24.0,17.0
22,8477498,Darnell Nurse,D,EDM,29,97.0,23.0,0.0,23.0,13.0
23,8480144,David Kampf,C,TOR,29,89.0,21.0,0.0,21.0,13.0
24,8476967,Brett Kulak,D,EDM,30,90.0,19.0,0.0,19.0,1.0
25,8470621,Corey Perry,R,EDM,39,87.0,17.0,0.0,17.0,15.0
26,8480980,Connor Dewar,C,TOR,25,86.0,17.0,0.0,17.0,27.0
27,8476931,Jake McCabe,D,TOR,31,77.0,14.0,0.0,14.0,5.0
28,8479442,Troy Stecher,D,EDM,30,79.0,14.0,0.0,14.0,2.0
29,8477015,Connor Brown,R,EDM,30,77.0,13.0,0.0,13.0,6.0
30,8479026,Philippe Myers,D,TOR,27,61.0,13.0,0.0,13.0,5.0
31,8475690,Chris Tanev,D,TOR,35,69.0,11.0,0.0,11.0,2.0
32,8477384,Joshua Brown,D,EDM,30,79.0,11.0,0.0,11.0,1.0
33,8479982,Conor Timmins,D,TOR,26,69.0,11.0,0.0,11.0,2.0
34,8480995,Pontus Holmberg,R,TOR,25,70.0,11.0,0.0,11.0,10.0
35,8482259,Bobby McMann,C,TOR,28,75.0,11.0,0.0,11.0,14.0
36,8482634,Alex Steeves,C,TOR,25,49.0,11.0,0.0,11.0,5.0
37,8477406,Mattias Janmark,C,EDM,32,78.0,10.0,0.0,10.0,7.0
38,8478585,Derek Ryan,C,EDM,38,73.0,6.0,0.0,6.0,6.0
39,8481122,Simon Benoit,D,TOR,26,54.0,5.0,0.0,5.0,1.0
40,8481617,Vasily Podkolzin,R,EDM,23,67.0,5.0,0.0,5.0,7.0
41,8483512,Matthew Savoie,C,EDM,20,31.0,4.0,0.0,4.0,2.0
42,8477541,Dakota Mermis,D,TOR,30,13.0,3.0,0.0,3.0,0.0
43,8480834,Ty Emberson,D,EDM,24,59.0,2.0,0.0,2.0,3.0
44,8480468,James Hamblin,L,EDM,25,28.0,1.0,0.0,1.0,4.0
45,8470600,Ryan Suter,D,STL,39,0.0,0.0,0.0,0.0,0.0
46,8470613,Brent Burns,D,CAR,39,0.0,0.0,0.0,0.0,0.0
47,8471214,Alex Ovechkin,L,WSH,39,0.0,0.0,0.0,0.0,0.0
48,8471215,Evgeni Malkin,C,PIT,38,0.0,0.0,0.0,0.0,0.0
49,8471675,Sidney Crosby,C,PIT,37,0.0,0.0,0.0,0.0,0.0
50,8471677,Jack Johnson,D,CBJ,37,0.0,0.0,0.0,0.0,0.0
51,8471685,Anze Kopitar,C,LAK,37,0.0,0.0,0.0,0.0,0.0
52,8471698,T.J. Oshie,R,WSH,38,0.0,0.0,0.0,0.0,0.0
53,8471709,Marc-Edouard Vlasic,D,SJS,37,0.0,0.0,0.0,0.0,0.0
54,8471724,Kris Letang,D,PIT,37,0.0,0.0,0.0,0.0,0.0
55,8471817,Ryan Reaves,R,TOR,37,63.0,0.0,0.0,0.0,4.0
56,8473419,Brad Marchand,L,BOS,36,0.0,0.0,0.0,0.0,0.0
57,8473422,Nick Foligno,L,CHI,37,0.0,0.0,0.0,0.0,0.0
58,8473446,Erik Johnson,D,PHI,36,0.0,0.0,0.0,0.0,0.0
59,8473453,Trevor Lewis,C,LAK,37,0.0,0.0,0.0,0.0,0.0
60,8473507,Jeff Petry,D,DET,37,0.0,0.0,0.0,0.0,0.0
61,8473512,Claude Giroux,R,OTT,36,0.0,0.0,0.0,0.0,0.0
62,8473533,Jordan Staal,C,CAR,36,0.0,0.0,0.0,0.0,0.0
63,8473563,Nicklas Backstrom,C,WSH,37,0.0,0.0,0.0,0.0,0.0
64,8473986,Alex Killorn,L,ANA,35,0.0,0.0,0.0,0.0,0.0
65,8473994,Jamie Benn,L,DAL,35,0.0,0.0,0.0,0.0,0.0
66,8474013,Ian Cole,D,UTA,35,0.0,0.0,0.0,0.0,0.0
67,8474034,Patrick Maroon,L,CHI,36,0.0,0.0,0.0,0.0,0.0
68,8474053,Logan Couture,C,SJS,35,0.0,0.0,0.0,0.0,0.0
69,8474062,Riley Nash,C,NYR,35,0.0,0.0,0.0,0.0,0.0
70,8474090,Brendan Smith,D,DAL,35,0.0,0.0,0.0,0.0,0.0
71,8474102,David Perron,L,OTT,36,0.0,0.0,0.0,0.0,0.0
72,8474141,Patrick Kane,R,DET,36,0.0,0.0,0.0,0.0,0.0
73,8474145,Robert Bortuzzo,D,UTA,35,0.0,0.0,0.0,0.0,0.0
74,8474149,Evgenii Dadonov,R,DAL,35,0.0,0.0,0.0,0.0,0.0
75,8474150,Mikael Backlund,C,CGY,35,0.0,0.0,0.0,0.0,0.0
76,8474151,Ryan McDonagh,D,TBL,35,0.0,0.0,0.0,0.0,0.0
77,8474166,Alec Martinez,D,CHI,37,0.0,0.0,0.0,0.0,0.0
78,8474189,Lars Eller,C,PIT,35,0.0,0.0,0.0,0.0,0.0
79,8474563,Drew Doughty,D,LAK,35,0.0,0.0,0.0,0.0,0.0
80,8474564,Steven Stamkos,C,NSH,34,0.0,0.0,0.0,0.0,0.0
81,8474565,Alex Pietrangelo,D,VGK,34,0.0,0.0,0.0,0.0,0.0
82,8474567,Zach Bogosian,D,MIN,34,0.0,0.0,0.0,0.0,0.0
83,8474568,Luke Schenn,D,NSH,35,0.0,0.0,0.0,0.0,0.0
84,8474574,Tyler Myers,D,VAN,34,0.0,0.0,0.0,0.0,0.0
85,8474578,Erik Karlsson,D,PIT,34,0.0,0.0,0.0,0.0,0.0
86,8474586,Jordan Eberle,R,SEA,34,0.0,0.0,0.0,0.0,0.0
87,8474590,John Carlson,D,WSH,34,0.0,0.0,0.0,0.0,0.0
88,8474600,Roman Josi,D,NSH,34,0.0,0.0,0.0,0.0,0.0
89,8474612,Travis Hamonic,D,OTT,34,0.0,0.0,0.0,0.0,0.0
90,8474673,TJ Brodie,D,CHI,34,0.0,0.0,0.0,0.0,0.0
91,8474679,Gustav Nyquist,C,NSH,35,0.0,0.0,0.0,0.0,0.0
92,8474715,Cameron Atkinson,R,TBL,35,0.0,0.0,0.0,0.0,0.0
93,8474716,Jared Spurgeon,D,MIN,35,0.0,0.0,0.0,0.0,0.0
94,8475149,Marcus Johansson,L,MIN,34,0.0,0.0,0.0,0.0,0.0
95,8475151,Kyle Palmieri,C,NYI,33,0.0,0.0,0.0,0.0,0.0
96,8475158,Ryan O'Reilly,C,NSH,33,0.0,0.0,0.0,0.0,0.0
97,8475167,Victor Hedman,D,TBL,34,0.0,0.0,0.0,0.0,0.0
98,8475168,Matt Duchene,C,DAL,33,0.0,0.0,0.0,0.0,0.0
99,8475170,Brayden Schenn,C,STL,33,0.0,0.0,0.0,0.0,0.0
100,8475172,Nazem Kadri,C,CGY,34,0.0,0.0,0.0,0.0,0.0
101,8475177,Calvin de Haan,D,COL,33,0.0,0.0,0.0,0.0,0.0
102,8475179,Dmitry Kulikov,D,FLA,34,0.0,0.0,0.0,0.0,0.0
103,8475181,Nick Leddy,D,STL,33,0.0,0.0,0.0,0.0,0.0
104,8475184,Chris Kreider,L,NYR,33,0.0,0.0,0.0,0.0,0.0
105,8475188,Brayden McNabb,D,VGK,33,0.0,0.0,0.0,0.0,0.0
106,8475191,Reilly Smith,R,NYR,33,0.0,0.0,0.0,0.0,0.0
107,8475193,Tomas Tatar,L,NJD,34,0.0,0.0,0.0,0.0,0.0
108,8475200,Dmitry Orlov,D,CAR,33,0.0,0.0,0.0,0.0,0.0
109,8475208,Brian Dumoulin,D,ANA,33,0.0,0.0,0.0,0.0,0.0
110,8475220,Marcus Foligno,L,MIN,33,0.0,0.0,0.0,0.0,0.0
111,8475225,Craig Smith,C,CHI,35,0.0,0.0,0.0,0.0,0.0
112,8475231,Casey Cizikas,C,NYI,33,0.0,0.0,0.0,0.0,0.0
113,8475233,David Savard,D,MTL,34,0.0,0.0,0.0,0.0,0.0
114,8475235,Nicolas Deslauriers,L,PHI,33,0.0,0.0,0.0,0.0,0.0
115,8475279,Ben Chiarot,D,DET,33,0.0,0.0,0.0,0.0,0.0
116,8475287,Erik Haula,L,NJD,33,0.0,0.0,0.0,0.0,0.0
117,8475314,Anders Lee,L,NYI,34,0.0,0.0,0.0,0.0,0.0
118,8475324,Nick Jensen,D,OTT,34,0.0,0.0,0.0,0.0,0.0
119,8475343,Nic Dowd,C,WSH,34,0.0,0.0,0.0,0.0,0.0
120,8475413,Justin Dowling,C,NJD,34,0.0,0.0,0.0,0.0,0.0
121,8475455,Brenden Dillon,D,NJD,34,0.0,0.0,0.0,0.0,0.0
122,8475462,Radko Gudas,D,ANA,34,0.0,0.0,0.0,0.0,0.0
123,8475692,Mats Zuccarello,R,MIN,37,0.0,0.0,0.0,0.0,0.0
124,8475718,Justin Holl,D,DET,32,0.0,0.0,0.0,0.0,0.0
125,8475722,Jason Zucker,L,BUF,32,0.0,0.0,0.0,0.0,0.0
126,8475726,Tyler Toffoli,C,SJS,32,0.0,0.0,0.0,0.0,0.0
127,8475745,Charlie Coyle,C,BOS,32,0.0,0.0,0.0,0.0,0.0
128,8475750,Jon Merrill,D,MIN,32,0.0,0.0,0.0,0.0,0.0
129,8475753,Justin Faulk,D,STL,32,0.0,0.0,0.0,0.0,0.0
130,8475754,Brock Nelson,C,NYI,33,0.0,0.0,0.0,0.0,0.0
131,8475755,Alexander Petrovic,D,DAL,32,0.0,0.0,0.0,0.0,0.0
132,8475760,Nick Bjugstad,C,UTA,32,0.0,0.0,0.0,0.0,0.0
133,8475762,Derek Forbort,D,VAN,32,0.0,0.0,0.0,0.0,0.0
134,8475763,Kevin Hayes,R,PIT,32,0.0,0.0,0.0,0.0,0.0
135,8475764,Cam Fowler,D,ANA,33,0.0,0.0,0.0,0.0,0.0
136,8475765,Vladimir Tarasenko,R,DET,33,0.0,0.0,0.0,0.0,0.0
137,8475768,Jaden Schwartz,C,SEA,32,0.0,0.0,0.0,0.0,0.0
138,8475780,Chris Wagner,R,COL,33,0.0,0.0,0.0,0.0,0.0
139,8475790,Erik Gudbranson,D,CBJ,32,0.0,0.0,0.0,0.0,0.0
140,8475791,Taylor Hall,L,CHI,33,0.0,0.0,0.0,0.0,0.0
141,8475794,Tyler Seguin,C,DAL,32,0.0,0.0,0.0,0.0,0.0
142,8475795,Dylan McIlrath,D,WSH,32,0.0,0.0,0.0,0.0,0.0
143,8475798,Mikael Granlund,C,SJS,32,0.0,0.0,0.0,0.0,0.0
144,8475799,Nino Niederreiter,R,WPG,32,0.0,0.0,0.0,0.0,0.0
145,8475810,Bryan Rust,R,PIT,32,0.0,0.0,0.0,0.0,0.0
146,8475842,Sam Carrick,C,NYR,32,0.0,0.0,0.0,0.0,0.0
147,8475848,Brendan Gallagher,R,MTL,32,0.0,0.0,0.0,0.0,0.0
148,8475855,Jesper Fast,R,CAR,33,0.0,0.0,0.0,0.0,0.0
149,8475913,Mark Stone,R,VGK,32,0.0,0.0,0.0,0.0,0.0
150,8475958,Michael Sgarbossa,C,WSH,32,0.0,0.0,0.0,0.0,0.0
151,8476278,Colin Blackwell,C,DAL,31,0.0,0.0,0.0,0.0,0.0
152,8476292,Ondrej Palat,L,NJD,33,0.0,0.0,0.0,0.0,0.0
153,8476312,Josh Manson,D,COL,33,0.0,0.0,0.0,0.0,0.0
154,8476323,Max McCormick,L,SEA,32,0.0,0.0,0.0,0.0,0.0
155,8476329,Travis Boyd,C,MIN,31,0.0,0.0,0.0,0.0,0.0
156,8476331,Dylan DeMelo,D,WPG,31,0.0,0.0,0.0,0.0,0.0
157,8476372,Nick Seeler,D,PHI,31,0.0,0.0,0.0,0.0,0.0
158,8476374,Sean Kuraly,C,CBJ,31,0.0,0.0,0.0,0.0,0.0
159,8476389,Vincent Trocheck,C,NYR,31,0.0,0.0,0.0,0.0,0.0
160,8476392,Adam Lowry,C,WPG,31,0.0,0.0,0.0,0.0,0.0
161,8476393,Nick Cousins,C,OTT,31,0.0,0.0,0.0,0.0,0.0
162,8476399,Blake Coleman,C,CGY,33,0.0,0.0,0.0,0.0,0.0
163,8476419,Jean-Gabriel Pageau,C,NYI,32,0.0,0.0,0.0,0.0,0.0
164,8476422,Mike Reilly,D,NYI,31,0.0,0.0,0.0,0.0,0.0
165,8476429,Scott Mayfield,D,NYI,32,0.0,0.0,0.0,0.0,0.0
166,8476432,Boone Jenner,C,CBJ,31,0.0,0.0,0.0,0.0,0.0
167,8476438,Brandon Saad,L,STL,32,0.0,0.0,0.0,0.0,0.0
168,8476441,Joel Edmundson,D,LAK,31,0.0,0.0,0.0,0.0,0.0
169,8476442,Matt Nieto,L,PIT,32,0.0,0.0,0.0,0.0,0.0
170,8476448,William Karlsson,C,VGK,31,0.0,0.0,0.0,0.0,0.0
171,8476453,Nikita Kucherov,R,TBL,31,0.0,0.0,0.0,0.0,0.0
172,8476456,Jonathan Huberdeau,C,CGY,31,0.0,0.0,0.0,0.0,0.0
173,8476457,Adam Larsson,D,SEA,32,0.0,0.0,0.0,0.0,0.0
174,8476458,Ryan Strome,C,ANA,31,0.0,0.0,0.0,0.0,0.0
175,8476459,Mika Zibanejad,C,NYR,31,0.0,0.0,0.0,0.0,0.0
176,8476460,Mark Scheifele,C,WPG,31,0.0,0.0,0.0,0.0,0.0
177,8476461,Sean Couturier,C,PHI,32,0.0,0.0,0.0,0.0,0.0
178,8476462,Dougie Hamilton,D,NJD,31,0.0,0.0,0.0,0.0,0.0
179,8476463,Jonas Brodin,D,MIN,31,0.0,0.0,0.0,0.0,0.0
180,8476467,Jamie Oleksiak,D,SEA,32,0.0,0.0,0.0,0.0,0.0
181,8476468,J.T. Miller,C,VAN,31,0.0,0.0,0.0,0.0,0.0
182,8476469,Joel Armia,R,MTL,31,0.0,0.0,0.0,0.0,0.0
183,8476473,Connor Murphy,D,CHI,31,0.0,0.0,0.0,0.0,0.0
184,8476474,Stefan Noesen,R,NJD,31,0.0,0.0,0.0,0.0,0.0
185,8476479,Phillip Danault,C,LAK,31,0.0,0.0,0.0,0.0,0.0
186,8476480,Vladislav Namestnikov,C,WPG,32,0.0,0.0,0.0,0.0,0.0
187,8476483,Rickard Rakell,R,PIT,31,0.0,0.0,0.0,0.0,0.0
188,8476525,Colin Miller,D,WPG,32,0.0,0.0,0.0,0.0,0.0
189,8476539,Jonathan Marchessault,R,NSH,34,0.0,0.0,0.0,0.0,0.0
190,8476624,Barclay Goodrow,C,SJS,31,0.0,0.0,0.0,0.0,0.0
191,8476792,Torey Krug,D,STL,33,0.0,0.0,0.0,0.0,0.0
192,8476822,Luke Glendening,C,TBL,35,0.0,0.0,0.0,0.0,0.0
193,8476826,Yanni Gourde,C,SEA,33,0.0,0.0,0.0,0.0,0.0
194,8476854,Hampus Lindholm,D,BOS,30,0.0,0.0,0.0,0.0,0.0
195,8476856,Mathew Dumba,D,DAL,30,0.0,0.0,0.0,0.0,0.0
196,8476858,Phillip Di Giuseppe,L,VAN,31,0.0,0.0,0.0,0.0,0.0
197,8476867,Brendan Gaunce,C,MIN,30,0.0,0.0,0.0,0.0,0.0
198,8476869,Brady Skjei,D,NSH,30,0.0,0.0,0.0,0.0,0.0
199,8476872,Scott Laughton,C,PHI,30,0.0,0.0,0.0,0.0,0.0
200,8476873,Mark Jankowski,C,NSH,30,0.0,0.0,0.0,0.0,0.0
201,8476874,Olli Maatta,D,DET,30,0.0,0.0,0.0,0.0,0.0
202,8476875,Mike Matheson,D,MTL,30,0.0,0.0,0.0,0.0,0.0
203,8476878,Zemgus Girgensons,C,TBL,30,0.0,0.0,0.0,0.0,0.0
204,8476879,Cody Ceci,D,SJS,31,0.0,0.0,0.0,0.0,0.0
205,8476880,Tom Wilson,R,WSH,30,0.0,0.0,0.0,0.0,0.0
206,8476881,Tomas Hertl,C,VGK,31,0.0,0.0,0.0,0.0,0.0
207,8476882,Teuvo Teravainen,C,CHI,30,0.0,0.0,0.0,0.0,0.0
208,8476885,Jacob Trouba,D,NYR,30,0.0,0.0,0.0,0.0,0.0
209,8476887,Filip Forsberg,L,NSH,30,0.0,0.0,0.0,0.0,0.0
210,8476889,Radek Faksa,C,STL,30,0.0,0.0,0.0,0.0,0.0
211,8476891,Matthew Grzelcyk,D,PIT,30,0.0,0.0,0.0,0.0,0.0
212,8476892,Colton Parayko,D,STL,31,0.0,0.0,0.0,0.0,0.0
213,8476897,Oskar Sundqvist,C,STL,30,0.0,0.0,0.0,0.0,0.0
214,8476902,Esa Lindell,D,DAL,30,0.0,0.0,0.0,0.0,0.0
215,8476905,Chandler Stephenson,C,SEA,30,0.0,0.0,0.0,0.0,0.0
216,8476906,Shayne Gostisbehere,D,CAR,31,0.0,0.0,0.0,0.0,0.0
217,8476913,Devin Shore,C,MIN,30,0.0,0.0,0.0,0.0,0.0
218,8476917,Adam Pelech,D,NYI,30,0.0,0.0,0.0,0.0,0.0
219,8476918,Jimmy Vesey,L,NYR,31,0.0,0.0,0.0,0.0,0.0
220,8476921,Jordan Martinook,L,CAR,32,0.0,0.0,0.0,0.0,0.0
221,8476923,Damon Severson,D,CBJ,30,0.0,0.0,0.0,0.0,0.0
222,8476925,Colton Sissons,C,NSH,31,0.0,0.0,0.0,0.0,0.0
223,8476927,Teddy Blueger,C,VAN,30,0.0,0.0,0.0,0.0,0.0
224,8476934,Brock McGinn,L,ANA,30,0.0,0.0,0.0,0.0,0.0
225,8476952,Dominic Toninato,C,WPG,30,0.0,0.0,0.0,0.0,0.0
226,8476958,Jaccob Slavin,D,CAR,30,0.0,0.0,0.0,0.0,0.0
227,8476960,Andreas Athanasiou,C,CHI,30,0.0,0.0,0.0,0.0,0.0
228,8476979,Erik Gustafsson,D,DET,32,0.0,0.0,0.0,0.0,0.0
229,8476981,Josh Anderson,R,MTL,30,0.0,0.0,0.0,0.0,0.0
230,8476988,Matt Benning,D,SJS,30,0.0,0.0,0.0,0.0,0.0
231,8476994,Vinnie Hinostroza,C,NSH,30,0.0,0.0,0.0,0.0,0.0
232,8477018,Ben Hutton,D,VGK,31,0.0,0.0,0.0,0.0,0.0
233,8477021,Alex Kerfoot,C,UTA,30,0.0,0.0,0.0,0.0,0.0
234,8477034,Jaycob Megna,D,FLA,32,0.0,0.0,0.0,0.0,0.0
235,8477070,Liam O'Brien,C,UTA,30,0.0,0.0,0.0,0.0,0.0
236,8477073,Kurtis MacDermid,L,NJD,30,0.0,0.0,0.0,0.0,0.0
237,8477149,Scott Sabourin,R,SJS,32,0.0,0.0,0.0,0.0,0.0
238,8477220,Nate Schmidt,D,FLA,33,0.0,0.0,0.0,0.0,0.0
239,8477244,Chad Ruhwedel,D,NYR,34,0.0,0.0,0.0,0.0,0.0
240,8477320,Anton Blidh,L,NYR,29,0.0,0.0,0.0,0.0,0.0
241,8477335,Kyle Burroughs,D,LAK,29,0.0,0.0,0.0,0.0,0.0
242,8477346,MacKenzie Weegar,D,CGY,30,0.0,0.0,0.0,0.0,0.0
243,8477353,Tyler Motte,C,DET,29,0.0,0.0,0.0,0.0,0.0
244,8477365,Connor Clifton,D,BUF,29,0.0,0.0,0.0,0.0,0.0
245,8477369,Carson Soucy,D,VAN,30,0.0,0.0,0.0,0.0,0.0
246,8477380,Jonny Brodzinski,C,NYR,31,0.0,0.0,0.0,0.0,0.0
247,8477392,Hudson Fasching,R,NYI,29,0.0,0.0,0.0,0.0,0.0
248,8477401,John Hayden,C,SEA,29,0.0,0.0,0.0,0.0,0.0
249,8477402,Pavel Buchnevich,L,STL,29,0.0,0.0,0.0,0.0,0.0
250,8477404,Jake Guentzel,C,TBL,30,0.0,0.0,0.0,0.0,0.0
251,8477407,Anthony Duclair,L,NYI,29,0.0,0.0,0.0,0.0,0.0
252,8477409,Carter Verhaeghe,C,FLA,29,0.0,0.0,0.0,0.0,0.0
253,8477416,Oliver Bjorkstrand,R,SEA,29,0.0,0.0,0.0,0.0,0.0
254,8477425,Miles Wood,L,COL,29,0.0,0.0,0.0,0.0,0.0
255,8477426,Nicholas Paul,L,TBL,29,0.0,0.0,0.0,0.0,0.0
256,8477429,Andrew Copp,C,DET,30,0.0,0.0,0.0,0.0,0.0
257,8477435,Ryan Graves,D,PIT,29,0.0,0.0,0.0,0.0,0.0
258,8477444,Andre Burakovsky,L,SEA,29,0.0,0.0,0.0,0.0,0.0
259,8477446,Michael McCarron,R,NSH,29,0.0,0.0,0.0,0.0,0.0
260,8477447,Shea Theodore,D,VGK,29,0.0,0.0,0.0,0.0,0.0
261,8477450,Jason Dickinson,C,CHI,29,0.0,0.0,0.0,0.0,0.0
262,8477451,Ryan Hartman,R,MIN,30,0.0,0.0,0.0,0.0,0.0
263,8477456,J.T. Compher,L,DET,29,0.0,0.0,0.0,0.0,0.0
264,8477462,Robert Hagg,D,VGK,29,0.0,0.0,0.0,0.0,0.0
265,8477467,Gustav Olofsson,D,SEA,30,0.0,0.0,0.0,0.0,0.0
266,8477473,Justin Bailey,R,SJS,29,0.0,0.0,0.0,0.0,0.0
267,8477476,Artturi Lehkonen,L,COL,29,0.0,0.0,0.0,0.0,0.0
268,8477478,William Carrier,L,CAR,30,0.0,0.0,0.0,0.0,0.0
269,8477479,Tyler Bertuzzi,L,CHI,29,0.0,0.0,0.0,0.0,0.0
270,8477482,Zachary Sanford,L,CHI,30,0.0,0.0,0.0,0.0,0.0
271,8477488,Brett Pesce,D,NJD,30,0.0,0.0,0.0,0.0,0.0
272,8477492,Nathan MacKinnon,C,COL,29,0.0,0.0,0.0,0.0,0.0
273,8477493,Aleksander Barkov,C,FLA,29,0.0,0.0,0.0,0.0,0.0
274,8477494,Jonathan Drouin,L,COL,29,0.0,0.0,0.0,0.0,0.0
275,8477495,Seth Jones,D,CHI,30,0.0,0.0,0.0,0.0,0.0
276,8477496,Elias Lindholm,C,BOS,30,0.0,0.0,0.0,0.0,0.0
277,8477497,Sean Monahan,C,CBJ,30,0.0,0.0,0.0,0.0,0.0
278,8477499,Rasmus Ristolainen,D,PHI,30,0.0,0.0,0.0,0.0,0.0
279,8477500,Bo Horvat,C,NYI,29,0.0,0.0,0.0,0.0,0.0
280,8477501,Valeri Nichushkin,R,COL,29,0.0,0.0,0.0,0.0,0.0
281,8477504,Josh Morrissey,D,WPG,29,0.0,0.0,0.0,0.0,0.0
282,8477505,Alexander Wennberg,C,SJS,30,0.0,0.0,0.0,0.0,0.0
283,8477506,Ryan Pulock,D,NYI,30,0.0,0.0,0.0,0.0,0.0
284,8477507,Nikita Zadorov,D,BOS,29,0.0,0.0,0.0,0.0,0.0
285,8477508,Curtis Lazar,C,NJD,29,0.0,0.0,0.0,0.0,0.0
286,8477511,Anthony Mantha,R,CGY,30,0.0,0.0,0.0,0.0,0.0
287,8477527,Ross Johnston,L,ANA,30,0.0,0.0,0.0,0.0,0.0
288,8477573,Nathan Walker,L,STL,30,0.0,0.0,0.0,0.0,0.0
289,8477810,Joel Hanley,D,CGY,33,0.0,0.0,0.0,0.0,0.0
290,8477839,Conor Sheary,L,TBL,32,0.0,0.0,0.0,0.0,0.0
291,8477845,Trevor van Riemsdyk,D,WSH,33,0.0,0.0,0.0,0.0,0.0
292,8477851,Jordan Oesterle,D,BOS,32,0.0,0.0,0.0,0.0,0.0
293,8477887,Patrick Brown,C,BOS,32,0.0,0.0,0.0,0.0,0.0
294,8477903,Garnet Hathaway,R,PHI,33,0.0,0.0,0.0,0.0,0.0
295,8477919,Frederick Gaudreau,C,MIN,31,0.0,0.0,0.0,0.0,0.0
296,8477931,Tomas Nosek,L,FLA,32,0.0,0.0,0.0,0.0,0.0
297,8477932,Aaron Ekblad,D,FLA,28,0.0,0.0,0.0,0.0,0.0
298,8477933,Sam Reinhart,C,FLA,29,0.0,0.0,0.0,0.0,0.0
299,8477935,Sam Bennett,C,FLA,28,0.0,0.0,0.0,0.0,0.0
300,8477938,Haydn Fleury,D,WPG,28,0.0,0.0,0.0,0.0,0.0
301,8477940,Nikolaj Ehlers,L,WPG,28,0.0,0.0,0.0,0.0,0.0
302,8477942,Kevin Fiala,L,LAK,28,0.0,0.0,0.0,0.0,0.0
303,8477946,Dylan Larkin,C,DET,28,0.0,0.0,0.0,0.0,0.0
304,8477947,Sonny Milano,L,WSH,28,0.0,0.0,0.0,0.0,0.0
305,8477948,Travis Sanheim,D,PHI,28,0.0,0.0,0.0,0.0,0.0
306,8477949,Alex Tuch,R,BUF,28,0.0,0.0,0.0,0.0,0.0
307,8477951,Nick Schmaltz,C,UTA,28,0.0,0.0,0.0,0.0,0.0
308,8477952,Robby Fabbri,C,ANA,28,0.0,0.0,0.0,0.0,0.0
309,8477953,Kasperi Kapanen,R,STL,28,0.0,0.0,0.0,0.0,0.0
310,8477955,Jared McCann,L,SEA,28,0.0,0.0,0.0,0.0,0.0
311,8477956,David Pastrnak,R,BOS,28,0.0,0.0,0.0,0.0,0.0
312,8477960,Adrian Kempe,R,LAK,28,0.0,0.0,0.0,0.0,0.0
313,8477962,Brendan Lemieux,L,CAR,28,0.0,0.0,0.0,0.0,0.0
314,8477964,Ivan Barbashev,C,VGK,29,0.0,0.0,0.0,0.0,0.0
315,8477969,Marcus Pettersson,D,PIT,28,0.0,0.0,0.0,0.0,0.0
316,8477971,Andreas Englund,D,LAK,28,0.0,0.0,0.0,0.0,0.0
317,8477979,Nicolas Aube-Kubel,R,BUF,28,0.0,0.0,0.0,0.0,0.0
318,8477986,Brandon Montour,D,SEA,30,0.0,0.0,0.0,0.0,0.0
319,8477987,Ryan Donato,C,CHI,28,0.0,0.0,0.0,0.0,0.0
320,8477989,Christian Dvorak,C,MTL,28,0.0,0.0,0.0,0.0,0.0
321,8477993,Justin Kirkland,C,CGY,28,0.0,0.0,0.0,0.0,0.0
322,8477998,Warren Foegele,L,LAK,28,0.0,0.0,0.0,0.0,0.0
323,8478010,Brayden Point,C,TBL,28,0.0,0.0,0.0,0.0,0.0
324,8478011,Louie Belpedio,D,PHI,28,0.0,0.0,0.0,0.0,0.0
325,8478013,Jake Walman,D,SJS,28,0.0,0.0,0.0,0.0,0.0
326,8478017,Mark Friedman,D,VAN,29,0.0,0.0,0.0,0.0,0.0
327,8478020,Michael Amadio,R,OTT,28,0.0,0.0,0.0,0.0,0.0
328,8478021,William Lagesson,D,DET,28,0.0,0.0,0.0,0.0,0.0
329,8478038,Devon Toews,D,COL,30,0.0,0.0,0.0,0.0,0.0
330,8478043,Sam Lafferty,C,BUF,29,0.0,0.0,0.0,0.0,0.0
331,8478046,Danton Heinen,L,VAN,29,0.0,0.0,0.0,0.0,0.0
332,8478047,Michael Bunting,L,PIT,29,0.0,0.0,0.0,0.0,0.0
333,8478051,Max Willman,C,NJD,29,0.0,0.0,0.0,0.0,0.0
334,8478055,Gustav Forsling,D,FLA,28,0.0,0.0,0.0,0.0,0.0
335,8478057,Dakota Joshua,C,VAN,28,0.0,0.0,0.0,0.0,0.0
336,8478109,Victor Olofsson,L,VGK,29,0.0,0.0,0.0,0.0,0.0
337,8478115,Pierre Engvall,L,NYI,28,0.0,0.0,0.0,0.0,0.0
338,8478133,Jake Evans,C,MTL,28,0.0,0.0,0.0,0.0,0.0
339,8478136,Jake Middleton,D,MIN,28,0.0,0.0,0.0,0.0,0.0
340,8478146,Matthew Highmore,C,OTT,28,0.0,0.0,0.0,0.0,0.0
341,8478147,Bokondji Imama,L,PIT,28,0.0,0.0,0.0,0.0,0.0
342,8478178,Darren Raddysh,D,TBL,28,0.0,0.0,0.0,0.0,0.0
343,8478211,Dryden Hunt,L,CGY,29,0.0,0.0,0.0,0.0,0.0
344,8478233,Andrew Mangiapane,L,WSH,28,0.0,0.0,0.0,0.0,0.0
345,8478366,Frank Vatrano,R,ANA,30,0.0,0.0,0.0,0.0,0.0
346,8478396,Noah Hanifin,D,VGK,27,0.0,0.0,0.0,0.0,0.0
347,8478397,Rasmus Andersson,D,CGY,28,0.0,0.0,0.0,0.0,0.0
348,8478398,Kyle Connor,L,WPG,28,0.0,0.0,0.0,0.0,0.0
349,8478399,Jonas Siegenthaler,D,NJD,27,0.0,0.0,0.0,0.0,0.0
350,8478401,Pavel Zacha,C,BOS,27,0.0,0.0,0.0,0.0,0.0
351,8478403,Jack Eichel,C,VGK,28,0.0,0.0,0.0,0.0,0.0
352,8478407,Vince Dunn,D,SEA,28,0.0,0.0,0.0,0.0,0.0
353,8478409,Anthony Richard,C,PHI,28,0.0,0.0,0.0,0.0,0.0
354,8478413,Jordan Greenway,L,BUF,27,0.0,0.0,0.0,0.0,0.0
355,8478414,Timo Meier,R,NJD,28,0.0,0.0,0.0,0.0,0.0
356,8478416,Erik Cernak,D,TBL,27,0.0,0.0,0.0,0.0,0.0
357,8478420,Mikko Rantanen,R,COL,28,0.0,0.0,0.0,0.0,0.0
358,8478421,A.J. Greer,L,FLA,28,0.0,0.0,0.0,0.0,0.0
359,8478424,Jansen Harkins,C,ANA,27,0.0,0.0,0.0,0.0,0.0
360,8478427,Sebastian Aho,C,CAR,27,0.0,0.0,0.0,0.0,0.0
361,8478430,Oliver Kylington,D,COL,27,0.0,0.0,0.0,0.0,0.0
362,8478432,Christian Fischer,R,DET,27,0.0,0.0,0.0,0.0,0.0
363,8478434,Keegan Kolesar,R,VGK,27,0.0,0.0,0.0,0.0,0.0
364,8478438,Tommy Novak,C,NSH,27,0.0,0.0,0.0,0.0,0.0
365,8478439,Travis Konecny,R,PHI,27,0.0,0.0,0.0,0.0,0.0
366,8478440,Dylan Strome,C,WSH,27,0.0,0.0,0.0,0.0,0.0
367,8478443,Brandon Carlo,D,BOS,28,0.0,0.0,0.0,0.0,0.0
368,8478444,Brock Boeser,R,VAN,27,0.0,0.0,0.0,0.0,0.0
369,8478445,Mathew Barzal,C,NYI,27,0.0,0.0,0.0,0.0,0.0
370,8478446,Glenn Gawdin,C,LAK,27,0.0,0.0,0.0,0.0,0.0
371,8478449,Roope Hintz,C,DAL,28,0.0,0.0,0.0,0.0,0.0
372,8478450,Parker Wotherspoon,D,BOS,27,0.0,0.0,0.0,0.0,0.0
373,8478451,Ethan Bear,D,WSH,27,0.0,0.0,0.0,0.0,0.0
374,8478452,Caleb Jones,D,LAK,27,0.0,0.0,0.0,0.0,0.0
375,8478454,Noah Juulsen,D,VAN,27,0.0,0.0,0.0,0.0,0.0
376,8478458,John (Jack) Roslovic,C,CAR,27,0.0,0.0,0.0,0.0,0.0
377,8478460,Zach Werenski,D,CBJ,27,0.0,0.0,0.0,0.0,0.0
378,8478462,Nicolas Roy,C,VGK,27,0.0,0.0,0.0,0.0,0.0
379,8478463,Anthony Beauvillier,L,PIT,27,0.0,0.0,0.0,0.0,0.0
380,8478466,Daniel Sprong,R,VAN,27,0.0,0.0,0.0,0.0,0.0
381,8478468,Jeremy Lauzon,D,NSH,27,0.0,0.0,0.0,0.0,0.0
382,8478469,Thomas Chabot,D,OTT,27,0.0,0.0,0.0,0.0,0.0
383,8478472,Mathieu Joseph,R,STL,27,0.0,0.0,0.0,0.0,0.0
384,8478474,Lawson Crouse,L,UTA,27,0.0,0.0,0.0,0.0,0.0
385,8478477,Mitchell Stephens,C,SEA,27,0.0,0.0,0.0,0.0,0.0
386,8478493,Joel Eriksson Ek,C,MIN,27,0.0,0.0,0.0,0.0,0.0
387,8478498,Jake DeBrusk,L,VAN,28,0.0,0.0,0.0,0.0,0.0
388,8478500,Ivan Provorov,D,CBJ,27,0.0,0.0,0.0,0.0,0.0
389,8478502,Dennis Gilbert,D,BUF,28,0.0,0.0,0.0,0.0,0.0
390,8478507,John Marino,D,UTA,27,0.0,0.0,0.0,0.0,0.0
391,8478508,Yakov Trenin,C,MIN,27,0.0,0.0,0.0,0.0,0.0
392,8478519,Anthony Cirelli,C,TBL,27,0.0,0.0,0.0,0.0,0.0
393,8478542,Evan Rodrigues,C,FLA,31,0.0,0.0,0.0,0.0,0.0
394,8478550,Artemi Panarin,L,NYR,33,0.0,0.0,0.0,0.0,0.0
395,8478569,Noel Acciari,C,PIT,33,0.0,0.0,0.0,0.0,0.0
396,8478831,Kevin Stenlund,C,UTA,28,0.0,0.0,0.0,0.0,0.0
397,8478840,Will Borgen,D,SEA,28,0.0,0.0,0.0,0.0,0.0
398,8478851,Alexandre Carrier,D,NSH,28,0.0,0.0,0.0,0.0,0.0
399,8478854,Ryan Shea,D,PIT,27,0.0,0.0,0.0,0.0,0.0
400,8478856,Conor Garland,R,VAN,28,0.0,0.0,0.0,0.0,0.0
401,8478859,Niko Mikkola,D,FLA,28,0.0,0.0,0.0,0.0,0.0
402,8478864,Kirill Kaprizov,L,MIN,27,0.0,0.0,0.0,0.0,0.0
403,8478873,Troy Terry,R,ANA,27,0.0,0.0,0.0,0.0,0.0
404,8478874,Adam Gaudette,R,OTT,28,0.0,0.0,0.0,0.0,0.0
405,8478881,Brett Seney,L,CHI,28,0.0,0.0,0.0,0.0,0.0
406,8478882,Vladislav Gavrikov,D,LAK,29,0.0,0.0,0.0,0.0,0.0
407,8478891,Mason Appleton,C,WPG,28,0.0,0.0,0.0,0.0,0.0
408,8478911,Matt Roy,D,WSH,29,0.0,0.0,0.0,0.0,0.0
409,8478956,Samuel Laberge,L,NJD,27,0.0,0.0,0.0,0.0,0.0
410,8478970,Jalen Chatfield,D,CAR,28,0.0,0.0,0.0,0.0,0.0
411,8478975,Mason Marchment,L,DAL,29,0.0,0.0,0.0,0.0,0.0
412,8479066,Ryan Lomberg,L,CGY,30,0.0,0.0,0.0,0.0,0.0
413,8479249,Andrew Poturalski,C,SJS,30,0.0,0.0,0.0,0.0,0.0
414,8479291,Kevin Rooney,C,CGY,31,0.0,0.0,0.0,0.0,0.0
415,8479293,Brandon Tanev,L,SEA,33,0.0,0.0,0.0,0.0,0.0
416,8479314,Matthew Tkachuk,L,FLA,27,0.0,0.0,0.0,0.0,0.0
417,8479315,Joey Anderson,R,CHI,26,0.0,0.0,0.0,0.0,0.0
418,8479316,Luke Kunin,C,SJS,27,0.0,0.0,0.0,0.0,0.0
419,8479320,Maxime Lajoie,D,SEA,27,0.0,0.0,0.0,0.0,0.0
420,8479323,Adam Fox,D,NYR,26,0.0,0.0,0.0,0.0,0.0
421,8479324,Ryan Lindgren,D,NYR,26,0.0,0.0,0.0,0.0,0.0
422,8479325,Charlie McAvoy,D,BOS,27,0.0,0.0,0.0,0.0,0.0
423,8479328,Julien Gauthier,R,NYI,27,0.0,0.0,0.0,0.0,0.0
424,8479330,Brandon Gignac,C,MTL,27,0.0,0.0,0.0,0.0,0.0
425,8479336,Carl Grundstrom,R,SJS,27,0.0,0.0,0.0,0.0,0.0
426,8479337,Alex DeBrincat,R,DET,27,0.0,0.0,0.0,0.0,0.0
427,8479339,Patrik Laine,L,MTL,26,0.0,0.0,0.0,0.0,0.0
428,8479343,Clayton Keller,R,UTA,26,0.0,0.0,0.0,0.0,0.0
429,8479344,Jesse Puljujarvi,R,PIT,26,0.0,0.0,0.0,0.0,0.0
430,8479345,Jakob Chychrun,D,WSH,26,0.0,0.0,0.0,0.0,0.0
431,8479348,Kale Clague,D,BUF,26,0.0,0.0,0.0,0.0,0.0
432,8479351,Sam Steel,C,DAL,26,0.0,0.0,0.0,0.0,0.0
433,8479353,Brett Howden,C,VGK,26,0.0,0.0,0.0,0.0,0.0
434,8479359,Beck Malenstyn,L,BUF,26,0.0,0.0,0.0,0.0,0.0
435,8479362,Riley Tufte,L,BOS,26,0.0,0.0,0.0,0.0,0.0
436,8479365,Trent Frederic,C,BOS,26,0.0,0.0,0.0,0.0,0.0
437,8479367,William Lockwood,R,FLA,26,0.0,0.0,0.0,0.0,0.0
438,8479368,Max Jones,L,BOS,26,0.0,0.0,0.0,0.0,0.0
439,8479369,Andrew Peeke,D,BOS,26,0.0,0.0,0.0,0.0,0.0
440,8479370,Tyson Jost,C,CAR,26,0.0,0.0,0.0,0.0,0.0
441,8479371,Dante Fabbro,D,NSH,26,0.0,0.0,0.0,0.0,0.0
442,8479372,Joshua Mahura,D,SEA,26,0.0,0.0,0.0,0.0,0.0
443,8479378,Logan Stanley,D,WPG,26,0.0,0.0,0.0,0.0,0.0
444,8479379,Givani Smith,R,SJS,26,0.0,0.0,0.0,0.0,0.0
445,8479385,Jordan Kyrou,C,STL,26,0.0,0.0,0.0,0.0,0.0
446,8479390,Taylor Raddysh,R,WSH,26,0.0,0.0,0.0,0.0,0.0
447,8479393,Noah Gregor,L,OTT,26,0.0,0.0,0.0,0.0,0.0
448,8479398,Samuel Girard,D,COL,26,0.0,0.0,0.0,0.0,0.0
449,8479400,Pierre-Luc Dubois,L,WSH,26,0.0,0.0,0.0,0.0,0.0
450,8479402,Jake Bean,D,CGY,26,0.0,0.0,0.0,0.0,0.0
451,8479407,Jesper Bratt,L,NJD,26,0.0,0.0,0.0,0.0,0.0
452,8479410,Mikhail Sergachev,D,UTA,26,0.0,0.0,0.0,0.0,0.0
453,8479414,Nathan Bastian,R,NJD,27,0.0,0.0,0.0,0.0,0.0
454,8479419,Brett Murray,L,BUF,26,0.0,0.0,0.0,0.0,0.0
455,8479420,Tage Thompson,C,BUF,27,0.0,0.0,0.0,0.0,0.0
456,8479421,Jacob Moverare,D,LAK,26,0.0,0.0,0.0,0.0,0.0
457,8479425,Filip Hronek,D,VAN,27,0.0,0.0,0.0,0.0,0.0
458,8479439,Jacob MacDonald,D,COL,31,0.0,0.0,0.0,0.0,0.0
459,8479520,Brandon Duhaime,R,WSH,27,0.0,0.0,0.0,0.0,0.0
460,8479522,Hardy Haman Aktell,D,WSH,26,0.0,0.0,0.0,0.0,0.0
461,8479525,Ross Colton,C,COL,28,0.0,0.0,0.0,0.0,0.0
462,8479536,Axel Jonsson-Fjallby,L,WPG,26,0.0,0.0,0.0,0.0,0.0
463,8479542,Brandon Hagel,L,TBL,26,0.0,0.0,0.0,0.0,0.0
464,8479543,Michael Pezzetta,L,MTL,26,0.0,0.0,0.0,0.0,0.0
465,8479547,Matthew Phillips,R,COL,26,0.0,0.0,0.0,0.0,0.0
466,8479576,Vincent Desharnais,D,VAN,28,0.0,0.0,0.0,0.0,0.0
467,8479587,Rhett Gardner,C,PHI,28,0.0,0.0,0.0,0.0,0.0
468,8479591,Michael Eyssimont,C,TBL,28,0.0,0.0,0.0,0.0,0.0
469,8479619,Michael Carcone,L,UTA,28,0.0,0.0,0.0,0.0,0.0
470,8479638,Justin Brazeau,R,BOS,26,0.0,0.0,0.0,0.0,0.0
471,8479639,Dylan Coghlan,D,WPG,26,0.0,0.0,0.0,0.0,0.0
472,8479661,Tanner Jeannot,L,LAK,27,0.0,0.0,0.0,0.0,0.0
473,8479671,Mathieu Olivier,R,CBJ,27,0.0,0.0,0.0,0.0,0.0
474,8479675,Trevor Moore,L,LAK,29,0.0,0.0,0.0,0.0,0.0
475,8479718,Alex Barré-Boulet,C,MTL,27,0.0,0.0,0.0,0.0,0.0
476,8479772,Zack MacEwen,R,OTT,28,0.0,0.0,0.0,0.0,0.0
477,8479941,Justin Danforth,R,CBJ,31,0.0,0.0,0.0,0.0,0.0
478,8479944,Zach Aston-Reese,C,VGK,30,0.0,0.0,0.0,0.0,0.0
479,8479968,Vinni Lettieri,C,BOS,29,0.0,0.0,0.0,0.0,0.0
480,8479972,Mason Shaw,C,WPG,26,0.0,0.0,0.0,0.0,0.0
481,8479976,Juuso Valimaki,D,UTA,26,0.0,0.0,0.0,0.0,0.0
482,8479980,Nicolas Hague,D,VGK,26,0.0,0.0,0.0,0.0,0.0
483,8479981,Jonah Gadjovich,L,FLA,26,0.0,0.0,0.0,0.0,0.0
484,8479983,Mario Ferraro,D,SJS,26,0.0,0.0,0.0,0.0,0.0
485,8479985,Cale Fleury,D,SEA,26,0.0,0.0,0.0,0.0,0.0
486,8479986,Kole Lind,R,DAL,26,0.0,0.0,0.0,0.0,0.0
487,8479987,Morgan Geekie,C,BOS,26,0.0,0.0,0.0,0.0,0.0
488,8479991,Jake Leschyshyn,C,NYR,25,0.0,0.0,0.0,0.0,0.0
489,8479992,Michael Rasmussen,C,DET,25,0.0,0.0,0.0,0.0,0.0
490,8479994,Jaret Anderson-Dolan,C,WPG,25,0.0,0.0,0.0,0.0,0.0
491,8479996,Cody Glass,C,PIT,25,0.0,0.0,0.0,0.0,0.0
492,8479998,Mikey Anderson,D,LAK,25,0.0,0.0,0.0,0.0,0.0
493,8479999,Casey Mittelstadt,C,COL,26,0.0,0.0,0.0,0.0,0.0
494,8480001,Urho Vaakanainen,D,ANA,25,0.0,0.0,0.0,0.0,0.0
495,8480002,Nico Hischier,C,NJD,25,0.0,0.0,0.0,0.0,0.0
496,8480003,Jesper Boqvist,C,FLA,26,0.0,0.0,0.0,0.0,0.0
497,8480007,Jonas Rondbjerg,R,VGK,25,0.0,0.0,0.0,0.0,0.0
498,8480009,Eeli Tolvanen,R,SEA,25,0.0,0.0,0.0,0.0,0.0
499,8480011,Klim Kostin,C,SJS,25,0.0,0.0,0.0,0.0,0.0
500,8480012,Elias Pettersson,C,VAN,26,0.0,0.0,0.0,0.0,0.0
501,8480014,Gabriel Vilardi,C,WPG,25,0.0,0.0,0.0,0.0,0.0
502,8480015,Owen Tippett,R,PHI,25,0.0,0.0,0.0,0.0,0.0
503,8480018,Nick Suzuki,C,MTL,25,0.0,0.0,0.0,0.0,0.0
504,8480021,Jack Studnicka,C,LAK,25,0.0,0.0,0.0,0.0,0.0
505,8480023,Robert Thomas,C,STL,25,0.0,0.0,0.0,0.0,0.0
506,8480025,MacKenzie Entwistle,R,FLA,25,0.0,0.0,0.0,0.0,0.0
507,8480027,Jason Robertson,L,DAL,25,0.0,0.0,0.0,0.0,0.0
508,8480028,Morgan Frost,C,PHI,25,0.0,0.0,0.0,0.0,0.0
509,8480032,Shane Bowers,C,NJD,25,0.0,0.0,0.0,0.0,0.0
510,8480035,Henri Jokiharju,D,BUF,25,0.0,0.0,0.0,0.0,0.0
511,8480036,Miro Heiskanen,D,DAL,25,0.0,0.0,0.0,0.0,0.0
512,8480039,Martin Necas,C,CAR,25,0.0,0.0,0.0,0.0,0.0
513,8480049,Dylan Samberg,D,WPG,25,0.0,0.0,0.0,0.0,0.0
514,8480058,Pierre-Olivier Joseph,D,STL,25,0.0,0.0,0.0,0.0,0.0
515,8480064,Josh Norris,C,OTT,25,0.0,0.0,0.0,0.0,0.0
516,8480068,Ryan Poehling,C,PHI,25,0.0,0.0,0.0,0.0,0.0
517,8480069,Cale Makar,D,COL,26,0.0,0.0,0.0,0.0,0.0
518,8480070,Ian Mitchell,D,BOS,25,0.0,0.0,0.0,0.0,0.0
519,8480073,Erik Brannstrom,D,COL,25,0.0,0.0,0.0,0.0,0.0
520,8480074,Alexandre Texier,C,STL,25,0.0,0.0,0.0,0.0,0.0
521,8480075,Cameron Crotty,D,MIN,25,0.0,0.0,0.0,0.0,0.0
522,8480078,Filip Chytil,C,NYR,25,0.0,0.0,0.0,0.0,0.0
523,8480084,Nick DeSimone,D,NJD,30,0.0,0.0,0.0,0.0,0.0
524,8480113,Alex Iafallo,L,WPG,31,0.0,0.0,0.0,0.0,0.0
525,8480145,Neal Pionk,D,WPG,29,0.0,0.0,0.0,0.0,0.0
526,8480157,Calle Rosen,D,COL,30,0.0,0.0,0.0,0.0,0.0
527,8480172,Jan Rutta,D,SJS,34,0.0,0.0,0.0,0.0,0.0
528,8480185,Eetu Luostarinen,C,FLA,26,0.0,0.0,0.0,0.0,0.0
529,8480188,Fabian Zetterlund,L,SJS,25,0.0,0.0,0.0,0.0,0.0
530,8480192,Johnathan Kovacevic,D,NJD,27,0.0,0.0,0.0,0.0,0.0
531,8480196,Jacob Bryson,D,BUF,27,0.0,0.0,0.0,0.0,0.0
532,8480205,Emil Bemstrom,C,PIT,25,0.0,0.0,0.0,0.0,0.0
533,8480208,Drake Batherson,R,OTT,26,0.0,0.0,0.0,0.0,0.0
534,8480220,Noah Cates,L,PHI,25,0.0,0.0,0.0,0.0,0.0
535,8480222,Sebastian Aho,D,PIT,28,0.0,0.0,0.0,0.0,0.0
536,8480245,Olle Lycksell,R,PHI,25,0.0,0.0,0.0,0.0,0.0
537,8480246,Nick Perbix,D,TBL,26,0.0,0.0,0.0,0.0,0.0
538,8480252,Cole Guttman,C,CHI,25,0.0,0.0,0.0,0.0,0.0
539,8480267,Sammy Walker,C,MIN,25,0.0,0.0,0.0,0.0,0.0
540,8480274,Philip Kemp,D,EDM,25,3.0,0.0,0.0,0.0,0.0
541,8480281,Alexey Toropchenko,R,STL,25,0.0,0.0,0.0,0.0,0.0
542,8480289,Morgan Barron,C,WPG,26,0.0,0.0,0.0,0.0,0.0
543,8480292,Carson Meyer,R,ANA,27,0.0,0.0,0.0,0.0,0.0
544,8480306,Grant Hutton,D,NYI,29,0.0,0.0,0.0,0.0,0.0
545,8480336,Sean Walker,D,CAR,30,0.0,0.0,0.0,0.0,0.0
546,8480355,Mark Kastelic,C,BOS,25,0.0,0.0,0.0,0.0,0.0
547,8480434,Sean Durzi,D,UTA,26,0.0,0.0,0.0,0.0,0.0
548,8480441,Trey Fix-Wolansky,R,CBJ,25,0.0,0.0,0.0,0.0,0.0
549,8480448,Parker Kelly,L,COL,25,0.0,0.0,0.0,0.0,0.0
550,8480459,Pius Suter,C,VAN,28,0.0,0.0,0.0,0.0,0.0
551,8480727,Zach Whitecloud,D,VGK,28,0.0,0.0,0.0,0.0,0.0
552,8480748,Kiefer Sherwood,L,VAN,29,0.0,0.0,0.0,0.0,0.0
553,8480762,Eric Robinson,L,CAR,29,0.0,0.0,0.0,0.0,0.0
554,8480789,Oliver Wahlstrom,R,NYI,24,0.0,0.0,0.0,0.0,0.0
555,8480796,Martin Fehervary,D,WSH,25,0.0,0.0,0.0,0.0,0.0
556,8480797,Joel Farabee,L,PHI,24,0.0,0.0,0.0,0.0,0.0
557,8480798,Philipp Kurashev,C,CHI,25,0.0,0.0,0.0,0.0,0.0
558,8480800,Quinn Hughes,D,VAN,25,0.0,0.0,0.0,0.0,0.0
559,8480801,Brady Tkachuk,L,OTT,25,0.0,0.0,0.0,0.0,0.0
560,8480802,Ryan McLeod,C,BUF,25,0.0,0.0,0.0,0.0,0.0
561,8480806,Isac Lundestrom,C,ANA,25,0.0,0.0,0.0,0.0,0.0
562,8480807,Mattias Samuelsson,D,BUF,24,0.0,0.0,0.0,0.0,0.0
563,8480813,Joe Veleno,C,DET,24,0.0,0.0,0.0,0.0,0.0
564,8480817,K'Andre Miller,D,NYR,24,0.0,0.0,0.0,0.0,0.0
565,8480823,Alexander Alexeyev,D,WSH,25,0.0,0.0,0.0,0.0,0.0
566,8480829,Jesperi Kotkaniemi,C,CAR,24,0.0,0.0,0.0,0.0,0.0
567,8480830,Andrei Svechnikov,R,CAR,24,0.0,0.0,0.0,0.0,0.0
568,8480835,Jack Drury,C,CAR,24,0.0,0.0,0.0,0.0,0.0
569,8480839,Rasmus Dahlin,D,BUF,24,0.0,0.0,0.0,0.0,0.0
570,8480844,Grigori Denisenko,L,VGK,24,0.0,0.0,0.0,0.0,0.0
571,8480845,Rasmus Kupari,C,WPG,24,0.0,0.0,0.0,0.0,0.0
572,8480848,Ty Dellandrea,C,SJS,24,0.0,0.0,0.0,0.0,0.0
573,8480849,Barrett Hayton,C,UTA,24,0.0,0.0,0.0,0.0,0.0
574,8480851,Akil Thomas,C,LAK,24,0.0,0.0,0.0,0.0,0.0
575,8480855,Jack McBain,C,UTA,24,0.0,0.0,0.0,0.0,0.0
576,8480860,Kevin Bahl,D,CGY,24,0.0,0.0,0.0,0.0,0.0
577,8480865,Noah Dobson,D,NYI,24,0.0,0.0,0.0,0.0,0.0
578,8480870,Bo Groulx,C,NYR,24,0.0,0.0,0.0,0.0,0.0
579,8480871,Adam Boqvist,D,FLA,24,0.0,0.0,0.0,0.0,0.0
580,8480873,Rasmus Sandin,D,WSH,24,0.0,0.0,0.0,0.0,0.0
581,8480874,Adam Ginning,D,PHI,24,0.0,0.0,0.0,0.0,0.0
582,8480878,Nils Lundkvist,D,DAL,24,0.0,0.0,0.0,0.0,0.0
583,8480879,Jacob Bernard-Docker,D,OTT,24,0.0,0.0,0.0,0.0,0.0
584,8480880,Jakub Lauko,C,MIN,24,0.0,0.0,0.0,0.0,0.0
585,8480887,Jordan Harris,D,CBJ,24,0.0,0.0,0.0,0.0,0.0
586,8480890,Jan Jenik,C,OTT,24,0.0,0.0,0.0,0.0,0.0
587,8480891,Michael Kesselring,D,UTA,24,0.0,0.0,0.0,0.0,0.0
588,8480893,Kirill Marchenko,R,CBJ,24,0.0,0.0,0.0,0.0,0.0
589,8480950,Ilya Lyubushkin,D,DAL,30,0.0,0.0,0.0,0.0,0.0
590,8480990,Declan Chisholm,D,MIN,24,0.0,0.0,0.0,0.0,0.0
591,8481006,Tyler Tucker,D,STL,24,0.0,0.0,0.0,0.0,0.0
592,8481013,Jonatan Berggren,R,DET,24,0.0,0.0,0.0,0.0,0.0
593,8481014,Alexander Romanov,D,NYI,24,0.0,0.0,0.0,0.0,0.0
594,8481019,David Gustafsson,C,WPG,24,0.0,0.0,0.0,0.0,0.0
595,8481024,Linus Karlsson,C,VAN,25,0.0,0.0,0.0,0.0,0.0
596,8481028,Martin Pospisil,C,CGY,25,0.0,0.0,0.0,0.0,0.0
597,8481030,Jack St. Ivany,D,PIT,25,0.0,0.0,0.0,0.0,0.0
598,8481032,Paul Cotter,C,NJD,25,0.0,0.0,0.0,0.0,0.0
599,8481043,Cole Koepke,L,BOS,26,0.0,0.0,0.0,0.0,0.0
600,8481056,Spencer Stastney,D,NSH,24,0.0,0.0,0.0,0.0,0.0
601,8481059,Scott Perunovich,D,STL,26,0.0,0.0,0.0,0.0,0.0
602,8481065,Angus Crookshank,L,OTT,25,0.0,0.0,0.0,0.0,0.0
603,8481068,Yegor Sharangovich,C,CGY,26,0.0,0.0,0.0,0.0,0.0
604,8481093,Rafael Harvey-Pinard,L,MTL,25,0.0,0.0,0.0,0.0,0.0
605,8481147,Reese Johnson,C,MIN,26,0.0,0.0,0.0,0.0,0.0
606,8481161,Jake Christiansen,D,CBJ,25,0.0,0.0,0.0,0.0,0.0
607,8481167,Brayden Pachal,D,CGY,25,0.0,0.0,0.0,0.0,0.0
608,8481178,Egor Zamula,D,PHI,24,0.0,0.0,0.0,0.0,0.0
609,8481186,Logan O'Connor,R,COL,28,0.0,0.0,0.0,0.0,0.0
610,8481206,John Ludvig,D,PIT,24,0.0,0.0,0.0,0.0,0.0
611,8481237,Kyle MacLean,C,NYI,25,0.0,0.0,0.0,0.0,0.0
612,8481422,Jake Lucchini,C,NSH,29,0.0,0.0,0.0,0.0,0.0
613,8481441,Joe Snively,C,DET,28,0.0,0.0,0.0,0.0,0.0
614,8481462,Mason Morelli,L,VGK,28,0.0,0.0,0.0,0.0,0.0
615,8481477,Nico Sturm,C,SJS,29,0.0,0.0,0.0,0.0,0.0
616,8481481,Blake Lizotte,C,PIT,27,0.0,0.0,0.0,0.0,0.0
617,8481517,Brett Leason,R,ANA,25,0.0,0.0,0.0,0.0,0.0
618,8481518,Nolan Foote,L,NJD,24,0.0,0.0,0.0,0.0,0.0
619,8481521,Ronnie Attard,D,PHI,25,0.0,0.0,0.0,0.0,0.0
620,8481522,Peyton Krebs,C,BUF,23,0.0,0.0,0.0,0.0,0.0
621,8481523,Kirby Dach,C,MTL,23,0.0,0.0,0.0,0.0,0.0
622,8481524,Bowen Byram,D,BUF,23,0.0,0.0,0.0,0.0,0.0
623,8481527,Kaedan Korczak,D,VGK,23,0.0,0.0,0.0,0.0,0.0
624,8481528,Dylan Cozens,C,BUF,23,0.0,0.0,0.0,0.0,0.0
625,8481532,Alex Turcotte,C,LAK,23,0.0,0.0,0.0,0.0,0.0
626,8481533,Trevor Zegras,C,ANA,23,0.0,0.0,0.0,0.0,0.0
627,8481534,Raphael Lavoie,C,EDM,24,2.0,0.0,0.0,0.0,0.0
628,8481535,Nils Hoglander,L,VAN,24,0.0,0.0,0.0,0.0,0.0
629,8481537,Nikita Okhotiuk,D,CGY,24,0.0,0.0,0.0,0.0,0.0
630,8481540,Cole Caufield,R,MTL,23,0.0,0.0,0.0,0.0,0.0
631,8481541,Samuel Bolduc,D,NYI,24,0.0,0.0,0.0,0.0,0.0
632,8481542,Moritz Seider,D,DET,23,0.0,0.0,0.0,0.0,0.0
633,8481543,Nikita Alexandrov,C,STL,24,0.0,0.0,0.0,0.0,0.0
634,8481546,Cam York,D,PHI,23,0.0,0.0,0.0,0.0,0.0
635,8481550,Adam Beckman,L,NJD,23,0.0,0.0,0.0,0.0,0.0
636,8481553,Bobby Brink,R,PHI,23,0.0,0.0,0.0,0.0,0.0
637,8481554,Kaapo Kakko,R,NYR,23,0.0,0.0,0.0,0.0,0.0
638,8481556,John Beecher,C,BOS,23,0.0,0.0,0.0,0.0,0.0
639,8481557,Matt Boldy,L,MIN,23,0.0,0.0,0.0,0.0,0.0
640,8481559,Jack Hughes,C,NJD,23,0.0,0.0,0.0,0.0,0.0
641,8481560,Arthur Kaliyev,R,LAK,23,0.0,0.0,0.0,0.0,0.0
642,8481564,Ryan Johnson,D,BUF,23,0.0,0.0,0.0,0.0,0.0
643,8481567,Henry Thrun,D,SJS,23,0.0,0.0,0.0,0.0,0.0
644,8481568,Alex Vlasic,D,CHI,23,0.0,0.0,0.0,0.0,0.0
645,8481577,Philip Tomasino,C,NSH,23,0.0,0.0,0.0,0.0,0.0
646,8481578,Graeme Clarke,R,MIN,23,0.0,0.0,0.0,0.0,0.0
647,8481580,Connor McMichael,C,WSH,23,0.0,0.0,0.0,0.0,0.0
648,8481581,Thomas Harley,D,DAL,23,0.0,0.0,0.0,0.0,0.0
649,8481585,Egor Afanasyev,L,SJS,23,0.0,0.0,0.0,0.0,0.0
650,8481592,Jakob Pelletier,L,CGY,23,0.0,0.0,0.0,0.0,0.0
651,8481593,Jayden Struble,D,MTL,23,0.0,0.0,0.0,0.0,0.0
652,8481596,Shane Pinto,C,OTT,24,0.0,0.0,0.0,0.0,0.0
653,8481598,Philip Broberg,D,STL,23,0.0,0.0,0.0,0.0,0.0
654,8481599,Victor Soderstrom,D,UTA,23,0.0,0.0,0.0,0.0,0.0
655,8481600,Tobias Bjornfot,D,FLA,23,0.0,0.0,0.0,0.0,0.0
656,8481601,Simon Holmstrom,R,NYI,23,0.0,0.0,0.0,0.0,0.0
657,8481604,Pavel Dorofeyev,L,VGK,24,0.0,0.0,0.0,0.0,0.0
658,8481605,Jackson LaCombe,D,ANA,23,0.0,0.0,0.0,0.0,0.0
659,8481606,Jordan Spence,D,LAK,23,0.0,0.0,0.0,0.0,0.0
660,8481609,Vladislav Kolyachonok,D,UTA,23,0.0,0.0,0.0,0.0,0.0
661,8481618,Alex Newhook,C,MTL,23,0.0,0.0,0.0,0.0,0.0
662,8481624,Ilya Mikheyev,R,CHI,30,0.0,0.0,0.0,0.0,0.0
663,8481641,Joel Kiviranta,L,COL,28,0.0,0.0,0.0,0.0,0.0
664,8481655,Cole Schwindt,R,CGY,23,0.0,0.0,0.0,0.0,0.0
665,8481656,Aliaksei Protas,C,WSH,23,0.0,0.0,0.0,0.0,0.0
666,8481679,Maxence Guenette,D,OTT,23,0.0,0.0,0.0,0.0,0.0
667,8481699,Aku Raty,R,UTA,23,0.0,0.0,0.0,0.0,0.0
668,8481701,Santeri Hatakka,D,NJD,23,0.0,0.0,0.0,0.0,0.0
669,8481703,Valtteri Puustinen,R,PIT,25,0.0,0.0,0.0,0.0,0.0
670,8481704,Juuso Parssinen,C,NSH,23,0.0,0.0,0.0,0.0,0.0
671,8481708,Zac Jones,D,NYR,24,0.0,0.0,0.0,0.0,0.0
672,8481711,Matias Maccelli,L,UTA,24,0.0,0.0,0.0,0.0,0.0
673,8481716,Dmitri Voronkov,L,CBJ,24,0.0,0.0,0.0,0.0,0.0
674,8481719,Maxwell Crozier,D,TBL,24,0.0,0.0,0.0,0.0,0.0
675,8481726,Adam Edstrom,C,NYR,24,0.0,0.0,0.0,0.0,0.0
676,8481743,Marc Del Gaizo,D,NSH,25,0.0,0.0,0.0,0.0,0.0
677,8481751,Lukas Rousek,R,BUF,25,0.0,0.0,0.0,0.0,0.0
678,8481754,Nikita Nesterenko,C,ANA,23,0.0,0.0,0.0,0.0,0.0
679,8481789,Tye Kartye,L,SEA,23,0.0,0.0,0.0,0.0,0.0
680,8481806,Louis Crevier,D,CHI,23,0.0,0.0,0.0,0.0,0.0
681,8482055,Drew O'Connor,L,PIT,26,0.0,0.0,0.0,0.0,0.0
682,8482061,Brandon Biro,L,SEA,26,0.0,0.0,0.0,0.0,0.0
683,8482062,Cole Smith,L,NSH,29,0.0,0.0,0.0,0.0,0.0
684,8482067,Connor Mackey,D,NYR,28,0.0,0.0,0.0,0.0,0.0
685,8482070,Mitchell Chaffee,R,TBL,26,0.0,0.0,0.0,0.0,0.0
686,8482073,Braden Schneider,D,NYR,23,0.0,0.0,0.0,0.0,0.0
687,8482074,Connor Zary,C,CGY,23,0.0,0.0,0.0,0.0,0.0
688,8482077,Dylan Holloway,L,STL,23,0.0,0.0,0.0,0.0,0.0
689,8482078,Lucas Raymond,L,DET,22,0.0,0.0,0.0,0.0,0.0
690,8482079,Marco Rossi,C,MIN,23,0.0,0.0,0.0,0.0,0.0
691,8482087,Kaiden Guhle,D,MTL,22,0.0,0.0,0.0,0.0,0.0
692,8482088,Justin Sourdif,R,FLA,22,0.0,0.0,0.0,0.0,0.0
693,8482089,Jake Neighbours,L,STL,22,0.0,0.0,0.0,0.0,0.0
694,8482092,Ridly Greig,C,OTT,22,0.0,0.0,0.0,0.0,0.0
695,8482093,Seth Jarvis,C,CAR,22,0.0,0.0,0.0,0.0,0.0
696,8482094,Daemon Hunt,D,MIN,22,0.0,0.0,0.0,0.0,0.0
697,8482095,Tyler Kleven,D,OTT,22,0.0,0.0,0.0,0.0,0.0
698,8482097,Jack Quinn,R,BUF,23,0.0,0.0,0.0,0.0,0.0
699,8482101,Danil Gushchin,L,SJS,22,0.0,0.0,0.0,0.0,0.0
700,8482102,Vasily Ponomarev,C,PIT,22,0.0,0.0,0.0,0.0,0.0
701,8482105,Jake Sanderson,D,OTT,22,0.0,0.0,0.0,0.0,0.0
702,8482109,Alexis Lafrenière,L,NYR,23,0.0,0.0,0.0,0.0,0.0
703,8482110,Dawson Mercer,C,NJD,23,0.0,0.0,0.0,0.0,0.0
704,8482111,Justin Barron,D,MTL,23,0.0,0.0,0.0,0.0,0.0
705,8482113,Anton Lundell,C,FLA,23,0.0,0.0,0.0,0.0,0.0
706,8482116,Tim Stützle,C,OTT,22,0.0,0.0,0.0,0.0,0.0
707,8482117,Lukas Reichel,L,CHI,22,0.0,0.0,0.0,0.0,0.0
708,8482118,Sam Colangelo,R,ANA,23,0.0,0.0,0.0,0.0,0.0
709,8482122,Brock Faber,D,MIN,22,0.0,0.0,0.0,0.0,0.0
710,8482124,Quinton Byfield,R,LAK,22,0.0,0.0,0.0,0.0,0.0
711,8482125,Alexander Holtz,R,VGK,22,0.0,0.0,0.0,0.0,0.0
712,8482126,Emil Andrae,D,PHI,31,0.0,0.0,0.0,0.0,0.0
713,8482133,Thomas Bordeleau,C,SJS,22,0.0,0.0,0.0,0.0,0.0
714,8482141,Lukas Cormier,D,VGK,22,0.0,0.0,0.0,0.0,0.0
715,8482142,Jamie Drysdale,D,PHI,22,0.0,0.0,0.0,0.0,0.0
716,8482144,Jack Thompson,D,SJS,22,0.0,0.0,0.0,0.0,0.0
717,8482145,Mavrik Bourque,C,DAL,22,0.0,0.0,0.0,0.0,0.0
718,8482146,Luke Evangelista,R,NSH,22,0.0,0.0,0.0,0.0,0.0
719,8482147,Jean-Luc Foudy,C,COL,22,0.0,0.0,0.0,0.0,0.0
720,8482148,Hendrix Lapierre,C,WSH,22,0.0,0.0,0.0,0.0,0.0
721,8482149,Cole Perfetti,C,WPG,22,0.0,0.0,0.0,0.0,0.0
722,8482153,Brendan Brisson,C,VGK,23,0.0,0.0,0.0,0.0,0.0
723,8482155,Alex Laferriere,R,LAK,23,0.0,0.0,0.0,0.0,0.0
724,8482157,Will Cuylle,L,NYR,22,0.0,0.0,0.0,0.0,0.0
725,8482159,Tyson Foerster,R,PHI,22,0.0,0.0,0.0,0.0,0.0
726,8482162,Roby Jarventie,L,EDM,22,17.0,0.0,0.0,0.0,2.0
727,8482165,Yan Kuznetsov,D,CGY,22,0.0,0.0,0.0,0.0,0.0
728,8482166,Shakir Mukhamadullin,D,SJS,22,0.0,0.0,0.0,0.0,0.0
729,8482172,Landon Slaggert,L,CHI,22,0.0,0.0,0.0,0.0,0.0
730,8482175,JJ Peterka,R,BUF,22,0.0,0.0,0.0,0.0,0.0
731,8482176,Wyatt Kaiser,D,CHI,22,0.0,0.0,0.0,0.0,0.0
732,8482177,Marat Khusnutdinov,C,MIN,22,0.0,0.0,0.0,0.0,0.0
733,8482192,Isaak Phillips,D,CHI,23,0.0,0.0,0.0,0.0,0.0
734,8482197,Adam Raska,R,MIN,23,0.0,0.0,0.0,0.0,0.0
735,8482201,Gage Goncalves,C,TBL,23,0.0,0.0,0.0,0.0,0.0
736,8482245,Artem Zub,D,OTT,29,0.0,0.0,0.0,0.0,0.0
737,8482250,Callahan Burke,C,VGK,27,0.0,0.0,0.0,0.0,0.0
738,8482451,Mikael Pyyhtia,L,CBJ,23,0.0,0.0,0.0,0.0,0.0
739,8482460,Matt Rempe,C,NYR,22,0.0,0.0,0.0,0.0,0.0
740,8482470,Ilya Solovyov,D,CGY,24,0.0,0.0,0.0,0.0,0.0
741,8482475,Yegor Chinakhov,R,CBJ,23,0.0,0.0,0.0,0.0,0.0
742,8482476,Emil Heineman,L,MTL,23,0.0,0.0,0.0,0.0,0.0
743,8482496,Nils Aman,C,VAN,24,0.0,0.0,0.0,0.0,0.0
744,8482511,Mason Lohrei,D,BOS,23,0.0,0.0,0.0,0.0,0.0
745,8482516,Matthew Kessel,D,STL,24,0.0,0.0,0.0,0.0,0.0
746,8482624,Daniil Miromanov,D,CGY,27,0.0,0.0,0.0,0.0,0.0
747,8482652,Walker Duehr,R,CGY,27,0.0,0.0,0.0,0.0,0.0
748,8482655,Janis Moser,D,TBL,24,0.0,0.0,0.0,0.0,0.0
749,8482659,Josh Doan,R,UTA,22,0.0,0.0,0.0,0.0,0.0
750,8482660,Kent Johnson,C,CBJ,22,0.0,0.0,0.0,0.0,0.0
751,8482665,Matty Beniers,C,SEA,22,0.0,0.0,0.0,0.0,0.0
752,8482666,Scott Morrow,D,CAR,22,0.0,0.0,0.0,0.0,0.0
753,8482667,William Eklund,L,SJS,22,0.0,0.0,0.0,0.0,0.0
754,8482671,Owen Power,D,BUF,22,0.0,0.0,0.0,0.0,0.0
755,8482679,Matt Coronato,R,CGY,22,0.0,0.0,0.0,0.0,0.0
756,8482684,Luke Hughes,D,NJD,21,0.0,0.0,0.0,0.0,0.0
757,8482699,Dylan Guenther,R,UTA,21,0.0,0.0,0.0,0.0,0.0
758,8482702,Logan Stankoven,C,DAL,21,0.0,0.0,0.0,0.0,0.0
759,8482705,Cole Sillinger,C,CBJ,21,0.0,0.0,0.0,0.0,0.0
760,8482712,Oskar Olausson,R,COL,22,0.0,0.0,0.0,0.0,0.0
761,8482713,Mackie Samoskevich,R,FLA,22,0.0,0.0,0.0,0.0,0.0
762,8482730,Brandt Clarke,D,LAK,21,0.0,0.0,0.0,0.0,0.0
763,8482733,Logan Mailloux,D,MTL,31,0.0,0.0,0.0,0.0,0.0
764,8482737,Zack Bolduc,C,STL,21,0.0,0.0,0.0,0.0,0.0
765,8482740,Wyatt Johnston,C,DAL,21,0.0,0.0,0.0,0.0,0.0
766,8482744,James Malatesta,L,CBJ,21,0.0,0.0,0.0,0.0,0.0
767,8482745,Mason McTavish,C,ANA,21,0.0,0.0,0.0,0.0,0.0
768,8482747,Brennan Othmann,L,NYR,21,0.0,0.0,0.0,0.0,0.0
769,8482749,Joshua Roy,R,MTL,21,0.0,0.0,0.0,0.0,0.0
770,8482751,Ryan Winterton,C,SEA,21,0.0,0.0,0.0,0.0,0.0
771,8482762,Simon Edvinsson,D,DET,21,0.0,0.0,0.0,0.0,0.0
772,8482765,Isak Rosen,R,BUF,21,0.0,0.0,0.0,0.0,0.0
773,8482784,Zach Dean,C,STL,21,0.0,0.0,0.0,0.0,0.0
774,8482787,Nikita Chibrikov,R,WPG,31,0.0,0.0,0.0,0.0,0.0
775,8482803,Olen Zellweger,D,ANA,21,0.0,0.0,0.0,0.0,0.0
776,8482807,Ethan Del Mastro,D,CHI,21,0.0,0.0,0.0,0.0,0.0
777,8482809,Jackson Blake,R,CAR,21,0.0,0.0,0.0,0.0,0.0
778,8482858,Ryker Evans,D,SEA,23,0.0,0.0,0.0,0.0,0.0
779,8482859,Zack Ostapchuk,C,OTT,21,0.0,0.0,0.0,0.0,0.0
780,8482861,Vincent Iorio,D,WSH,22,0.0,0.0,0.0,0.0,0.0
781,8482929,Emil Lilleberg,D,TBL,23,0.0,0.0,0.0,0.0,0.0
782,8482964,Arber Xhekaj,D,MTL,23,0.0,0.0,0.0,0.0,0.0
783,8483012,Logan Morrison,C,SEA,22,0.0,0.0,0.0,0.0,0.0
784,8483045,Cameron Butler,R,CBJ,31,0.0,0.0,0.0,0.0,0.0
785,8483395,Arshdeep Bains,L,VAN,23,0.0,0.0,0.0,0.0,0.0
786,8483397,Marc McLaughlin,C,BOS,25,0.0,0.0,0.0,0.0,0.0
787,8483398,Declan Carlile,D,TBL,31,0.0,0.0,0.0,0.0,0.0
788,8483401,Marc Johnstone,R,PIT,28,0.0,0.0,0.0,0.0,0.0
789,8483407,Brandon Scanlin,D,NYR,25,0.0,0.0,0.0,0.0,0.0
790,8483431,Logan Cooley,C,UTA,20,0.0,0.0,0.0,0.0,0.0
791,8483432,Luca Del Bel Belluz,C,CBJ,31,0.0,0.0,0.0,0.0,0.0
792,8483445,Cutter Gauthier,L,ANA,20,0.0,0.0,0.0,0.0,0.0
793,8483457,Lane Hutson,D,MTL,20,0.0,0.0,0.0,0.0,0.0
794,8483460,David Jiricek,D,CBJ,21,0.0,0.0,0.0,0.0,0.0
795,8483466,Kevin Korchinski,D,CHI,20,0.0,0.0,0.0,0.0,0.0
796,8483468,Jiri Kulich,C,BUF,20,0.0,0.0,0.0,0.0,0.0
797,8483471,Brad Lambert,C,WPG,31,0.0,0.0,0.0,0.0,0.0
798,8483482,Tristan Luneau,D,ANA,20,0.0,0.0,0.0,0.0,0.0
799,8483489,Fraser Minten,C,TOR,31,11.0,0.0,0.0,0.0,1.0
800,8483490,Pavel Mintyukov,D,ANA,21,0.0,0.0,0.0,0.0,0.0
801,8483491,Ivan Miroshnichenko,L,WSH,20,0.0,0.0,0.0,0.0,0.0
802,8483493,Frank Nazar,C,CHI,20,0.0,0.0,0.0,0.0,0.0
803,8483495,Simon Nemec,D,NJD,20,0.0,0.0,0.0,0.0,0.0
804,8483499,Liam Ohgren,L,MIN,20,0.0,0.0,0.0,0.0,0.0
805,8483505,Matthew Poitras,C,BOS,20,0.0,0.0,0.0,0.0,0.0
806,8483515,Juraj Slafkovsky,L,MTL,20,0.0,0.0,0.0,0.0,0.0
807,8483524,Shane Wright,C,SEA,20,0.0,0.0,0.0,0.0,0.0
808,8483531,Brian Halonen,L,NJD,25,0.0,0.0,0.0,0.0,0.0
809,8483546,Marshall Rifai,D,TOR,26,5.0,0.0,0.0,0.0,0.0
810,8483549,Lucas Condotta,L,MTL,27,0.0,0.0,0.0,0.0,0.0
811,8483565,Nick Blankenburg,D,NSH,26,0.0,0.0,0.0,0.0,0.0
812,8483567,Georgii Merkulov,C,BOS,24,0.0,0.0,0.0,0.0,0.0
813,8483570,Ben Meyers,C,SEA,26,0.0,0.0,0.0,0.0,0.0
814,8483597,Milos Kelemen,L,UTA,25,0.0,0.0,0.0,0.0,0.0
815,8483609,Adam Klapka,R,CGY,24,0.0,0.0,0.0,0.0,0.0
816,8483619,Filip Roos,D,OTT,25,0.0,0.0,0.0,0.0,0.0
817,8483630,Pavol Regenda,L,ANA,25,0.0,0.0,0.0,0.0,0.0
818,8483763,Maksymilian Szuber,D,UTA,22,0.0,0.0,0.0,0.0,0.0
819,8483808,Andrei Kuzmenko,L,CGY,28,0.0,0.0,0.0,0.0,0.0
820,8483920,Pierrick Dube,R,WSH,23,0.0,0.0,0.0,0.0,0.0
821,8484144,Connor Bedard,C,CHI,19,0.0,0.0,0.0,0.0,0.0
822,8484145,Zach Benson,L,BUF,19,0.0,0.0,0.0,0.0,0.0
823,8484149,Gavin Brindley,C,CBJ,20,0.0,0.0,0.0,0.0,0.0
824,8484153,Leo Carlsson,C,ANA,20,0.0,0.0,0.0,0.0,0.0
825,8484166,Adam Fantilli,C,CBJ,20,0.0,0.0,0.0,0.0,0.0
826,8484203,Bradly Nadeau,L,CAR,19,0.0,0.0,0.0,0.0,0.0
827,8484254,Akito Hirose,D,VAN,25,0.0,0.0,0.0,0.0,0.0
828,8484255,Jason Polin,R,COL,25,0.0,0.0,0.0,0.0,0.0
829,8484258,Sam Malinski,D,COL,26,0.0,0.0,0.0,0.0,0.0
830,8484259,Ondrej Pavel,C,COL,31,0.0,0.0,0.0,0.0,0.0
831,8484287,Cole McWard,D,VAN,23,0.0,0.0,0.0,0.0,0.0
832,8484304,Uvis Balinskis,D,FLA,28,0.0,0.0,0.0,0.0,0.0
833,8484321,Nikolas Matinpalo,D,OTT,26,0.0,0.0,0.0,0.0,0.0
834,8484325,Waltteri Merela,C,TBL,26,0.0,0.0,0.0,0.0,0.0
835,8484326,Patrik Koch,D,UTA,28,0.0,0.0,0.0,0.0,0.0
836,8484911,Collin Graf,R,SJS,22,0.0,0.0,0.0,0.0,0.0
