Simulation,PlayerID,Player,Position,Team,Age,Games Played,Goals,Assists,Points,TOI
1,8478483,Mitch Marner,R,TOR,27,98,101,0,101,31.0
1,8478402,Connor McDavid,C,EDM,27,97,85,0,85,41.0
1,8477934,Leon Draisaitl,C,EDM,29,95,77,0,77,45.0
1,8476853,Morgan Rielly,D,TOR,30,88,67,0,67,15.0
1,8477939,William Nylander,R,TOR,28,96,64,0,64,54.0
1,8479318,Auston Matthews,C,TOR,27,97,64,0,64,86.0
1,8477503,Max Domi,C,TOR,29,97,61,0,61,19.0
1,8480803,Evan Bouchard,D,EDM,25,98,51,0,51,13.0
1,8476454,Ryan Nugent-Hopkins,C,EDM,31,95,49,0,49,26.0
1,8475166,John Tavares,C,TOR,34,96,37,0,37,37.0
1,8475218,Mattias Ekholm,D,EDM,34,95,33,0,33,12.0
1,8475784,Jeff Skinner,C,EDM,32,92,32,0,32,24.0
1,8475786,Zach Hyman,L,EDM,32,93,32,0,32,42.0
1,8478042,Viktor Arvidsson,L,EDM,31,94,32,0,32,22.0
1,8475171,Oliver Ekman-Larsson,D,TOR,33,81,31,0,31,9.0
1,8482720,Matthew Knies,L,TOR,22,93,30,0,30,19.0
1,8480043,Timothy Liljegren,D,TOR,25,83,27,0,27,5.0
1,8474641,Adam Henrique,C,EDM,34,86,26,0,26,19.0
1,8475714,Calle Jarnkrok,C,TOR,33,95,25,0,25,14.0
1,8475169,Evander Kane,L,EDM,33,88,24,0,24,29.0
1,8481582,Nicholas Robertson,L,TOR,23,85,24,0,24,17.0
1,8477498,Darnell Nurse,D,EDM,29,97,23,0,23,13.0
1,8480144,David Kampf,C,TOR,29,89,21,0,21,13.0
1,8476967,Brett Kulak,D,EDM,30,90,19,0,19,1.0
1,8470621,Corey Perry,R,EDM,39,87,17,0,17,15.0
1,8480980,Connor Dewar,C,TOR,25,86,17,0,17,27.0
1,8476931,Jake McCabe,D,TOR,31,77,14,0,14,5.0
1,8479442,Troy Stecher,D,EDM,30,79,14,0,14,2.0
1,8479026,Philippe Myers,D,TOR,27,61,13,0,13,5.0
1,8477015,Connor Brown,R,EDM,30,77,13,0,13,6.0
1,8482634,Alex Steeves,C,TOR,25,49,11,0,11,5.0
1,8479982,Conor Timmins,D,TOR,26,69,11,0,11,2.0
1,8475690,Chris Tanev,D,TOR,35,69,11,0,11,2.0
1,8480995,Pontus Holmberg,R,TOR,25,70,11,0,11,10.0
1,8482259,Bobby McMann,C,TOR,28,75,11,0,11,14.0
1,8477384,Joshua Brown,D,EDM,30,79,11,0,11,1.0
1,8477406,Mattias Janmark,C,EDM,32,78,10,0,10,7.0
1,8478585,Derek Ryan,C,EDM,38,73,6,0,6,6.0
1,8481617,Vasily Podkolzin,R,EDM,23,67,5,0,5,7.0
1,8481122,Simon Benoit,D,TOR,26,54,5,0,5,1.0
1,8483512,Matthew Savoie,C,EDM,20,31,4,0,4,2.0
1,8477541,Dakota Mermis,D,TOR,30,13,3,0,3,0.0
1,8480834,Ty Emberson,D,EDM,24,59,2,0,2,3.0
1,8480468,James Hamblin,L,EDM,25,28,1,0,1,4.0
1,8476453,Nikita Kucherov,R,TBL,31,0,0,0,0,0.0
1,8481703,Valtteri Puustinen,R,PIT,25,0,0,0,0,0.0
1,8479249,Andrew Poturalski,C,SJS,30,0,0,0,0,0.0
1,8478550,Artemi Panarin,L,NYR,33,0,0,0,0,0.0
1,8477492,Nathan MacKinnon,C,COL,29,0,0,0,0,0.0
1,8479314,Matthew Tkachuk,L,FLA,27,0,0,0,0,0.0
1,8481019,David Gustafsson,C,WPG,24,0,0,0,0,0.0
1,8480800,Quinn Hughes,D,VAN,25,0,0,0,0,0.0
1,8477493,Aleksander Barkov,C,FLA,29,0,0,0,0,0.0
1,8480069,Cale Makar,D,COL,26,0,0,0,0,0.0
1,8479323,Adam Fox,D,NYR,26,0,0,0,0,0.0
1,8476468,J.T. Miller,C,VAN,31,0,0,0,0,0.0
1,8480023,Robert Thomas,C,STL,25,0,0,0,0,0.0
1,8480027,Jason Robertson,L,DAL,25,0,0,0,0,0.0
1,8478445,Mathew Barzal,C,NYI,27,0,0,0,0,0.0
1,8481559,Jack Hughes,C,NJD,23,0,0,0,0,0.0
1,8475692,Mats Zuccarello,R,MIN,37,0,0,0,0,0.0
1,8474600,Roman Josi,D,NSH,34,0,0,0,0,0.0
1,8479407,Jesper Bratt,L,NJD,26,0,0,0,0,0.0
1,8476456,Jonathan Huberdeau,C,CGY,31,0,0,0,0,0.0
1,8476346,Johnny Gaudreau,L,,31,0,0,0,0,0.0
1,8482684,Luke Hughes,D,NJD,21,0,0,0,0,0.0
1,8477447,Shea Theodore,D,VGK,29,0,0,0,0,0.0
1,8477942,Kevin Fiala,L,LAK,28,0,0,0,0,0.0
1,8480012,Elias Pettersson,C,VAN,26,0,0,0,0,0.0
1,8477956,David Pastrnak,R,BOS,28,0,0,0,0,0.0
1,8471675,Sidney Crosby,C,PIT,37,0,0,0,0,0.0
1,8481604,Pavel Dorofeyev,L,VGK,24,0,0,0,0,0.0
1,8475167,Victor Hedman,D,TBL,34,0,0,0,0,0.0
1,8480830,Andrei Svechnikov,R,CAR,24,0,0,0,0,0.0
1,8478420,Mikko Rantanen,R,COL,28,0,0,0,0,0.0
1,8475913,Mark Stone,R,VGK,32,0,0,0,0,0.0
1,8482116,Tim Stützle,C,OTT,22,0,0,0,0,0.0
1,8483490,Pavel Mintyukov,D,ANA,21,0,0,0,0,0.0
1,8474564,Steven Stamkos,C,NSH,34,0,0,0,0,0.0
1,8475172,Nazem Kadri,C,CGY,34,0,0,0,0,0.0
1,8480036,Miro Heiskanen,D,DAL,25,0,0,0,0,0.0
1,8480865,Noah Dobson,D,NYI,24,0,0,0,0,0.0
1,8478864,Kirill Kaprizov,L,MIN,27,0,0,0,0,0.0
1,8476887,Filip Forsberg,L,NSH,30,0,0,0,0,0.0
1,8471215,Evgeni Malkin,C,PIT,38,0,0,0,0,0.0
1,8482712,Oskar Olausson,R,COL,22,0,0,0,0,0.0
1,8477404,Jake Guentzel,C,TBL,30,0,0,0,0,0.0
1,8475798,Mikael Granlund,C,SJS,32,0,0,0,0,0.0
1,8470794,Joe Pavelski,C,,40,0,0,0,0,0.0
1,8480002,Nico Hischier,C,NJD,25,0,0,0,0,0.0
1,8481557,Matt Boldy,L,MIN,23,0,0,0,0,0.0
1,8473994,Jamie Benn,L,DAL,35,0,0,0,0,0.0
1,8477504,Josh Morrissey,D,WPG,29,0,0,0,0,0.0
1,8477940,Nikolaj Ehlers,L,WPG,28,0,0,0,0,0.0
1,8476459,Mika Zibanejad,C,NYR,31,0,0,0,0,0.0
1,8483505,Matthew Poitras,C,BOS,20,0,0,0,0,0.0
1,8479591,Michael Eyssimont,C,TBL,28,0,0,0,0,0.0
1,8474141,Patrick Kane,R,DET,36,0,0,0,0,0.0
1,8480835,Jack Drury,C,CAR,24,0,0,0,0,0.0
1,8474578,Erik Karlsson,D,PIT,34,0,0,0,0,0.0
1,8481711,Matias Maccelli,L,UTA,24,0,0,0,0,0.0
1,8478427,Sebastian Aho,C,CAR,27,0,0,0,0,0.0
1,8475765,Vladimir Tarasenko,R,DET,33,0,0,0,0,0.0
1,8476906,Shayne Gostisbehere,D,CAR,31,0,0,0,0,0.0
1,8479321,Lucas Johansen,D,,27,0,0,0,0,0.0
1,8477951,Nick Schmaltz,C,UTA,28,0,0,0,0,0.0
1,8478407,Vince Dunn,D,SEA,28,0,0,0,0,0.0
1,8476905,Chandler Stephenson,C,SEA,30,0,0,0,0,0.0
1,8482699,Dylan Guenther,R,UTA,21,0,0,0,0,0.0
1,8478438,Tommy Novak,C,NSH,27,0,0,0,0,0.0
1,8477402,Pavel Buchnevich,L,STL,29,0,0,0,0,0.0
1,8479325,Charlie McAvoy,D,BOS,27,0,0,0,0,0.0
1,8477946,Dylan Larkin,C,DET,28,0,0,0,0,0.0
1,8478440,Dylan Strome,C,WSH,27,0,0,0,0,0.0
1,8478047,Michael Bunting,L,PIT,29,0,0,0,0,0.0
1,8478403,Jack Eichel,C,VGK,28,0,0,0,0,0.0
1,8479999,Casey Mittelstadt,C,COL,26,0,0,0,0,0.0
1,8478038,Devon Toews,D,COL,30,0,0,0,0,0.0
1,8475168,Matt Duchene,C,DAL,33,0,0,0,0,0.0
1,8482078,Lucas Raymond,L,DET,22,0,0,0,0,0.0
1,8482097,Jack Quinn,R,BUF,23,0,0,0,0,0.0
1,8473419,Brad Marchand,L,BOS,36,0,0,0,0,0.0
1,8479343,Clayton Keller,R,UTA,26,0,0,0,0,0.0
1,8480801,Brady Tkachuk,L,OTT,25,0,0,0,0,0.0
1,8474590,John Carlson,D,WSH,34,0,0,0,0,0.0
1,8477949,Alex Tuch,R,BUF,28,0,0,0,0,0.0
1,8478460,Zach Werenski,D,CBJ,27,0,0,0,0,0.0
1,8479385,Jordan Kyrou,C,STL,26,0,0,0,0,0.0
1,8477494,Jonathan Drouin,L,COL,29,0,0,0,0,0.0
1,8471685,Anze Kopitar,C,LAK,37,0,0,0,0,0.0
1,8478975,Mason Marchment,L,DAL,29,0,0,0,0,0.0
1,8476460,Mark Scheifele,C,WPG,31,0,0,0,0,0.0
1,8477416,Oliver Bjorkstrand,R,SEA,29,0,0,0,0,0.0
1,8480839,Rasmus Dahlin,D,BUF,24,0,0,0,0,0.0
1,8476792,Torey Krug,D,STL,33,0,0,0,0,0.0
1,8474679,Gustav Nyquist,C,NSH,35,0,0,0,0,0.0
1,8478010,Brayden Point,C,TBL,28,0,0,0,0,0.0
1,8473512,Claude Giroux,R,OTT,36,0,0,0,0,0.0
1,8477409,Carter Verhaeghe,C,FLA,29,0,0,0,0,0.0
1,8480208,Drake Batherson,R,OTT,26,0,0,0,0,0.0
1,8479425,Filip Hronek,D,VAN,27,0,0,0,0,0.0
1,8471724,Kris Letang,D,PIT,37,0,0,0,0,0.0
1,8476389,Vincent Trocheck,C,NYR,31,0,0,0,0,0.0
1,8479587,Rhett Gardner,C,PHI,28,0,0,0,0,0.0
1,8479337,Alex DeBrincat,R,DET,27,0,0,0,0,0.0
1,8478449,Roope Hintz,C,DAL,28,0,0,0,0,0.0
1,8481542,Moritz Seider,D,DET,23,0,0,0,0,0.0
1,8481441,Joe Snively,C,DET,28,0,0,0,0,0.0
1,8476875,Mike Matheson,D,MTL,30,0,0,0,0,0.0
1,8479639,Dylan Coghlan,D,WPG,26,0,0,0,0,0.0
1,8474102,David Perron,L,OTT,36,0,0,0,0,0.0
1,8476882,Teuvo Teravainen,C,CHI,30,0,0,0,0,0.0
1,8478873,Troy Terry,R,ANA,27,0,0,0,0,0.0
1,8477950,Tony DeAngelo,D,,29,0,0,0,0,0.0
1,8484144,Connor Bedard,C,CHI,19,0,0,0,0,0.0
1,8478856,Conor Garland,R,VAN,28,0,0,0,0,0.0
1,8479410,Mikhail Sergachev,D,UTA,26,0,0,0,0,0.0
1,8478398,Kyle Connor,L,WPG,28,0,0,0,0,0.0
1,8477933,Sam Reinhart,C,FLA,29,0,0,0,0,0.0
1,8481577,Philip Tomasino,C,NSH,23,0,0,0,0,0.0
1,8478439,Travis Konecny,R,PHI,27,0,0,0,0,0.0
1,8479420,Tage Thompson,C,BUF,27,0,0,0,0,0.0
1,8478396,Noah Hanifin,D,VGK,27,0,0,0,0,0.0
1,8480018,Nick Suzuki,C,MTL,25,0,0,0,0,0.0
1,8482665,Matty Beniers,C,SEA,22,0,0,0,0,0.0
1,8479339,Patrik Laine,L,MTL,26,0,0,0,0,0.0
1,8471218,Blake Wheeler,R,,38,0,0,0,0,0.0
1,8479542,Brandon Hagel,L,TBL,26,0,0,0,0,0.0
1,8483524,Shane Wright,C,SEA,20,0,0,0,0,0.0
1,8477986,Brandon Montour,D,SEA,30,0,0,0,0,0.0
1,8477955,Jared McCann,L,SEA,28,0,0,0,0,0.0
1,8476448,William Karlsson,C,VGK,31,0,0,0,0,0.0
1,8478397,Rasmus Andersson,D,CGY,28,0,0,0,0,0.0
1,8479972,Mason Shaw,C,WPG,26,0,0,0,0,0.0
1,8475158,Ryan O'Reilly,C,NSH,33,0,0,0,0,0.0
1,8475197,Tyson Barrie,D,,33,0,0,0,0,0.0
1,8484145,Zach Benson,L,BUF,19,0,0,0,0,0.0
1,8480434,Sean Durzi,D,UTA,26,0,0,0,0,0.0
1,8470613,Brent Burns,D,CAR,39,0,0,0,0,0.0
1,8477444,Andre Burakovsky,L,SEA,29,0,0,0,0,0.0
1,8477496,Elias Lindholm,C,BOS,30,0,0,0,0,0.0
1,8475810,Bryan Rust,R,PIT,32,0,0,0,0,0.0
1,8478401,Pavel Zacha,C,BOS,27,0,0,0,0,0.0
1,8475170,Brayden Schenn,C,STL,33,0,0,0,0,0.0
1,8476958,Jaccob Slavin,D,CAR,30,0,0,0,0,0.0
1,8475753,Justin Faulk,D,STL,32,0,0,0,0,0.0
1,8481560,Arthur Kaliyev,R,LAK,23,0,0,0,0,0.0
1,8478466,Daniel Sprong,R,VAN,27,0,0,0,0,0.0
1,8474565,Alex Pietrangelo,D,VGK,34,0,0,0,0,0.0
1,8478469,Thomas Chabot,D,OTT,27,0,0,0,0,0.0
1,8481528,Dylan Cozens,C,BUF,23,0,0,0,0,0.0
1,8478444,Brock Boeser,R,VAN,27,0,0,0,0,0.0
1,8482093,Seth Jarvis,C,CAR,22,0,0,0,0,0.0
1,8474157,Max Pacioretty,L,,36,0,0,0,0,0.0
1,8475744,Evgeny Kuznetsov,C,,32,0,0,0,0,0.0
1,8482660,Kent Johnson,C,CBJ,22,0,0,0,0,0.0
1,8478458,John (Jack) Roslovic,C,CAR,27,0,0,0,0,0.0
1,8482133,Thomas Bordeleau,C,SJS,22,0,0,0,0,0.0
1,8480039,Martin Necas,C,CAR,25,0,0,0,0,0.0
1,8478414,Timo Meier,R,NJD,28,0,0,0,0,0.0
1,8483515,Juraj Slafkovsky,L,MTL,20,0,0,0,0,0.0
1,8482124,Quinton Byfield,R,LAK,22,0,0,0,0,0.0
1,8478493,Joel Eriksson Ek,C,MIN,27,0,0,0,0,0.0
1,8476979,Erik Gustafsson,D,DET,32,0,0,0,0,0.0
1,8477501,Valeri Nichushkin,R,COL,29,0,0,0,0,0.0
1,8474563,Drew Doughty,D,LAK,35,0,0,0,0,0.0
1,8477021,Alex Kerfoot,C,UTA,30,0,0,0,0,0.0
1,8477960,Adrian Kempe,R,LAK,28,0,0,0,0,0.0
1,8479315,Joey Anderson,R,CHI,26,0,0,0,0,0.0
1,8471214,Alex Ovechkin,L,WSH,39,0,0,0,0,0.0
1,8476458,Ryan Strome,C,ANA,31,0,0,0,0,0.0
1,8475745,Charlie Coyle,C,BOS,32,0,0,0,0,0.0
1,8477479,Tyler Bertuzzi,L,CHI,29,0,0,0,0,0.0
1,8477932,Aaron Ekblad,D,FLA,28,0,0,0,0,0.0
1,8482067,Connor Mackey,D,NYR,28,0,0,0,0,0.0
1,8480028,Morgan Frost,C,PHI,25,0,0,0,0,0.0
1,8476462,Dougie Hamilton,D,NJD,31,0,0,0,0,0.0
1,8481533,Trevor Zegras,C,ANA,23,0,0,0,0,0.0
1,8478462,Nicolas Roy,C,VGK,27,0,0,0,0,0.0
1,8483491,Ivan Miroshnichenko,L,WSH,20,0,0,0,0,0.0
1,8475754,Brock Nelson,C,NYI,33,0,0,0,0,0.0
1,8474586,Jordan Eberle,R,SEA,34,0,0,0,0,0.0
1,8475726,Tyler Toffoli,C,SJS,32,0,0,0,0,0.0
1,8477346,MacKenzie Weegar,D,CGY,30,0,0,0,0,0.0
1,8476869,Brady Skjei,D,NSH,30,0,0,0,0,0.0
1,8482149,Cole Perfetti,C,WPG,22,0,0,0,0,0.0
1,8476881,Tomas Hertl,C,VGK,31,0,0,0,0,0.0
1,8479400,Pierre-Luc Dubois,L,WSH,26,0,0,0,0,0.0
1,8481093,Rafael Harvey-Pinard,L,MTL,25,0,0,0,0,0.0
1,8482113,Anton Lundell,C,FLA,23,0,0,0,0,0.0
1,8482744,James Malatesta,L,CBJ,21,0,0,0,0,0.0
1,8481656,Aliaksei Protas,C,WSH,23,0,0,0,0,0.0
1,8477964,Ivan Barbashev,C,VGK,29,0,0,0,0,0.0
1,8479345,Jakob Chychrun,D,WSH,26,0,0,0,0,0.0
1,8482737,Zack Bolduc,C,STL,21,0,0,0,0,0.0
1,8475764,Cam Fowler,D,ANA,33,0,0,0,0,0.0
1,8481606,Jordan Spence,D,LAK,23,0,0,0,0,0.0
1,8476539,Jonathan Marchessault,R,NSH,34,0,0,0,0,0.0
1,8479987,Morgan Geekie,C,BOS,26,0,0,0,0,0.0
1,8477497,Sean Monahan,C,CBJ,30,0,0,0,0,0.0
1,8475794,Tyler Seguin,C,DAL,32,0,0,0,0,0.0
1,8478542,Evan Rodrigues,C,FLA,31,0,0,0,0,0.0
1,8480798,Philipp Kurashev,C,CHI,25,0,0,0,0,0.0
1,8477407,Anthony Duclair,L,NYI,29,0,0,0,0,0.0
1,8477495,Seth Jones,D,CHI,30,0,0,0,0,0.0
1,8474037,James van Riemsdyk,L,,35,0,0,0,0,0.0
1,8481751,Lukas Rousek,R,BUF,25,0,0,0,0,0.0
1,8476479,Phillip Danault,C,LAK,31,0,0,0,0,0.0
1,8480829,Jesperi Kotkaniemi,C,CAR,24,0,0,0,0,0.0
1,8475191,Reilly Smith,R,NYR,33,0,0,0,0,0.0
1,8480049,Dylan Samberg,D,WPG,25,0,0,0,0,0.0
1,8476483,Rickard Rakell,R,PIT,31,0,0,0,0,0.0
1,8478055,Gustav Forsling,D,FLA,28,0,0,0,0,0.0
1,8481550,Adam Beckman,L,NJD,23,0,0,0,0,0.0
1,8476907,Mackenzie MacEachern,L,,30,0,0,0,0,0.0
1,8482745,Mason McTavish,C,ANA,21,0,0,0,0,0.0
1,8480216,Jacob Peterson,C,,25,0,0,0,0,0.0
1,8480145,Neal Pionk,D,WPG,29,0,0,0,0,0.0
1,8474602,Justin Schultz,D,,34,0,0,0,0,0.0
1,8483808,Andrei Kuzmenko,L,CGY,28,0,0,0,0,0.0
1,8477451,Ryan Hartman,R,MIN,30,0,0,0,0,0.0
1,8481618,Alex Newhook,C,MTL,23,0,0,0,0,0.0
1,8477476,Artturi Lehkonen,L,COL,29,0,0,0,0,0.0
1,8476292,Ondrej Palat,L,NJD,33,0,0,0,0,0.0
1,8479398,Samuel Girard,D,COL,26,0,0,0,0,0.0
1,8482222,Alexander Barabanov,L,,30,0,0,0,0,0.0
1,8475763,Kevin Hayes,R,PIT,32,0,0,0,0,0.0
1,8478472,Mathieu Joseph,R,STL,27,0,0,0,0,0.0
1,8481524,Bowen Byram,D,BUF,23,0,0,0,0,0.0
1,8481059,Scott Perunovich,D,STL,26,0,0,0,0,0.0
1,8482667,William Eklund,L,SJS,22,0,0,0,0,0.0
1,8477935,Sam Bennett,C,FLA,28,0,0,0,0,0.0
1,8476826,Yanni Gourde,C,SEA,33,0,0,0,0,0.0
1,8479675,Trevor Moore,L,LAK,29,0,0,0,0,0.0
1,8477500,Bo Horvat,C,NYI,29,0,0,0,0,0.0
1,8477511,Anthony Mantha,R,CGY,30,0,0,0,0,0.0
1,8481581,Thomas Harley,D,DAL,23,0,0,0,0,0.0
1,8484166,Adam Fantilli,C,CBJ,20,0,0,0,0,0.0
1,8480873,Rasmus Sandin,D,WSH,24,0,0,0,0,0.0
1,8476854,Hampus Lindholm,D,BOS,30,0,0,0,0,0.0
1,8479525,Ross Colton,C,COL,28,0,0,0,0,0.0
1,8476474,Stefan Noesen,R,NJD,31,0,0,0,0,0.0
1,8474031,Kevin Shattenkirk,D,,35,0,0,0,0,0.0
1,8477478,William Carrier,L,CAR,30,0,0,0,0,0.0
1,8475200,Dmitry Orlov,D,CAR,33,0,0,0,0,0.0
1,8476923,Damon Severson,D,CBJ,30,0,0,0,0,0.0
1,8473986,Alex Killorn,L,ANA,35,0,0,0,0,0.0
1,8480878,Nils Lundkvist,D,DAL,24,0,0,0,0,0.0
1,8481540,Cole Caufield,R,MTL,23,0,0,0,0,0.0
1,8480817,K'Andre Miller,D,NYR,24,0,0,0,0,0.0
1,8479402,Jake Bean,D,CGY,26,0,0,0,0,0.0
1,8477330,Dominik Kubalik,L,,29,0,0,0,0,0.0
1,8476480,Vladislav Namestnikov,C,WPG,32,0,0,0,0,0.0
1,8477998,Warren Foegele,L,LAK,28,0,0,0,0,0.0
1,8481596,Shane Pinto,C,OTT,24,0,0,0,0,0.0
1,8477947,Sonny Milano,L,WSH,28,0,0,0,0,0.0
1,8480884,Calen Addison,D,,24,0,0,0,0,0.0
1,8482702,Logan Stankoven,C,DAL,21,0,0,0,0,0.0
1,8480871,Adam Boqvist,D,FLA,24,0,0,0,0,0.0
1,8475848,Brendan Gallagher,R,MTL,32,0,0,0,0,0.0
1,8474149,Evgenii Dadonov,R,DAL,35,0,0,0,0,0.0
1,8480797,Joel Farabee,L,PHI,24,0,0,0,0,0.0
1,8478519,Anthony Cirelli,C,TBL,27,0,0,0,0,0.0
1,8475906,John Klingberg,D,,32,0,0,0,0,0.0
1,8480015,Owen Tippett,R,PHI,25,0,0,0,0,0.0
1,8475722,Jason Zucker,L,BUF,32,0,0,0,0,0.0
1,8476927,Teddy Blueger,C,VAN,30,0,0,0,0,0.0
1,8482109,Alexis Lafrenière,L,NYR,23,0,0,0,0,0.0
1,8476872,Scott Laughton,C,PHI,30,0,0,0,0,0.0
1,8480008,Adam Ruzicka,C,,25,0,0,0,0,0.0
1,8484153,Leo Carlsson,C,ANA,20,0,0,0,0,0.0
1,8473507,Jeff Petry,D,DET,37,0,0,0,0,0.0
1,8478233,Andrew Mangiapane,L,WSH,28,0,0,0,0,0.0
1,8471698,T.J. Oshie,R,WSH,38,0,0,0,0,0.0
1,8482475,Yegor Chinakhov,R,CBJ,23,0,0,0,0,0.0
1,8480073,Erik Brannstrom,D,COL,25,0,0,0,0,0.0
1,8477969,Marcus Pettersson,D,PIT,28,0,0,0,0,0.0
1,8480188,Fabian Zetterlund,L,SJS,25,0,0,0,0,0.0
1,8474151,Ryan McDonagh,D,TBL,35,0,0,0,0,0.0
1,8483549,Lucas Condotta,L,MTL,27,0,0,0,0,0.0
1,8474053,Logan Couture,C,SJS,35,0,0,0,0,0.0
1,8479976,Juuso Valimaki,D,UTA,26,0,0,0,0,0.0
1,8478046,Danton Heinen,L,VAN,29,0,0,0,0,0.0
1,8475768,Jaden Schwartz,C,SEA,32,0,0,0,0,0.0
1,8482671,Owen Power,D,BUF,22,0,0,0,0,0.0
1,8482451,Mikael Pyyhtia,L,CBJ,23,0,0,0,0,0.0
1,8475793,Ryan Johansen,C,,32,0,0,0,0,0.0
1,8477429,Andrew Copp,C,DET,30,0,0,0,0,0.0
1,8474150,Mikael Backlund,C,CGY,35,0,0,0,0,0.0
1,8479439,Jacob MacDonald,D,COL,31,0,0,0,0,0.0
1,8482655,Janis Moser,D,TBL,24,0,0,0,0,0.0
1,8482624,Daniil Miromanov,D,CGY,27,0,0,0,0,0.0
1,8477962,Brendan Lemieux,L,CAR,28,0,0,0,0,0.0
1,8481481,Blake Lizotte,C,PIT,27,0,0,0,0,0.0
1,8477987,Ryan Donato,C,CHI,28,0,0,0,0,0.0
1,8478507,John Marino,D,UTA,27,0,0,0,0,0.0
1,8476399,Blake Coleman,C,CGY,33,0,0,0,0,0.0
1,8481178,Egor Zamula,D,PHI,24,0,0,0,0,0.0
1,8475151,Kyle Palmieri,C,NYI,33,0,0,0,0,0.0
1,8475287,Erik Haula,L,NJD,33,0,0,0,0,0.0
1,8473563,Nicklas Backstrom,C,WSH,37,0,0,0,0,0.0
1,8478057,Dakota Joshua,C,VAN,28,0,0,0,0,0.0
1,8477948,Travis Sanheim,D,PHI,28,0,0,0,0,0.0
1,8482740,Wyatt Johnston,C,DAL,21,0,0,0,0,0.0
1,8476884,Derrick Pouliot,D,,30,0,0,0,0,0.0
1,8479992,Michael Rasmussen,C,DET,25,0,0,0,0,0.0
1,8476885,Jacob Trouba,D,NYR,30,0,0,0,0,0.0
1,8477839,Conor Sheary,L,TBL,32,0,0,0,0,0.0
1,8482105,Jake Sanderson,D,OTT,22,0,0,0,0,0.0
1,8481068,Yegor Sharangovich,C,CGY,26,0,0,0,0,0.0
1,8482146,Luke Evangelista,R,NSH,22,0,0,0,0,0.0
1,8480009,Eeli Tolvanen,R,SEA,25,0,0,0,0,0.0
1,8481546,Cam York,D,PHI,23,0,0,0,0,0.0
1,8475193,Tomas Tatar,L,NJD,34,0,0,0,0,0.0
1,8480064,Josh Norris,C,OTT,25,0,0,0,0,0.0
1,8476919,Chris Tierney,C,,30,0,0,0,0,0.0
1,8479372,Joshua Mahura,D,SEA,26,0,0,0,0,0.0
1,8480748,Kiefer Sherwood,L,VAN,29,0,0,0,0,0.0
1,8475184,Chris Kreider,L,NYR,33,0,0,0,0,0.0
1,8478463,Anthony Beauvillier,L,PIT,27,0,0,0,0,0.0
1,8482110,Dawson Mercer,C,NJD,23,0,0,0,0,0.0
1,8479365,Trent Frederic,C,BOS,26,0,0,0,0,0.0
1,8476917,Adam Pelech,D,NYI,30,0,0,0,0,0.0
1,8480891,Michael Kesselring,D,UTA,24,0,0,0,0,0.0
1,8481527,Kaedan Korczak,D,VGK,23,0,0,0,0,0.0
1,8480157,Calle Rosen,D,COL,30,0,0,0,0,0.0
1,8478500,Ivan Provorov,D,CBJ,27,0,0,0,0,0.0
1,8480855,Jack McBain,C,UTA,24,0,0,0,0,0.0
1,8480220,Noah Cates,L,PHI,25,0,0,0,0,0.0
1,8477505,Alexander Wennberg,C,SJS,30,0,0,0,0,0.0
1,8475149,Marcus Johansson,L,MIN,34,0,0,0,0,0.0
1,8478498,Jake DeBrusk,L,VAN,28,0,0,0,0,0.0
1,8482073,Braden Schneider,D,NYR,23,0,0,0,0,0.0
1,8480185,Eetu Luostarinen,C,FLA,26,0,0,0,0,0.0
1,8481624,Ilya Mikheyev,R,CHI,30,0,0,0,0,0.0
1,8479415,Michael McLeod,C,,26,0,0,0,0,0.0
1,8476312,Josh Manson,D,COL,33,0,0,0,0,0.0
1,8478891,Mason Appleton,C,WPG,28,0,0,0,0,0.0
1,8476897,Oskar Sundqvist,C,STL,30,0,0,0,0,0.0
1,8480246,Nick Perbix,D,TBL,26,0,0,0,0,0.0
1,8476880,Tom Wilson,R,WSH,30,0,0,0,0,0.0
1,8475181,Nick Leddy,D,STL,33,0,0,0,0,0.0
1,8478970,Jalen Chatfield,D,CAR,28,0,0,0,0,0.0
1,8478840,Will Borgen,D,SEA,28,0,0,0,0,0.0
1,8474870,Tyler Johnson,C,,34,0,0,0,0,0.0
1,8483482,Tristan Luneau,D,ANA,20,0,0,0,0,0.0
1,8477220,Nate Schmidt,D,FLA,33,0,0,0,0,0.0
1,8474673,TJ Brodie,D,CHI,34,0,0,0,0,0.0
1,8477456,J.T. Compher,L,DET,29,0,0,0,0,0.0
1,8480205,Emil Bemstrom,C,PIT,25,0,0,0,0,0.0
1,8477953,Kasperi Kapanen,R,STL,28,0,0,0,0,0.0
1,8479980,Nicolas Hague,D,VGK,26,0,0,0,0,0.0
1,8479351,Sam Steel,C,DAL,26,0,0,0,0,0.0
1,8476892,Colton Parayko,D,STL,31,0,0,0,0,0.0
1,8470604,Jeff Carter,C,,39,0,0,0,0,0.0
1,8477952,Robby Fabbri,C,ANA,28,0,0,0,0,0.0
1,8475791,Taylor Hall,L,CHI,33,0,0,0,0,0.0
1,8480058,Pierre-Olivier Joseph,D,STL,25,0,0,0,0,0.0
1,8476419,Jean-Gabriel Pageau,C,NYI,32,0,0,0,0,0.0
1,8480222,Sebastian Aho,D,PIT,28,0,0,0,0,0.0
1,8481708,Zac Jones,D,NYR,24,0,0,0,0,0.0
1,8483499,Liam Ohgren,L,MIN,20,0,0,0,0,0.0
1,8476329,Travis Boyd,C,MIN,31,0,0,0,0,0.0
1,8474716,Jared Spurgeon,D,MIN,35,0,0,0,0,0.0
1,8478104,Sammy Blais,L,,28,0,0,0,0,0.0
1,8476331,Dylan DeMelo,D,WPG,31,0,0,0,0,0.0
1,8474884,Mike Hoffman,C,,35,0,0,0,0,0.0
1,8482159,Tyson Foerster,R,PHI,22,0,0,0,0,0.0
1,8476463,Jonas Brodin,D,MIN,31,0,0,0,0,0.0
1,8478851,Alexandre Carrier,D,NSH,28,0,0,0,0,0.0
1,8483565,Nick Blankenburg,D,NSH,26,0,0,0,0,0.0
1,8477506,Ryan Pulock,D,NYI,30,0,0,0,0,0.0
1,8480078,Filip Chytil,C,NYR,25,0,0,0,0,0.0
1,8483460,David Jiricek,D,CBJ,21,0,0,0,0,0.0
1,8482705,Cole Sillinger,C,CBJ,21,0,0,0,0,0.0
1,8480802,Ryan McLeod,C,BUF,25,0,0,0,0,0.0
1,8481591,Sam Poulin,R,,23,0,0,0,0,0.0
1,8478133,Jake Evans,C,MTL,28,0,0,0,0,0.0
1,8478109,Victor Olofsson,L,VGK,29,0,0,0,0,0.0
1,8475188,Brayden McNabb,D,VGK,33,0,0,0,0,0.0
1,8480336,Sean Walker,D,CAR,30,0,0,0,0,0.0
1,8477488,Brett Pesce,D,NJD,30,0,0,0,0,0.0
1,8478115,Pierre Engvall,L,NYI,28,0,0,0,0,0.0
1,8476952,Dominic Toninato,C,WPG,30,0,0,0,0,0.0
1,8480014,Gabriel Vilardi,C,WPG,25,0,0,0,0,0.0
1,8471274,Alex Goligoski,D,,39,0,0,0,0,0.0
1,8473446,Erik Johnson,D,PHI,36,0,0,0,0,0.0
1,8478452,Caleb Jones,D,LAK,27,0,0,0,0,0.0
1,8475314,Anders Lee,L,NYI,34,0,0,0,0,0.0
1,8482192,Isaak Phillips,D,CHI,23,0,0,0,0,0.0
1,8475233,David Savard,D,MTL,34,0,0,0,0,0.0
1,8481523,Kirby Dach,C,MTL,23,0,0,0,0,0.0
1,8479996,Cody Glass,C,PIT,25,0,0,0,0,0.0
1,8476879,Cody Ceci,D,SJS,31,0,0,0,0,0.0
1,8476994,Vinnie Hinostroza,C,NSH,30,0,0,0,0,0.0
1,8476392,Adam Lowry,C,WPG,31,0,0,0,0,0.0
1,8480113,Alex Iafallo,L,WPG,31,0,0,0,0,0.0
1,8475799,Nino Niederreiter,R,WPG,32,0,0,0,0,0.0
1,8476871,Tanner Pearson,L,,32,0,0,0,0,0.0
1,8479371,Dante Fabbro,D,NSH,26,0,0,0,0,0.0
1,8476393,Nick Cousins,C,OTT,31,0,0,0,0,0.0
1,8476925,Colton Sissons,C,NSH,31,0,0,0,0,0.0
1,8474574,Tyler Myers,D,VAN,34,0,0,0,0,0.0
1,8475795,Dylan McIlrath,D,WSH,32,0,0,0,0,0.0
1,8473422,Nick Foligno,L,CHI,37,0,0,0,0,0.0
1,8481186,Logan O'Connor,R,COL,28,0,0,0,0,0.0
1,8479977,Kailer Yamamoto,R,,26,0,0,0,0,0.0
1,8482176,Wyatt Kaiser,D,CHI,22,0,0,0,0,0.0
1,8479393,Noah Gregor,L,OTT,26,0,0,0,0,0.0
1,8481167,Brayden Pachal,D,CGY,25,0,0,0,0,0.0
1,8477845,Trevor van Riemsdyk,D,WSH,33,0,0,0,0,0.0
1,8482122,Brock Faber,D,MIN,22,0,0,0,0,0.0
1,8476891,Matthew Grzelcyk,D,PIT,30,0,0,0,0,0.0
1,8473533,Jordan Staal,C,CAR,36,0,0,0,0,0.0
1,8482092,Ridly Greig,C,OTT,22,0,0,0,0,0.0
1,8476525,Colin Miller,D,WPG,32,0,0,0,0,0.0
1,8476902,Esa Lindell,D,DAL,30,0,0,0,0,0.0
1,8482055,Drew O'Connor,L,PIT,26,0,0,0,0,0.0
1,8480003,Jesper Boqvist,C,FLA,26,0,0,0,0,0.0
1,8478882,Vladislav Gavrikov,D,LAK,29,0,0,0,0,0.0
1,8477979,Nicolas Aube-Kubel,R,BUF,28,0,0,0,0,0.0
1,8479543,Michael Pezzetta,L,MTL,26,0,0,0,0,0.0
1,8474034,Patrick Maroon,L,CHI,36,0,0,0,0,0.0
1,8482111,Justin Barron,D,MTL,23,0,0,0,0,0.0
1,8480035,Henri Jokiharju,D,BUF,25,0,0,0,0,0.0
1,8479346,Dillon Dube,C,,26,0,0,0,0,0.0
1,8478413,Jordan Greenway,L,BUF,27,0,0,0,0,0.0
1,8478911,Matt Roy,D,WSH,29,0,0,0,0,0.0
1,8482117,Lukas Reichel,L,CHI,22,0,0,0,0,0.0
1,8483431,Logan Cooley,C,UTA,20,0,0,0,0,0.0
1,8481522,Peyton Krebs,C,BUF,23,0,0,0,0,0.0
1,8476422,Mike Reilly,D,NYI,31,0,0,0,0,0.0
1,8475855,Jesper Fast,R,CAR,33,0,0,0,0,0.0
1,8482861,Vincent Iorio,D,WSH,22,0,0,0,0,0.0
1,8480184,Gustav Lindstrom,D,,26,0,0,0,0,0.0
1,8476960,Andreas Athanasiou,C,CHI,30,0,0,0,0,0.0
1,8480849,Barrett Hayton,C,UTA,24,0,0,0,0,0.0
1,8480789,Oliver Wahlstrom,R,NYI,24,0,0,0,0,0.0
1,8479376,Victor Mete,D,,26,0,0,0,0,0.0
1,8481598,Philip Broberg,D,STL,23,0,0,0,0,0.0
1,8479348,Kale Clague,D,BUF,26,0,0,0,0,0.0
1,8473449,Kyle Okposo,R,,36,0,0,0,0,0.0
1,8475179,Dmitry Kulikov,D,FLA,34,0,0,0,0,0.0
1,8481058,Jesse Ylonen,R,,25,0,0,0,0,0.0
1,8477989,Christian Dvorak,C,MTL,28,0,0,0,0,0.0
1,8482803,Olen Zellweger,D,ANA,21,0,0,0,0,0.0
1,8482245,Artem Zub,D,OTT,29,0,0,0,0,0.0
1,8477073,Kurtis MacDermid,L,NJD,30,0,0,0,0,0.0
1,8479353,Brett Howden,C,VGK,26,0,0,0,0,0.0
1,8477018,Ben Hutton,D,VGK,31,0,0,0,0,0.0
1,8482175,JJ Peterka,R,BUF,22,0,0,0,0,0.0
1,8475752,Tyler Pitlick,C,,33,0,0,0,0,0.0
1,8476921,Jordan Martinook,L,CAR,32,0,0,0,0,0.0
1,8476438,Brandon Saad,L,STL,32,0,0,0,0,0.0
1,8477365,Connor Clifton,D,BUF,29,0,0,0,0,0.0
1,8481535,Nils Hoglander,L,VAN,24,0,0,0,0,0.0
1,8480762,Eric Robinson,L,CAR,29,0,0,0,0,0.0
1,8477426,Nicholas Paul,L,TBL,29,0,0,0,0,0.0
1,8477919,Frederick Gaudreau,C,MIN,31,0,0,0,0,0.0
1,8481239,Samuel Fagemo,L,,24,0,0,0,0,0.0
1,8480727,Zach Whitecloud,D,VGK,28,0,0,0,0,0.0
1,8478474,Lawson Crouse,L,UTA,27,0,0,0,0,0.0
1,8477435,Ryan Graves,D,PIT,29,0,0,0,0,0.0
1,8475324,Nick Jensen,D,OTT,34,0,0,0,0,0.0
1,8480070,Ian Mitchell,D,BOS,25,0,0,0,0,0.0
1,8482087,Kaiden Guhle,D,MTL,22,0,0,0,0,0.0
1,8480001,Urho Vaakanainen,D,ANA,25,0,0,0,0,0.0
1,8484203,Bradly Nadeau,L,CAR,19,0,0,0,0,0.0
1,8478178,Darren Raddysh,D,TBL,28,0,0,0,0,0.0
1,8484254,Akito Hirose,D,VAN,25,0,0,0,0,0.0
1,8480441,Trey Fix-Wolansky,R,CBJ,25,0,0,0,0,0.0
1,8481554,Kaapo Kakko,R,NYR,23,0,0,0,0,0.0
1,8478366,Frank Vatrano,R,ANA,30,0,0,0,0,0.0
1,8478434,Keegan Kolesar,R,VGK,27,0,0,0,0,0.0
1,8480821,Filip Zadina,R,,25,0,0,0,0,0.0
1,8481704,Juuso Parssinen,C,NSH,23,0,0,0,0,0.0
1,8480011,Klim Kostin,C,SJS,25,0,0,0,0,0.0
1,8482125,Alexander Holtz,R,VGK,22,0,0,0,0,0.0
1,8479066,Ryan Lomberg,L,CGY,30,0,0,0,0,0.0
1,8481014,Alexander Romanov,D,NYI,24,0,0,0,0,0.0
1,8475220,Marcus Foligno,L,MIN,33,0,0,0,0,0.0
1,8476432,Boone Jenner,C,CBJ,31,0,0,0,0,0.0
1,8475718,Justin Holl,D,DET,32,0,0,0,0,0.0
1,8478421,A.J. Greer,L,FLA,28,0,0,0,0,0.0
1,8476988,Matt Benning,D,SJS,30,0,0,0,0,0.0
1,8477507,Nikita Zadorov,D,BOS,29,0,0,0,0,0.0
1,8482095,Tyler Kleven,D,OTT,22,0,0,0,0,0.0
1,8476461,Sean Couturier,C,PHI,32,0,0,0,0,0.0
1,8481537,Nikita Okhotiuk,D,CGY,24,0,0,0,0,0.0
1,8470966,Mark Giordano,D,,41,0,0,0,0,0.0
1,8481553,Bobby Brink,R,PHI,23,0,0,0,0,0.0
1,8478495,Denis Gurianov,R,,27,0,0,0,0,0.0
1,8479324,Ryan Lindgren,D,NYR,26,0,0,0,0,0.0
1,8470600,Ryan Suter,D,STL,39,0,0,0,0,0.0
1,8481701,Santeri Hatakka,D,NJD,23,0,0,0,0,0.0
1,8477464,Nic Petan,C,,29,0,0,0,0,0.0
1,8475790,Erik Gudbranson,D,CBJ,32,0,0,0,0,0.0
1,8478451,Ethan Bear,D,WSH,27,0,0,0,0,0.0
1,8478020,Michael Amadio,R,OTT,28,0,0,0,0,0.0
1,8476467,Jamie Oleksiak,D,SEA,32,0,0,0,0,0.0
1,8480459,Pius Suter,C,VAN,28,0,0,0,0,0.0
1,8476913,Devin Shore,C,MIN,30,0,0,0,0,0.0
1,8482101,Danil Gushchin,L,SJS,22,0,0,0,0,0.0
1,8475225,Craig Smith,C,CHI,35,0,0,0,0,0.0
1,8479370,Tyson Jost,C,CAR,26,0,0,0,0,0.0
1,8476874,Olli Maatta,D,DET,30,0,0,0,0,0.0
1,8478502,Dennis Gilbert,D,BUF,28,0,0,0,0,0.0
1,8475455,Brenden Dillon,D,NJD,34,0,0,0,0,0.0
1,8482809,Jackson Blake,R,CAR,21,0,0,0,0,0.0
1,8484149,Gavin Brindley,C,CBJ,20,0,0,0,0,0.0
1,8483468,Jiri Kulich,C,BUF,20,0,0,0,0,0.0
1,8483445,Cutter Gauthier,L,ANA,20,0,0,0,0,0.0
1,8477401,John Hayden,C,SEA,29,0,0,0,0,0.0
1,8481568,Alex Vlasic,D,CHI,23,0,0,0,0,0.0
1,8482142,Jamie Drysdale,D,PHI,22,0,0,0,0,0.0
1,8478099,Kevin Labanc,R,,29,0,0,0,0,0.0
1,8479414,Nathan Bastian,R,NJD,27,0,0,0,0,0.0
1,8480860,Kevin Bahl,D,CGY,24,0,0,0,0,0.0
1,8479369,Andrew Peeke,D,BOS,26,0,0,0,0,0.0
1,8480196,Jacob Bryson,D,BUF,27,0,0,0,0,0.0
1,8479316,Luke Kunin,C,SJS,27,0,0,0,0,0.0
1,8475208,Brian Dumoulin,D,ANA,33,0,0,0,0,0.0
1,8482148,Hendrix Lapierre,C,WSH,22,0,0,0,0,0.0
1,8474166,Alec Martinez,D,CHI,37,0,0,0,0,0.0
1,8480813,Joe Veleno,C,DET,24,0,0,0,0,0.0
1,8481521,Ronnie Attard,D,PHI,25,0,0,0,0,0.0
1,8474189,Lars Eller,C,PIT,35,0,0,0,0,0.0
1,8476873,Mark Jankowski,C,NSH,30,0,0,0,0,0.0
1,8478136,Jake Middleton,D,MIN,28,0,0,0,0,0.0
1,8476457,Adam Larsson,D,SEA,32,0,0,0,0,0.0
1,8482749,Joshua Roy,R,MTL,21,0,0,0,0,0.0
1,8479998,Mikey Anderson,D,LAK,25,0,0,0,0,0.0
1,8482747,Brennan Othmann,L,NYR,21,0,0,0,0,0.0
1,8483493,Frank Nazar,C,CHI,20,0,0,0,0,0.0
1,8475462,Radko Gudas,D,ANA,34,0,0,0,0,0.0
1,8480068,Ryan Poehling,C,PHI,25,0,0,0,0,0.0
1,8480807,Mattias Samuelsson,D,BUF,24,0,0,0,0,0.0
1,8475343,Nic Dowd,C,WSH,34,0,0,0,0,0.0
1,8475760,Nick Bjugstad,C,UTA,32,0,0,0,0,0.0
1,8477380,Jonny Brodzinski,C,NYR,31,0,0,0,0,0.0
1,8479671,Mathieu Olivier,R,CBJ,27,0,0,0,0,0.0
1,8476429,Scott Mayfield,D,NYI,32,0,0,0,0,0.0
1,8471709,Marc-Edouard Vlasic,D,SJS,37,0,0,0,0,0.0
1,8482241,Radim Zohorna,L,,28,0,0,0,0,0.0
1,8479983,Mario Ferraro,D,SJS,26,0,0,0,0,0.0
1,8478017,Mark Friedman,D,VAN,29,0,0,0,0,0.0
1,8478416,Erik Cernak,D,TBL,27,0,0,0,0,0.0
1,8480172,Jan Rutta,D,SJS,34,0,0,0,0,0.0
1,8476867,Brendan Gaunce,C,MIN,30,0,0,0,0,0.0
1,8479368,Max Jones,L,BOS,26,0,0,0,0,0.0
1,8475750,Jon Merrill,D,MIN,32,0,0,0,0,0.0
1,8478013,Jake Walman,D,SJS,28,0,0,0,0,0.0
1,8476918,Jimmy Vesey,L,NYR,31,0,0,0,0,0.0
1,8477450,Jason Dickinson,C,CHI,29,0,0,0,0,0.0
1,8479661,Tanner Jeannot,L,LAK,27,0,0,0,0,0.0
1,8477034,Jaycob Megna,D,FLA,32,0,0,0,0,0.0
1,8478399,Jonas Siegenthaler,D,NJD,27,0,0,0,0,0.0
1,8479344,Jesse Puljujarvi,R,PIT,26,0,0,0,0,0.0
1,8481599,Victor Soderstrom,D,UTA,23,0,0,0,0,0.0
1,8474040,Sam Gagner,C,,35,0,0,0,0,0.0
1,8477508,Curtis Lazar,C,NJD,29,0,0,0,0,0.0
1,8477499,Rasmus Ristolainen,D,PHI,30,0,0,0,0,0.0
1,8479514,Rem Pitlick,C,,27,0,0,0,0,0.0
1,8478430,Oliver Kylington,D,COL,27,0,0,0,0,0.0
1,8481161,Jake Christiansen,D,CBJ,25,0,0,0,0,0.0
1,8480887,Jordan Harris,D,CBJ,24,0,0,0,0,0.0
1,8477573,Nathan Walker,L,STL,30,0,0,0,0,0.0
1,8479941,Justin Danforth,R,CBJ,31,0,0,0,0,0.0
1,8479533,Joona Koppanen,L,,26,0,0,0,0,0.0
1,8479320,Maxime Lajoie,D,SEA,27,0,0,0,0,0.0
1,8478454,Noah Juulsen,D,VAN,27,0,0,0,0,0.0
1,8474568,Luke Schenn,D,NSH,35,0,0,0,0,0.0
1,8482859,Zack Ostapchuk,C,OTT,21,0,0,0,0,0.0
1,8482765,Isak Rosen,R,BUF,21,0,0,0,0,0.0
1,8477369,Carson Soucy,D,VAN,30,0,0,0,0,0.0
1,8480845,Rasmus Kupari,C,WPG,24,0,0,0,0,0.0
1,8480950,Ilya Lyubushkin,D,DAL,30,0,0,0,0,0.0
1,8483466,Kevin Korchinski,D,CHI,20,0,0,0,0,0.0
1,8474013,Ian Cole,D,UTA,35,0,0,0,0,0.0
1,8479984,Cal Foote,D,,26,0,0,0,0,0.0
1,8476889,Radek Faksa,C,STL,30,0,0,0,0,0.0
1,8477126,Jayson Megna,C,,34,0,0,0,0,0.0
1,8476624,Barclay Goodrow,C,SJS,31,0,0,0,0,0.0
1,8478432,Christian Fischer,R,DET,27,0,0,0,0,0.0
1,8475164,Jakob Silfverberg,R,,34,0,0,0,0,0.0
1,8479536,Axel Jonsson-Fjallby,L,WPG,26,0,0,0,0,0.0
1,8479378,Logan Stanley,D,WPG,26,0,0,0,0,0.0
1,8479291,Kevin Rooney,C,CGY,31,0,0,0,0,0.0
1,8479390,Taylor Raddysh,R,WSH,26,0,0,0,0,0.0
1,8481056,Spencer Stastney,D,NSH,24,0,0,0,0,0.0
1,8474009,Nick Bonino,C,,36,0,0,0,0,0.0
1,8480074,Alexandre Texier,C,STL,25,0,0,0,0,0.0
1,8482807,Ethan Del Mastro,D,CHI,21,0,0,0,0,0.0
1,8483457,Lane Hutson,D,MTL,20,0,0,0,0,0.0
1,8480796,Martin Fehervary,D,WSH,25,0,0,0,0,0.0
1,8479994,Jaret Anderson-Dolan,C,WPG,25,0,0,0,0,0.0
1,8480355,Mark Kastelic,C,BOS,25,0,0,0,0,0.0
1,8482751,Ryan Winterton,C,SEA,21,0,0,0,0,0.0
1,8482784,Zach Dean,C,STL,21,0,0,0,0,0.0
1,8482062,Cole Smith,L,NSH,29,0,0,0,0,0.0
1,8476856,Mathew Dumba,D,DAL,30,0,0,0,0,0.0
1,8479293,Brandon Tanev,L,SEA,33,0,0,0,0,0.0
1,8477903,Garnet Hathaway,R,PHI,33,0,0,0,0,0.0
1,8477851,Jordan Oesterle,D,BOS,32,0,0,0,0,0.0
1,8479458,Nikita Zaitsev,D,,33,0,0,0,0,0.0
1,8481013,Jonatan Berggren,R,DET,24,0,0,0,0,0.0
1,8481567,Henry Thrun,D,SJS,23,0,0,0,0,0.0
1,8477070,Liam O'Brien,C,UTA,30,0,0,0,0,0.0
1,8482964,Arber Xhekaj,D,MTL,23,0,0,0,0,0.0
1,8477392,Hudson Fasching,R,NYI,29,0,0,0,0,0.0
1,8475279,Ben Chiarot,D,DET,33,0,0,0,0,0.0
1,8479619,Michael Carcone,L,UTA,28,0,0,0,0,0.0
1,8478043,Sam Lafferty,C,BUF,29,0,0,0,0,0.0
1,8479986,Kole Lind,R,DAL,26,0,0,0,0,0.0
1,8478450,Parker Wotherspoon,D,BOS,27,0,0,0,0,0.0
1,8481600,Tobias Bjornfot,D,FLA,23,0,0,0,0,0.0
1,8477944,Jakub Vrana,L,,28,0,0,0,0,0.0
1,8476323,Max McCormick,L,SEA,32,0,0,0,0,0.0
1,8480292,Carson Meyer,R,ANA,27,0,0,0,0,0.0
1,8471699,Andrew Cogliano,C,,37,0,0,0,0,0.0
1,8477446,Michael McCarron,R,NSH,29,0,0,0,0,0.0
1,8476981,Josh Anderson,R,MTL,30,0,0,0,0,0.0
1,8480879,Jacob Bernard-Docker,D,OTT,24,0,0,0,0,0.0
1,8478569,Noel Acciari,C,PIT,33,0,0,0,0,0.0
1,8475231,Casey Cizikas,C,NYI,33,0,0,0,0,0.0
1,8477425,Miles Wood,L,COL,29,0,0,0,0,0.0
1,8476372,Nick Seeler,D,PHI,31,0,0,0,0,0.0
1,8474090,Brendan Smith,D,DAL,35,0,0,0,0,0.0
1,8480448,Parker Kelly,L,COL,25,0,0,0,0,0.0
1,8484258,Sam Malinski,D,COL,26,0,0,0,0,0.0
1,8480848,Ty Dellandrea,C,SJS,24,0,0,0,0,0.0
1,8475177,Calvin de Haan,D,COL,33,0,0,0,0,0.0
1,8480893,Kirill Marchenko,R,CBJ,24,0,0,0,0,0.0
1,8478067,Oskar Lindblom,L,,28,0,0,0,0,0.0
1,8474612,Travis Hamonic,D,OTT,34,0,0,0,0,0.0
1,8471686,Marc Staal,D,,37,0,0,0,0,0.0
1,8480289,Morgan Barron,C,WPG,26,0,0,0,0,0.0
1,8470610,Zach Parise,L,,40,0,0,0,0,0.0
1,8481028,Martin Pospisil,C,CGY,25,0,0,0,0,0.0
1,8481032,Paul Cotter,C,NJD,25,0,0,0,0,0.0
1,8480806,Isac Lundestrom,C,ANA,25,0,0,0,0,0.0
1,8477527,Ross Johnston,L,ANA,30,0,0,0,0,0.0
1,8478904,Steven Lorentz,C,,28,0,0,0,0,0.0
1,8480252,Cole Guttman,C,CHI,25,0,0,0,0,0.0
1,8478859,Niko Mikkola,D,FLA,28,0,0,0,0,0.0
1,8482089,Jake Neighbours,L,STL,22,0,0,0,0,0.0
1,8483619,Filip Roos,D,OTT,25,0,0,0,0,0.0
1,8479576,Vincent Desharnais,D,VAN,28,0,0,0,0,0.0
1,8473473,Milan Lucic,L,,36,0,0,0,0,0.0
1,8476278,Colin Blackwell,C,DAL,31,0,0,0,0,0.0
1,8480031,Maxime Comtois,L,,25,0,0,0,0,0.0
1,8480192,Johnathan Kovacevic,D,NJD,27,0,0,0,0,0.0
1,8478146,Matthew Highmore,C,OTT,28,0,0,0,0,0.0
1,8479718,Alex Barré-Boulet,C,MTL,27,0,0,0,0,0.0
1,8477353,Tyler Motte,C,DET,29,0,0,0,0,0.0
1,8476822,Luke Glendening,C,TBL,35,0,0,0,0,0.0
1,8478512,Austin Czarnik,C,,32,0,0,0,0,0.0
1,8479328,Julien Gauthier,R,NYI,27,0,0,0,0,0.0
1,8473504,Cal Clutterbuck,R,,37,0,0,0,0,0.0
1,8476374,Sean Kuraly,C,CBJ,31,0,0,0,0,0.0
1,8477462,Robert Hagg,D,VGK,29,0,0,0,0,0.0
1,8482079,Marco Rossi,C,MIN,23,0,0,0,0,0.0
1,8480025,MacKenzie Entwistle,R,FLA,25,0,0,0,0,0.0
1,8477482,Zachary Sanford,L,CHI,30,0,0,0,0,0.0
1,8478424,Jansen Harkins,C,ANA,27,0,0,0,0,0.0
1,8479336,Carl Grundstrom,R,SJS,27,0,0,0,0,0.0
1,8479379,Givani Smith,R,SJS,26,0,0,0,0,0.0
1,8477454,Adam Erne,L,,29,0,0,0,0,0.0
1,8471677,Jack Johnson,D,CBJ,37,0,0,0,0,0.0
1,8477931,Tomas Nosek,L,FLA,32,0,0,0,0,0.0
1,8478443,Brandon Carlo,D,BOS,28,0,0,0,0,0.0
1,8482074,Connor Zary,C,CGY,23,0,0,0,0,0.0
1,8480007,Jonas Rondbjerg,R,VGK,25,0,0,0,0,0.0
1,8475762,Derek Forbort,D,VAN,32,0,0,0,0,0.0
1,8481592,Jakob Pelletier,L,CGY,23,0,0,0,0,0.0
1,8481517,Brett Leason,R,ANA,25,0,0,0,0,0.0
1,8478021,William Lagesson,D,DET,28,0,0,0,0,0.0
1,8481006,Tyler Tucker,D,STL,24,0,0,0,0,0.0
1,8480245,Olle Lycksell,R,PHI,25,0,0,0,0,0.0
1,8479383,Boris Katchouk,L,,26,0,0,0,0,0.0
1,8475825,Jani Hakanpää,D,,32,0,0,0,0,0.0
1,8480890,Jan Jenik,C,OTT,24,0,0,0,0,0.0
1,8477846,Ryan Carpenter,C,,33,0,0,0,0,0.0
1,8474715,Cameron Atkinson,R,TBL,35,0,0,0,0,0.0
1,8477930,Pierre-Edouard Bellemare,L,,39,0,0,0,0,0.0
1,8482652,Walker Duehr,R,CGY,27,0,0,0,0,0.0
1,8481580,Connor McMichael,C,WSH,23,0,0,0,0,0.0
1,8480084,Nick DeSimone,D,NJD,30,0,0,0,0,0.0
1,8481477,Nico Sturm,C,SJS,29,0,0,0,0,0.0
1,8477971,Andreas Englund,D,LAK,28,0,0,0,0,0.0
1,8478400,Colin White,C,,27,0,0,0,0,0.0
1,8476442,Matt Nieto,L,PIT,32,0,0,0,0,0.0
1,8480226,Marián Studenic,R,,26,0,0,0,0,0.0
1,8479985,Cale Fleury,D,SEA,26,0,0,0,0,0.0
1,8474567,Zach Bogosian,D,MIN,34,0,0,0,0,0.0
1,8482511,Mason Lohrei,D,BOS,23,0,0,0,0,0.0
1,8480853,Liam Foudy,C,,24,0,0,0,0,0.0
1,8478468,Jeremy Lauzon,D,NSH,27,0,0,0,0,0.0
1,8478874,Adam Gaudette,R,OTT,28,0,0,0,0,0.0
1,8475797,Jarred Tinordi,D,,32,0,0,0,0,0.0
1,8482679,Matt Coronato,R,CGY,22,0,0,0,0,0.0
1,8476441,Joel Edmundson,D,LAK,31,0,0,0,0,0.0
1,8479423,Alex Nylander,L,,26,0,0,0,0,0.0
1,8478211,Dryden Hunt,L,CGY,29,0,0,0,0,0.0
1,8477938,Haydn Fleury,D,WPG,28,0,0,0,0,0.0
1,8479520,Brandon Duhaime,R,WSH,27,0,0,0,0,0.0
1,8481564,Ryan Johnson,D,BUF,23,0,0,0,0,0.0
1,8481641,Joel Kiviranta,L,COL,28,0,0,0,0,0.0
1,8481601,Simon Holmstrom,R,NYI,23,0,0,0,0,0.0
1,8477887,Patrick Brown,C,BOS,32,0,0,0,0,0.0
1,8480021,Jack Studnicka,C,LAK,25,0,0,0,0,0.0
1,8481518,Nolan Foote,L,NJD,24,0,0,0,0,0.0
1,8482077,Dylan Holloway,L,STL,23,0,0,0,0,0.0
1,8481609,Vladislav Kolyachonok,D,UTA,23,0,0,0,0,0.0
1,8476469,Joel Armia,R,MTL,31,0,0,0,0,0.0
1,8478477,Mitchell Stephens,C,SEA,27,0,0,0,0,0.0
1,8477810,Joel Hanley,D,CGY,33,0,0,0,0,0.0
1,8474618,Marco Scandella,D,,34,0,0,0,0,0.0
1,8477244,Chad Ruhwedel,D,NYR,34,0,0,0,0,0.0
1,8479359,Beck Malenstyn,L,BUF,26,0,0,0,0,0.0
1,8479419,Brett Murray,L,BUF,26,0,0,0,0,0.0
1,8479968,Vinni Lettieri,C,BOS,29,0,0,0,0,0.0
1,8481605,Jackson LaCombe,D,ANA,23,0,0,0,0,0.0
1,8477149,Scott Sabourin,R,SJS,32,0,0,0,0,0.0
1,8476473,Connor Murphy,D,CHI,31,0,0,0,0,0.0
1,8481541,Samuel Bolduc,D,NYI,24,0,0,0,0,0.0
1,8482470,Ilya Solovyov,D,CGY,24,0,0,0,0,0.0
1,8477335,Kyle Burroughs,D,LAK,29,0,0,0,0,0.0
1,8481743,Marc Del Gaizo,D,NSH,25,0,0,0,0,0.0
1,8477320,Anton Blidh,L,NYR,29,0,0,0,0,0.0
1,8478409,Anthony Richard,C,PHI,28,0,0,0,0,0.0
1,8471817,Ryan Reaves,R,TOR,37,63,0,0,0,4.0
1,8482730,Brandt Clarke,D,LAK,21,0,0,0,0,0.0
1,8482516,Matthew Kessel,D,STL,24,0,0,0,0,0.0
1,8482496,Nils Aman,C,VAN,24,0,0,0,0,0.0
1,8476878,Zemgus Girgensons,C,TBL,30,0,0,0,0,0.0
1,8481543,Nikita Alexandrov,C,STL,24,0,0,0,0,0.0
1,8482141,Lukas Cormier,D,VGK,22,0,0,0,0,0.0
1,8481147,Reese Johnson,C,MIN,26,0,0,0,0,0.0
1,8473453,Trevor Lewis,C,LAK,37,0,0,0,0,0.0
1,8480990,Declan Chisholm,D,MIN,24,0,0,0,0,0.0
1,8480823,Alexander Alexeyev,D,WSH,25,0,0,0,0,0.0
1,8479772,Zack MacEwen,R,OTT,28,0,0,0,0,0.0
1,8481719,Maxwell Crozier,D,TBL,24,0,0,0,0,0.0
1,8484287,Cole McWard,D,VAN,23,0,0,0,0,0.0
1,8482094,Daemon Hunt,D,MIN,22,0,0,0,0,0.0
1,8482858,Ryker Evans,D,SEA,23,0,0,0,0,0.0
1,8482166,Shakir Mukhamadullin,D,SJS,22,0,0,0,0,0.0
1,8478028,Fredrik Olofsson,L,,28,0,0,0,0,0.0
1,8481716,Dmitri Voronkov,L,CBJ,24,0,0,0,0,0.0
1,8481532,Alex Turcotte,C,LAK,23,0,0,0,0,0.0
1,8480880,Jakub Lauko,C,MIN,24,0,0,0,0,0.0
1,8482250,Callahan Burke,C,VGK,27,0,0,0,0,0.0
1,8483630,Pavol Regenda,L,ANA,25,0,0,0,0,0.0
1,8475842,Sam Carrick,C,NYR,32,0,0,0,0,0.0
1,8480281,Alexey Toropchenko,R,STL,25,0,0,0,0,0.0
1,8474709,Matt Martin,L,,35,0,0,0,0,0.0
1,8483763,Maksymilian Szuber,D,UTA,22,0,0,0,0,0.0
1,8482144,Jack Thompson,D,SJS,22,0,0,0,0,0.0
1,8482165,Yan Kuznetsov,D,CGY,22,0,0,0,0,0.0
1,8476934,Brock McGinn,L,ANA,30,0,0,0,0,0.0
1,8478508,Yakov Trenin,C,MIN,27,0,0,0,0,0.0
1,8482157,Will Cuylle,L,NYR,22,0,0,0,0,0.0
1,8482666,Scott Morrow,D,CAR,22,0,0,0,0,0.0
1,8479981,Jonah Gadjovich,L,FLA,26,0,0,0,0,0.0
1,8482153,Brendan Brisson,C,VGK,23,0,0,0,0,0.0
1,8479522,Hardy Haman Aktell,D,WSH,26,0,0,0,0,0.0
1,8481593,Jayden Struble,D,MTL,23,0,0,0,0,0.0
1,8481070,Hugh McGing,L,,26,0,0,0,0,0.0
1,8480844,Grigori Denisenko,L,VGK,24,0,0,0,0,0.0
1,8474062,Riley Nash,C,NYR,35,0,0,0,0,0.0
1,8479546,Oskar Steen,C,,26,0,0,0,0,0.0
1,8478011,Louie Belpedio,D,PHI,28,0,0,0,0,0.0
1,8474145,Robert Bortuzzo,D,UTA,35,0,0,0,0,0.0
1,8481806,Louis Crevier,D,CHI,23,0,0,0,0,0.0
1,8477473,Justin Bailey,R,SJS,29,0,0,0,0,0.0
1,8477467,Gustav Olofsson,D,SEA,30,0,0,0,0,0.0
1,8480075,Cameron Crotty,D,MIN,25,0,0,0,0,0.0
1,8483495,Simon Nemec,D,NJD,20,0,0,0,0,0.0
1,8481030,Jack St. Ivany,D,PIT,25,0,0,0,0,0.0
1,8476915,Jujhar Khaira,L,,30,0,0,0,0,0.0
1,8480267,Sammy Walker,C,MIN,25,0,0,0,0,0.0
1,8480274,Philip Kemp,D,EDM,25,3,0,0,0,0.0
1,8483407,Brandon Scanlin,D,NYR,25,0,0,0,0,0.0
1,8481679,Maxence Guenette,D,OTT,23,0,0,0,0,0.0
1,8482929,Emil Lilleberg,D,TBL,23,0,0,0,0,0.0
1,8483546,Marshall Rifai,D,TOR,26,5,0,0,0,0.0
1,8479944,Zach Aston-Reese,C,VGK,30,0,0,0,0,0.0
1,8479991,Jake Leschyshyn,C,NYR,25,0,0,0,0,0.0
1,8482659,Josh Doan,R,UTA,22,0,0,0,0,0.0
1,8482733,Logan Mailloux,D,MTL,31,0,0,0,0,0.0
1,8484326,Patrik Koch,D,UTA,28,0,0,0,0,0.0
1,8484321,Nikolas Matinpalo,D,OTT,26,0,0,0,0,0.0
1,8480874,Adam Ginning,D,PHI,24,0,0,0,0,0.0
1,8475278,Byron Froese,C,,33,0,0,0,0,0.0
1,8481812,Nikolai Knyzhov,D,,27,0,0,0,0,0.0
1,8478831,Kevin Stenlund,C,UTA,28,0,0,0,0,0.0
1,8475958,Michael Sgarbossa,C,WSH,32,0,0,0,0,0.0
1,8478051,Max Willman,C,NJD,29,0,0,0,0,0.0
1,8481206,John Ludvig,D,PIT,24,0,0,0,0,0.0
1,8478408,Travis Dermott,D,,28,0,0,0,0,0.0
1,8483398,Declan Carlile,D,TBL,31,0,0,0,0,0.0
1,8475235,Nicolas Deslauriers,L,PHI,33,0,0,0,0,0.0
1,8479367,William Lockwood,R,FLA,26,0,0,0,0,0.0
1,8476858,Phillip Di Giuseppe,L,VAN,31,0,0,0,0,0.0
1,8480306,Grant Hutton,D,NYI,29,0,0,0,0,0.0
1,8475755,Alexander Petrovic,D,DAL,32,0,0,0,0,0.0
1,8481077,John Leonard,L,,26,0,0,0,0,0.0
1,8481237,Kyle MacLean,C,NYI,25,0,0,0,0,0.0
1,8484304,Uvis Balinskis,D,FLA,28,0,0,0,0,0.0
1,8479547,Matthew Phillips,R,COL,26,0,0,0,0,0.0
1,8482126,Emil Andrae,D,PHI,31,0,0,0,0,0.0
1,8479421,Jacob Moverare,D,LAK,26,0,0,0,0,0.0
1,8482155,Alex Laferriere,R,LAK,23,0,0,0,0,0.0
1,8482197,Adam Raska,R,MIN,23,0,0,0,0,0.0
1,8480836,Jonathan Gruden,C,,24,0,0,0,0,0.0
1,8481043,Cole Koepke,L,BOS,26,0,0,0,0,0.0
1,8481655,Cole Schwindt,R,CGY,23,0,0,0,0,0.0
1,8475413,Justin Dowling,C,NJD,34,0,0,0,0,0.0
1,8481789,Tye Kartye,L,SEA,23,0,0,0,0,0.0
1,8481754,Nikita Nesterenko,C,ANA,23,0,0,0,0,0.0
1,8482762,Simon Edvinsson,D,DET,21,0,0,0,0,0.0
1,8481690,Tyler Angle,C,,24,0,0,0,0,0.0
1,8482172,Landon Slaggert,L,CHI,22,0,0,0,0,0.0
1,8477993,Justin Kirkland,C,CGY,28,0,0,0,0,0.0
1,8482177,Marat Khusnutdinov,C,MIN,22,0,0,0,0,0.0
1,8482162,Roby Jarventie,L,EDM,22,17,0,0,0,2.0
1,8484911,Collin Graf,R,SJS,22,0,0,0,0,0.0
1,8479362,Riley Tufte,L,BOS,26,0,0,0,0,0.0
1,8482102,Vasily Ponomarev,C,PIT,22,0,0,0,0,0.0
1,8475766,Austin Watson,L,,32,0,0,0,0,0.0
1,8481422,Jake Lucchini,C,NSH,29,0,0,0,0,0.0
1,8483597,Milos Kelemen,L,UTA,25,0,0,0,0,0.0
1,8481699,Aku Raty,R,UTA,23,0,0,0,0,0.0
1,8480851,Akil Thomas,C,LAK,24,0,0,0,0,0.0
1,8482460,Matt Rempe,C,NYR,22,0,0,0,0,0.0
1,8478854,Ryan Shea,D,PIT,27,0,0,0,0,0.0
1,8481016,Ruslan Iskhakov,C,,24,0,0,0,0,0.0
1,8482147,Jean-Luc Foudy,C,COL,22,0,0,0,0,0.0
1,8478881,Brett Seney,L,CHI,28,0,0,0,0,0.0
1,8478078,Rourke Chartier,C,,28,0,0,0,0,0.0
1,8484259,Ondrej Pavel,C,COL,31,0,0,0,0,0.0
1,8483471,Brad Lambert,C,WPG,31,0,0,0,0,0.0
1,8475780,Chris Wagner,R,COL,33,0,0,0,0,0.0
1,8479330,Brandon Gignac,C,MTL,27,0,0,0,0,0.0
1,8483401,Marc Johnstone,R,PIT,28,0,0,0,0,0.0
1,8484325,Waltteri Merela,C,TBL,26,0,0,0,0,0.0
1,8480776,Sheldon Rempal,R,,29,0,0,0,0,0.0
1,8480032,Shane Bowers,C,NJD,25,0,0,0,0,0.0
1,8482061,Brandon Biro,L,SEA,26,0,0,0,0,0.0
1,8478446,Glenn Gawdin,C,LAK,27,0,0,0,0,0.0
1,8478956,Samuel Laberge,L,NJD,27,0,0,0,0,0.0
1,8481726,Adam Edstrom,C,NYR,24,0,0,0,0,0.0
1,8482787,Nikita Chibrikov,R,WPG,31,0,0,0,0,0.0
1,8484255,Jason Polin,R,COL,25,0,0,0,0,0.0
1,8483609,Adam Klapka,R,CGY,24,0,0,0,0,0.0
1,8483432,Luca Del Bel Belluz,C,CBJ,31,0,0,0,0,0.0
1,8483045,Cameron Butler,R,CBJ,31,0,0,0,0,0.0
1,8483489,Fraser Minten,C,TOR,31,11,0,0,0,1.0
1,8483397,Marc McLaughlin,C,BOS,25,0,0,0,0,0.0
1,8481534,Raphael Lavoie,C,EDM,24,2,0,0,0,0.0
1,8481585,Egor Afanasyev,L,SJS,23,0,0,0,0,0.0
1,8482145,Mavrik Bourque,C,DAL,22,0,0,0,0,0.0
1,8483920,Pierrick Dube,R,WSH,23,0,0,0,0,0.0
1,8478147,Bokondji Imama,L,PIT,28,0,0,0,0,0.0
1,8482476,Emil Heineman,L,MTL,23,0,0,0,0,0.0
1,8483567,Georgii Merkulov,C,BOS,24,0,0,0,0,0.0
1,8483570,Ben Meyers,C,SEA,26,0,0,0,0,0.0
1,8481462,Mason Morelli,L,VGK,28,0,0,0,0,0.0
1,8483531,Brian Halonen,L,NJD,25,0,0,0,0,0.0
1,8482070,Mitchell Chaffee,R,TBL,26,0,0,0,0,0.0
1,8481024,Linus Karlsson,C,VAN,25,0,0,0,0,0.0
1,8481065,Angus Crookshank,L,OTT,25,0,0,0,0,0.0
1,8483012,Logan Morrison,C,SEA,22,0,0,0,0,0.0
1,8483395,Arshdeep Bains,L,VAN,23,0,0,0,0,0.0
1,8482118,Sam Colangelo,R,ANA,23,0,0,0,0,0.0
1,8482201,Gage Goncalves,C,TBL,23,0,0,0,0,0.0
1,8480870,Bo Groulx,C,NYR,24,0,0,0,0,0.0
1,8482713,Mackie Samoskevich,R,FLA,22,0,0,0,0,0.0
1,8481578,Graeme Clarke,R,MIN,23,0,0,0,0,0.0
1,8482088,Justin Sourdif,R,FLA,22,0,0,0,0,0.0
1,8479638,Justin Brazeau,R,BOS,26,0,0,0,0,0.0
1,8484314,Jiri Smejkal,L,,28,0,0,0,0,0.0
1,8481556,John Beecher,C,BOS,23,0,0,0,0,0.0
