playerId,skaterFullName,teamAbbrevs,positionCode,gamesPlayed,goals,assists,points,birthCity,birthCountryCode,birthDate,birthStateProvinceCode,draftOverall,draftRound,draftYear,firstSeasonForGameType,height,isInHallOfFameYn,lastName,nationalityCode,shootsCatches,weight
8471214,Alex Ovechkin,WSH,L,82,65,47,112,Moscow,RUS,1985-09-17,,1.0,1.0,2004.0,20052006,75,N,Ovechkin,RUS,R,238
8471215,Evgeni Malkin,PIT,C,82,47,59,106,Magnitogorsk,RUS,1986-07-31,,2.0,1.0,2004.0,20062007,77,N,Malkin,RUS,L,213
8462042,Jarome Iginla,CGY,R,82,50,48,98,Edmonton,CAN,1977-07-01,AB,11.0,1.0,1995.0,19961997,73,Y,Iginla,CAN,R,210
8467514,Pavel Datsyuk,DET,C,82,31,66,97,Sverdlovsk,RUS,1978-07-20,,171.0,6.0,1998.0,20012002,71,Y,Datsyuk,RUS,L,194
8466138,Joe Thornton,SJS,C,82,29,67,96,London,CAN,1979-07-02,ON,1.0,1.0,1997.0,19971998,76,Y,Thornton,CAN,L,220
8468083,Henrik Zetterberg,DET,C,75,43,49,92,Njurunda,SWE,1980-10-09,,210.0,7.0,1999.0,20022003,72,N,Zetterberg,SWE,L,197
8467329,Vincent Lecavalier,TBL,C,81,40,52,92,Ile Bizard,CAN,1980-04-21,QC,1.0,1.0,1998.0,19981999,76,N,Lecavalier,CAN,L,215
8469455,Jason Spezza,OTT,C,76,34,58,92,Toronto,CAN,1983-06-13,ON,2.0,1.0,2001.0,20022003,75,N,Spezza,CAN,R,219
8460621,Daniel Alfredsson,OTT,R,70,40,49,89,Gothenburg,SWE,1972-12-11,,133.0,6.0,1994.0,19951996,71,Y,Alfredsson,SWE,R,203
8469454,Ilya Kovalchuk,ATL,L,79,52,35,87,Tver,RUS,1983-04-15,,1.0,1.0,2001.0,20012002,75,N,Kovalchuk,RUS,R,222
8458529,Alex Kovalev,MTL,R,82,35,49,84,Togliatti,RUS,1973-02-24,,15.0,1.0,1991.0,19921993,74,N,Kovalev,RUS,L,222
8468483,Marian Gaborik,MIN,R,77,42,41,83,Trencin,SVK,1982-02-14,,3.0,1.0,2000.0,20002001,73,N,Gaborik,SVK,L,200
8467371,Mike Ribeiro,DAL,C,76,27,56,83,Montréal,CAN,1980-02-10,QC,45.0,2.0,1998.0,19992000,72,N,Ribeiro,CAN,L,179
8466378,Martin St. Louis,TBL,R,82,25,58,83,Laval,CAN,1975-06-18,QC,,,,19981999,68,Y,St. Louis,CAN,L,180
8468482,Dany Heatley,OTT,L,71,41,41,82,Freiburg,DEU,1981-01-21,,2.0,1.0,2000.0,20012002,75,N,Heatley,CAN,L,212
8470595,Eric Staal,CAR,C,82,38,44,82,Thunder Bay,CAN,1984-10-29,ON,2.0,1.0,2003.0,20032004,76,N,Staal,CAN,L,195
8470612,Ryan Getzlaf,ANA,C,77,24,58,82,Regina,CAN,1985-05-10,SK,19.0,1.0,2003.0,20052006,76,N,Getzlaf,CAN,R,220
8469485,Derek Roy,BUF,C,78,32,49,81,Ottawa,CAN,1983-05-04,ON,32.0,2.0,2001.0,20032004,69,N,Roy,CAN,L,184
8469506,Jason Pominville,BUF,R,82,27,53,80,Repentigny,CAN,1982-11-30,QC,55.0,2.0,2001.0,20032004,71,N,Pominville,CAN,R,180
8451774,Mats Sundin,TOR,C,74,32,46,78,Bromma,SWE,1971-02-13,,1.0,1.0,1989.0,19901991,77,Y,Sundin,SWE,R,231
8462038,Shane Doan,PHX,R,80,28,50,78,Halkirk,CAN,1976-10-10,AB,7.0,1.0,1995.0,19951996,73,N,Doan,CAN,R,223
8462118,Marc Savard,BOS,C,74,15,63,78,Ottawa,CAN,1977-07-17,ON,91.0,4.0,1995.0,19971998,70,N,Savard,CAN,L,191
8471685,Anze Kopitar,LAK,C,82,32,45,77,Jesenice,SVN,1987-08-24,,11.0,1.0,2005.0,20062007,75,N,Kopitar,SVN,L,225
8467876,Henrik Sedin,VAN,C,82,15,61,76,Ornskoldsvik,SWE,1980-09-26,,3.0,1.0,1999.0,20002001,74,Y,Sedin,SWE,L,183
8470617,Mike Richards,PHI,C,73,28,47,75,Kenora,CAN,1985-02-11,ON,24.0,1.0,2003.0,20052006,71,N,Richards,CAN,L,196
8466160,Brenden Morrow,DAL,L,82,32,42,74,Carlyle,CAN,1979-01-16,SK,25.0,1.0,1997.0,19992000,71,N,Morrow,CAN,L,212
8467875,Daniel Sedin,VAN,L,82,29,45,74,Ornskoldsvik,SWE,1980-09-26,,2.0,1.0,1999.0,20002001,73,Y,Sedin,SWE,L,190
8464975,Daniel Brière,PHI,C,79,31,41,72,Gatineau,CAN,1977-10-06,QC,24.0,1.0,1996.0,19971998,69,N,Brière,CAN,R,174
8464957,J-P Dumont,NSH,R,80,29,43,72,Montréal,CAN,1978-04-01,QC,3.0,1.0,1996.0,19981999,73,N,Dumont,CAN,L,205
8459429,Jason Arnott,NSH,C,79,28,44,72,Collingwood,CAN,1974-10-11,ON,7.0,1.0,1993.0,19931994,77,N,Arnott,CAN,R,220
8471675,Sidney Crosby,PIT,C,53,24,48,72,Cole Harbour,CAN,1987-08-07,NS,1.0,1.0,2005.0,20052006,71,N,Crosby,CAN,L,200
8474141,Patrick Kane,CHI,R,82,21,51,72,Buffalo,USA,1988-11-19,NY,1.0,1.0,2007.0,20072008,70,N,Kane,USA,L,176
8466140,Olli Jokinen,FLA,C,82,34,37,71,Kuopio,FIN,1978-12-05,,3.0,1.0,1997.0,19971998,74,N,Jokinen,FIN,L,210
8459492,Vinny Prospal,"TBL,PHI",L,80,33,38,71,České Budějovice,CZE,1975-02-17,,71.0,3.0,1993.0,19961997,74,N,Prospal,CZE,L,191
8448208,Jaromir Jagr,NYR,R,82,25,46,71,Kladno,CZE,1972-02-15,,5.0,1.0,1990.0,19901991,75,N,Jagr,CZE,L,230
8471669,Paul Stastny,COL,C,66,24,47,71,Quebec City,CAN,1985-12-27,QC,44.0,2.0,2005.0,20062007,72,N,Stastny,USA,L,193
8469466,Ales Hemsky,EDM,R,74,20,51,71,Pardubice,CZE,1983-08-13,,13.0,1.0,2001.0,20022003,72,N,Hemsky,CZE,R,177
8467351,Scott Gomez,NYR,C,81,16,54,70,Anchorage,USA,1979-12-23,AK,27.0,1.0,1998.0,19992000,71,N,Gomez,USA,L,200
8457063,Nicklas Lidstrom,DET,D,76,10,60,70,Vasteras,SWE,1970-04-28,,53.0,3.0,1989.0,19911992,73,Y,Lidstrom,SWE,L,192
8470041,Rick Nash,CBJ,L,80,38,31,69,Brampton,CAN,1984-06-16,ON,1.0,1.0,2002.0,20022003,76,N,Nash,CAN,L,211
8469521,Tomas Plekanec,MTL,C,81,29,40,69,Kladno,CZE,1982-10-31,,71.0,3.0,2001.0,20032004,71,N,Plekanec,CZE,L,190
8473563,Nicklas Backstrom,WSH,C,82,14,55,69,Gavle,SWE,1987-11-23,,4.0,1.0,2006.0,20072008,73,N,Backstrom,SWE,L,202
8468500,Alex Frolov,LAK,L,71,23,44,67,Moscow,RUS,1982-06-19,,20.0,1.0,2000.0,20022003,74,N,Frolov,RUS,R,210
8466148,Marian Hossa,"ATL,PIT",R,72,29,37,66,Stará Lubovna,SVK,1979-01-12,,12.0,1.0,1997.0,19971998,73,Y,Hossa,SVK,L,207
8466181,Kristian Huselius,CGY,L,81,25,41,66,Osterhaninge,SWE,1978-11-10,,47.0,2.0,1997.0,20012002,74,N,Huselius,SWE,L,184
8468504,Brad Boyes,STL,R,82,43,22,65,Mississauga,CAN,1982-04-17,ON,24.0,1.0,2000.0,20032004,72,N,Boyes,CAN,R,199
8470610,Zach Parise,NJD,L,81,32,33,65,Minneapolis,USA,1984-07-28,MN,17.0,1.0,2003.0,20052006,71,N,Parise,USA,L,195
8462036,Daymond Langkow,CGY,C,80,30,35,65,Edmonton,CAN,1976-09-27,AB,5.0,1.0,1995.0,19951996,70,N,Langkow,CAN,L,181
8458943,Cory Stillman,"CAR,OTT",L,79,24,41,65,Peterborough,CAN,1973-12-20,ON,6.0,1.0,1992.0,19941995,72,N,Stillman,CAN,L,193
8459426,Paul Kariya,STL,L,82,16,49,65,Vancouver,CAN,1974-10-16,BC,4.0,1.0,1993.0,19941995,70,Y,Kariya,CAN,L,185
8458951,Sergei Gonchar,PIT,D,78,12,53,65,Chelyabinsk,RUS,1974-04-13,,14.0,1.0,1992.0,19941995,74,N,Gonchar,RUS,L,210
8470598,Thomas Vanek,BUF,L,82,36,28,64,Vienna,AUT,1984-01-19,,5.0,1.0,2003.0,20052006,74,N,Vanek,AUT,R,214
8460465,Petr Sykora,PIT,R,81,28,35,63,Plzen,CZE,1976-11-19,,18.0,1.0,1995.0,19951996,72,N,Sykora,CZE,L,190
8470153,Pierre-Marc Bouchard,MIN,C,81,13,50,63,Sherbrooke,CAN,1984-04-27,QC,8.0,1.0,2002.0,20022003,70,N,Bouchard,CAN,L,168
8469544,Patrick Sharp,CHI,L,80,36,26,62,Winnipeg,CAN,1981-12-27,MB,95.0,3.0,2001.0,20022003,73,N,Sharp,CAN,R,200
8470596,Nathan Horton,FLA,R,82,27,35,62,Welland,CAN,1985-05-29,ON,3.0,1.0,2003.0,20032004,74,N,Horton,CAN,R,229
8467389,Brad Richards,"TBL,DAL",C,74,20,42,62,Murray Harbour,CAN,1980-05-02,PE,64.0,3.0,1998.0,20002001,72,N,Richards,CAN,L,199
8468309,Mark Streit,MTL,D,81,13,49,62,Bern,CHE,1977-12-11,,262.0,9.0,2004.0,20052006,71,N,Streit,CHE,L,186
8466285,Brian Campbell,"BUF,SJS",D,83,8,54,62,Strathroy,CAN,1979-05-23,ON,156.0,6.0,1997.0,19992000,70,N,Campbell,CAN,L,192
8470597,Nikolay Zherdev,CBJ,R,82,26,35,61,Kiev,UKR,1984-11-05,,4.0,1.0,2003.0,20032004,74,N,Zherdev,RUS,R,203
8458537,Ray Whitney,CAR,L,66,25,36,61,Fort Saskatchewan,CAN,1972-05-08,AB,23.0,2.0,1991.0,19911992,70,N,Whitney,CAN,R,180
8470606,Dustin Brown,LAK,R,78,33,27,60,Ithaca,USA,1984-11-04,NY,13.0,1.0,2003.0,20032004,72,N,Brown,USA,R,205
8470602,Dion Phaneuf,CGY,D,82,17,43,60,Edmonton,CAN,1985-04-10,AB,9.0,1.0,2003.0,20052006,76,N,Phaneuf,CAN,L,222
8458525,Brian Rolston,MIN,R,81,31,28,59,Flint,USA,1973-02-21,MI,11.0,1.0,1991.0,19941995,74,N,Rolston,USA,L,215
8459596,Andrew Brunette,COL,L,82,19,40,59,Sudbury,CAN,1973-08-24,ON,174.0,7.0,1993.0,19951996,73,N,Brunette,CAN,L,215
8458229,Keith Tkachuk,STL,L,79,27,31,58,Melrose,USA,1972-03-28,MA,19.0,1.0,1990.0,19911992,74,N,Tkachuk,USA,L,235
8471228,Alexander Radulov,NSH,R,81,26,32,58,Nizhny Tagil,RUS,1986-07-05,,15.0,1.0,2004.0,20062007,73,N,Radulov,RUS,L,200
8460562,Chris Drury,NYR,C,82,25,33,58,Trumbull,USA,1976-08-20,CT,72.0,3.0,1994.0,19981999,70,N,Drury,USA,R,191
8467338,Alex Tanguay,CGY,L,78,18,40,58,Ste-Justine,CAN,1979-11-21,QC,12.0,1.0,1998.0,19992000,73,N,Tanguay,CAN,L,194
8467496,Andrei Markov,MTL,D,82,16,42,58,Voskresensk,RUS,1978-12-20,,162.0,6.0,1998.0,20002001,72,N,Markov,RUS,L,200
8468064,Martin Erat,NSH,R,76,23,34,57,Trebic,CZE,1981-08-29,,191.0,7.0,1999.0,20012002,72,N,Erat,CZE,L,196
8449645,Mike Modano,DAL,C,82,21,36,57,Livonia,USA,1970-06-07,MI,1.0,1.0,1988.0,19891990,75,Y,Modano,USA,L,212
8464979,Marco Sturm,BOS,L,80,27,29,56,Dingolfing,DEU,1978-09-08,,21.0,1.0,1996.0,19971998,72,N,Sturm,DEU,L,196
8468085,Radim Vrbata,PHX,R,76,27,29,56,Mlada Boleslav,CZE,1981-06-13,,212.0,7.0,1999.0,20012002,73,N,Vrbata,CZE,R,194
8467353,Nik Antropov,TOR,C,72,26,30,56,Ust-Kamenogorsk,KAZ,1980-02-18,,10.0,1.0,1998.0,19992000,78,N,Antropov,KAZ,L,245
8471242,Mike Green,WSH,D,82,18,38,56,Calgary,CAN,1985-10-12,AB,29.0,1.0,2004.0,20052006,73,N,Green,CAN,R,210
8459442,Saku Koivu,MTL,C,77,16,40,56,Turku,FIN,1974-11-23,,21.0,1.0,1993.0,19951996,70,N,Koivu,FIN,L,181
8458590,Mike Knuble,PHI,R,82,29,26,55,Toronto,CAN,1972-07-04,ON,76.0,4.0,1991.0,19961997,75,N,Knuble,USA,R,229
8458530,Markus Naslund,VAN,L,82,25,30,55,Ornskoldsvik,SWE,1973-07-30,,16.0,1.0,1991.0,19931994,72,N,Naslund,SWE,L,191
8470599,Milan Michalek,SJS,L,79,24,31,55,Jindrichuv Hradec,CZE,1984-12-07,,6.0,1.0,2003.0,20032004,74,N,Michalek,CZE,L,225
8460542,Patrik Elias,NJD,C,74,20,35,55,Trebic,CZE,1976-04-13,,51.0,2.0,1994.0,19951996,73,N,Elias,CZE,L,190
8467856,Brian Rafalski,DET,D,73,13,42,55,Dearborn,USA,1973-09-28,MI,,,,19992000,70,N,Rafalski,USA,R,194
8460577,Milan Hejduk,COL,R,77,29,25,54,Usti,CZE,1976-02-14,,87.0,4.0,1994.0,19981999,72,N,Hejduk,CZE,R,190
8470621,Corey Perry,ANA,R,70,29,25,54,Peterborough,CAN,1985-05-16,ON,28.0,1.0,2003.0,20052006,75,N,Perry,CAN,R,210
8473604,Jonathan Toews,CHI,C,64,24,30,54,Winnipeg,CAN,1988-04-29,MB,3.0,1.0,2006.0,20072008,74,N,Toews,CAN,L,201
8473526,Peter Mueller,PHX,C,81,22,32,54,Bloomington,USA,1988-04-14,MN,8.0,1.0,2006.0,20072008,74,N,Mueller,USA,R,204
8456966,Robert Lang,CHI,C,76,21,33,54,Teplice,CZE,1970-12-19,,133.0,7.0,1990.0,19921993,75,N,Lang,CZE,R,217
8459428,Viktor Kozlov,WSH,C,81,16,38,54,Togliatti,RUS,1975-02-14,,6.0,1.0,1993.0,19941995,76,N,Kozlov,RUS,R,232
8459648,Pavol Demitra,MIN,R,68,15,39,54,Dubnica nad Váhom,SVK,1974-11-29,,227.0,9.0,1993.0,19931994,72,N,Demitra,SVK,L,200
8470604,Jeff Carter,PHI,C,82,29,24,53,London,CAN,1985-01-01,ON,11.0,1.0,2003.0,20052006,75,N,Carter,CAN,R,219
8470603,Andrei Kostitsyn,MTL,L,78,26,27,53,Novopolotsk,BLR,1985-02-03,,10.0,1.0,2003.0,20052006,72,N,Kostitsyn,BLR,L,214
8468535,Antoine Vermette,OTT,C,81,24,29,53,St. Agapit,CAN,1982-07-20,QC,55.0,2.0,2000.0,20032004,73,N,Vermette,CAN,L,197
8467407,Brian Gionta,NJD,R,82,22,31,53,Rochester,USA,1979-01-18,NY,82.0,3.0,1998.0,20012002,67,N,Gionta,USA,R,178
8470649,Patrick O'Sullivan,LAK,C,82,22,31,53,Toronto,CAN,1985-02-01,ON,56.0,2.0,2003.0,20062007,71,N,O'Sullivan,CAN,L,189
8465200,Tomas Kaberle,TOR,D,82,8,45,53,Rakovnik,CZE,1978-03-02,,204.0,8.0,1996.0,19981999,73,N,Kaberle,CZE,L,212
8470274,Chris Higgins,MTL,L,82,27,25,52,Smithtown,USA,1983-06-02,NY,14.0,1.0,2002.0,20032004,72,N,Higgins,USA,L,205
8468434,Andy McDonald,"ANA,STL",C,82,18,34,52,Strathroy,CAN,1977-08-25,ON,,,,20002001,70,N,McDonald,CAN,L,175
8467844,Jason Blake,TOR,L,82,15,37,52,Moorhead,USA,1973-09-02,MN,,,,19981999,70,N,Blake,USA,L,190
8467988,Ryan Malone,PIT,L,77,27,24,51,Pittsburgh,USA,1979-12-01,PA,115.0,4.0,1999.0,20032004,76,N,Malone,USA,L,224
8467396,Erik Cole,CAR,L,73,22,29,51,Oswego,USA,1978-11-06,NY,71.0,3.0,1998.0,20012002,74,N,Cole,USA,L,205
8445735,Rod Brind'Amour,CAR,C,59,19,32,51,Ottawa,CAN,1970-08-09,ON,9.0,1.0,1988.0,19891990,73,N,Brind'Amour,CAN,L,205
8465009,Zdeno Chara,BOS,D,77,17,34,51,Trencin,SVK,1977-03-18,,56.0,3.0,1996.0,19971998,81,Y,Chara,SVK,L,250
8460492,Ed Jovanovski,PHX,D,80,12,39,51,Windsor,CAN,1976-06-26,ON,1.0,1.0,1994.0,19951996,75,N,Jovanovski,CAN,L,220
8467423,Shawn Horcoff,EDM,C,53,21,29,50,Trail,CAN,1978-09-17,BC,99.0,4.0,1998.0,20002001,73,N,Horcoff,CAN,L,210
8470543,Chris Kunitz,ANA,L,82,21,29,50,Regina,CAN,1979-09-26,SK,,,,20032004,72,N,Kunitz,CAN,L,188
8469469,R.J. Umberger,PHI,C,74,13,37,50,Pittsburgh,USA,1982-05-03,PA,16.0,1.0,2001.0,20052006,74,N,Umberger,USA,L,214
8462077,Jochen Hecht,BUF,C,75,22,27,49,Mannheim,DEU,1977-06-21,,49.0,2.0,1995.0,19981999,73,N,Hecht,DEU,L,198
8467964,Mike Comrie,NYI,C,76,21,28,49,Edmonton,CAN,1980-09-11,AB,91.0,3.0,1999.0,20002001,70,N,Comrie,CAN,L,185
8464989,Matt Cullen,CAR,C,59,13,36,49,Virginia,USA,1976-11-02,MN,35.0,2.0,1996.0,19971998,73,N,Cullen,USA,L,202
8474040,Sam Gagner,EDM,C,79,13,36,49,London,CAN,1989-08-10,ON,6.0,1.0,2007.0,20072008,71,N,Gagner,CAN,R,200
8466139,Patrick Marleau,SJS,C,78,19,29,48,Aneroid,CAN,1979-09-15,SK,2.0,1.0,1997.0,19971998,74,N,Marleau,CAN,L,215
8471234,Wojtek Wolski,COL,L,77,18,30,48,Zabrze,POL,1986-02-24,,21.0,1.0,2004.0,20052006,75,N,Wolski,POL,L,215
8450725,Mark Recchi,"PIT,ATL",R,72,14,34,48,Kamloops,CAN,1968-02-01,BC,67.0,4.0,1988.0,19881989,70,Y,Recchi,CAN,L,195
8466215,Joe Corvo,"OTT,CAR",D,74,13,35,48,Oak Park,USA,1977-06-20,IL,83.0,4.0,1997.0,20022003,72,N,Corvo,USA,R,204
8467370,Mike Fisher,OTT,C,79,23,24,47,Peterborough,CAN,1980-06-05,ON,44.0,2.0,1998.0,19992000,73,N,Fisher,CAN,R,216
8471208,Dustin Penner,EDM,L,82,23,24,47,Winkler,CAN,1982-09-28,MB,,,,20052006,76,N,Penner,CAN,L,247
8469500,Michael Cammalleri,LAK,L,63,19,28,47,Toronto,CAN,1982-06-08,ON,49.0,2.0,2001.0,20022003,69,N,Cammalleri,CAN,L,185
8451302,Brendan Shanahan,NYR,L,73,23,23,46,Mimico,CAN,1969-01-23,ON,2.0,1.0,1987.0,19871988,75,Y,Shanahan,CAN,R,220
8470207,Joffrey Lupul,PHI,L,56,20,26,46,Fort Saskatchewan,CAN,1983-09-23,AB,7.0,1.0,2002.0,20032004,73,N,Lupul,CAN,R,206
8468432,Steve Reinprecht,PHX,C,81,16,30,46,Edmonton,CAN,1976-05-07,AB,,,,19992000,72,N,Reinprecht,CAN,L,188
8471699,Andrew Cogliano,EDM,C,82,18,27,45,Toronto,CAN,1987-06-14,ON,25.0,1.0,2005.0,20072008,70,N,Cogliano,CAN,L,179
8466399,Eric Perrin,ATL,C,81,12,33,45,Laval,CAN,1975-11-01,QC,,,,20032004,69,N,Perrin,CAN,L,180
8456464,Bill Guerin,NYI,R,81,23,21,44,Worcester,USA,1970-11-09,MA,5.0,1.0,1989.0,19911992,74,N,Guerin,USA,R,220
8467330,David Legwand,NSH,C,65,15,29,44,Detroit,USA,1980-08-17,MI,2.0,1.0,1998.0,19981999,74,N,Legwand,USA,L,207
8459670,Kimmo Timonen,PHI,D,80,8,36,44,Kuopio,FIN,1975-03-18,,250.0,10.0,1993.0,19981999,70,N,Timonen,FIN,L,194
8468486,Scott Hartnell,PHI,L,80,24,19,43,Regina,CAN,1982-04-18,SK,6.0,1.0,2000.0,20002001,74,N,Hartnell,CAN,L,215
8467502,Ales Kotalik,BUF,R,79,23,20,43,Jindrichuv Hradec,CZE,1978-12-23,,164.0,6.0,1998.0,20012002,73,N,Kotalik,CZE,R,225
8466371,John Madden,NJD,C,80,20,23,43,Toronto,CAN,1973-05-04,ON,,,,19981999,71,N,Madden,CAN,L,190
8470613,Brent Burns,MIN,D,82,15,28,43,Barrie,CAN,1985-03-09,ON,20.0,1.0,2003.0,20032004,77,N,Burns,CAN,R,228
8459424,Chris Pronger,ANA,D,72,12,31,43,Dryden,CAN,1974-10-10,ON,2.0,1.0,1993.0,19931994,78,Y,Pronger,CAN,L,220
8469623,Marek Zidlicky,NSH,D,79,5,38,43,Most,CZE,1977-02-03,,176.0,6.0,2001.0,20032004,71,N,Zidlicky,CZE,R,190
8470120,Alexander Semin,WSH,R,63,26,16,42,Krasnojarsk,RUS,1984-03-03,,13.0,1.0,2002.0,20032004,74,N,Semin,RUS,R,211
8466149,Daniel Cleary,DET,R,63,20,22,42,Carbonear,CAN,1978-12-18,NL,13.0,1.0,1997.0,19971998,73,N,Cleary,CAN,L,205
8467831,Jeff Halpern,"DAL,TBL",C,83,20,22,42,Washington,USA,1976-05-03,DC,,,,19992000,72,N,Halpern,USA,R,190
8469638,Jussi Jokinen,"DAL,TBL",L,72,16,26,42,Kalajoki,FIN,1983-04-01,,192.0,6.0,2001.0,20052006,72,N,Jokinen,FIN,L,191
8470257,Alexander Steen,TOR,L,76,15,27,42,Winnipeg,CAN,1984-03-01,MB,24.0,1.0,2002.0,20052006,72,N,Steen,SWE,L,211
8469457,Stephen Weiss,FLA,C,74,13,29,42,Toronto,CAN,1983-04-03,ON,4.0,1.0,2001.0,20012002,71,N,Weiss,CAN,L,190
8470201,Jiri Hudler,DET,R,81,13,29,42,Olomouc,CZE,1984-01-04,,58.0,2.0,2002.0,20032004,70,N,Hudler,CZE,L,190
8469459,Mikko Koivu,MIN,C,57,11,31,42,Turku,FIN,1983-03-12,,6.0,1.0,2001.0,20052006,75,N,Koivu,FIN,L,213
8467943,Niklas Hagman,DAL,L,82,27,14,41,Espoo,FIN,1979-12-05,,70.0,3.0,1999.0,20012002,70,N,Hagman,FIN,L,205
8456887,Vyacheslav Kozlov,ATL,L,82,17,24,41,Voskresensk,RUS,1972-05-03,,45.0,3.0,1990.0,19911992,70,N,Kozlov,RUS,L,190
8459534,Miroslav Satan,NYI,R,80,16,25,41,Topolcany,SVK,1974-10-22,,111.0,5.0,1993.0,19951996,75,N,Satan,SVK,L,191
8458955,Martin Straka,NYR,C,65,14,27,41,Plzen,CZE,1972-09-03,,19.0,1.0,1992.0,19921993,69,N,Straka,CZE,L,180
8459457,Jamie Langenbrunner,NJD,R,64,13,28,41,Cloquet,USA,1975-07-24,MN,35.0,2.0,1993.0,19941995,73,N,Langenbrunner,USA,R,205
8467466,Trent Hunter,NYI,R,82,12,29,41,Red Deer,CAN,1980-07-05,AB,150.0,6.0,1998.0,20022003,75,N,Hunter,CAN,R,217
8446788,Sergei Fedorov,"CBJ,WSH",C,68,11,30,41,Pskov,RUS,1969-12-13,,74.0,4.0,1989.0,19901991,74,Y,Fedorov,RUS,L,207
8470608,Robert Nilsson,EDM,C,71,10,31,41,Calgary,CAN,1985-01-10,AB,15.0,1.0,2003.0,20052006,71,N,Nilsson,CAN,L,185
8468598,Lubomir Visnovsky,LAK,D,82,8,33,41,Topolcany,SVK,1976-08-11,,118.0,4.0,2000.0,20002001,70,N,Visnovsky,SVK,L,192
8471266,David Booth,FLA,L,73,22,18,40,Detroit,USA,1984-11-24,MI,53.0,2.0,2004.0,20062007,72,N,Booth,USA,L,212
8460743,Tomas Holmstrom,DET,L,59,20,20,40,Pitea,SWE,1973-01-23,,257.0,10.0,1994.0,19961997,72,N,Holmstrom,SWE,L,200
8470794,Joe Pavelski,SJS,C,82,19,21,40,Plover,USA,1984-07-11,WI,205.0,7.0,2003.0,20062007,73,N,Pavelski,USA,R,196
8459444,Todd Bertuzzi,ANA,R,68,14,26,40,Sudbury,CAN,1975-02-02,ON,23.0,1.0,1993.0,19951996,75,N,Bertuzzi,CAN,L,229
8471273,Brandon Dubinsky,NYR,C,82,14,26,40,Anchorage,USA,1986-04-29,AK,60.0,2.0,2004.0,20062007,74,N,Dubinsky,USA,L,208
8451101,Joe Sakic,COL,C,44,13,27,40,Burnaby,CAN,1969-07-07,BC,15.0,1.0,1987.0,19881989,71,Y,Sakic,CAN,L,195
8470309,Ryan Whitney,PIT,D,76,12,28,40,Boston,USA,1983-02-19,MA,5.0,1.0,2002.0,20052006,76,N,Whitney,USA,L,209
8465210,Pavel Kubina,TOR,D,72,11,29,40,Celadna,CZE,1977-04-15,,179.0,7.0,1996.0,19971998,76,N,Kubina,CZE,R,258
8467463,Mikael Samuelsson,DET,R,73,11,29,40,Mariefred,SWE,1976-12-23,,145.0,5.0,1998.0,20002001,74,N,Samuelsson,SWE,R,218
8467878,Tim Connolly,BUF,C,48,7,33,40,Syracuse,USA,1981-05-07,NY,5.0,1.0,1999.0,19992000,73,N,Connolly,USA,R,190
8469467,Chuck Kobasew,BOS,R,73,22,17,39,Vancouver,CAN,1982-04-17,BC,14.0,1.0,2001.0,20022003,72,N,Kobasew,CAN,R,192
8451224,Mathieu Schneider,ANA,D,65,12,27,39,New York City,USA,1969-06-12,NY,44.0,3.0,1987.0,19871988,71,N,Schneider,USA,L,192
8471309,Johan Franzen,DET,R,72,27,11,38,Vetlanda,SWE,1979-12-23,,97.0,3.0,2004.0,20052006,76,N,Franzen,SWE,L,232
8471226,Drew Stafford,BUF,R,64,16,22,38,Milwaukee,USA,1985-10-30,WI,13.0,1.0,2004.0,20062007,74,N,Stafford,USA,R,215
8464977,Dainius Zubrus,NJD,C,82,13,25,38,Elektrenai,LTU,1978-06-16,,15.0,1.0,1996.0,19961997,77,N,Zubrus,LTU,L,225
8465058,Michal Rozsival,NYR,D,80,13,25,38,Vlasim,CZE,1978-09-03,,105.0,4.0,1996.0,19992000,73,N,Rozsival,CZE,R,210
8470740,Lee Stempniak,STL,R,80,13,25,38,West Seneca,USA,1983-02-04,NY,148.0,5.0,2003.0,20052006,71,N,Stempniak,USA,R,195
8462033,Wade Redden,OTT,D,80,6,32,38,Lloydminster,CAN,1977-06-12,SK,2.0,1.0,1995.0,19961997,74,N,Redden,CAN,L,205
8470828,Toby Enstrom,ATL,D,82,5,33,38,Nordingra,SWE,1984-11-05,,239.0,8.0,2003.0,20072008,70,N,Enstrom,SWE,L,180
8469670,Marek Svatos,COL,R,62,26,11,37,Kosice,SVK,1982-06-17,,227.0,7.0,2001.0,20032004,70,N,Svatos,SVK,R,185
8467357,Jonathan Cheechoo,SJS,R,69,23,14,37,Moose Factory,CAN,1980-07-15,ON,29.0,2.0,1998.0,20022003,73,N,Cheechoo,CAN,R,206
8469639,Brooks Laich,WSH,C,82,21,16,37,Wawota,CAN,1983-06-23,SK,193.0,6.0,2001.0,20032004,74,N,Laich,CAN,L,200
8470616,Ryan Kesler,VAN,C,80,21,16,37,Livonia,USA,1984-08-31,MI,23.0,1.0,2003.0,20032004,74,N,Kesler,USA,R,206
8473548,Phil Kessel,BOS,R,82,19,18,37,Madison,USA,1987-10-02,WI,5.0,1.0,2006.0,20062007,71,N,Kessel,USA,R,208
8467881,Taylor Pyatt,VAN,L,79,16,21,37,Thunder Bay,CAN,1981-08-19,ON,8.0,1.0,1999.0,20002001,76,N,Pyatt,CAN,L,230
8459024,Jere Lehtinen,DAL,R,48,15,22,37,Espoo,FIN,1973-06-24,,88.0,4.0,1992.0,19951996,72,N,Lehtinen,FIN,R,194
8470151,Jay Bouwmeester,FLA,D,82,15,22,37,Edmonton,CAN,1983-09-27,AB,3.0,1.0,2002.0,20022003,76,N,Bouwmeester,CAN,L,206
8460496,Ryan Smyth,COL,L,55,14,23,37,Banff,CAN,1976-02-21,AB,6.0,1.0,1994.0,19941995,74,N,Smyth,CAN,L,191
8465968,Brett McLean,FLA,C,67,14,23,37,Comox,CAN,1978-08-14,BC,242.0,9.0,1997.0,20022003,71,N,McLean,CAN,L,184
8466392,Todd White,ATL,C,74,14,23,37,Kanata,CAN,1975-05-21,ON,,,,19971998,70,N,White,CAN,L,198
8465050,Eric Belanger,MIN,C,75,13,24,37,Sherbrooke,CAN,1977-12-16,QC,96.0,4.0,1996.0,20002001,71,N,Belanger,CAN,L,185
8458573,Michael Nylander,WSH,C,40,11,26,37,Stockholm,SWE,1972-10-03,,59.0,3.0,1991.0,19921993,73,N,Nylander,SWE,L,200
8470047,Valtteri Filppula,DET,C,78,19,17,36,Vantaa,FIN,1984-03-20,,95.0,3.0,2002.0,20052006,72,N,Filppula,FIN,L,189
8470834,Dustin Byfuglien,CHI,D,67,19,17,36,Roseau,USA,1985-03-27,MN,245.0,8.0,2003.0,20052006,77,N,Byfuglien,USA,R,260
8468604,Michel Ouellet,TBL,R,64,17,19,36,Rimouski,CAN,1982-03-05,QC,124.0,4.0,2000.0,20052006,73,N,Ouellet,CAN,R,193
8466035,Sergei Samsonov,"CHI,CAR",L,61,14,22,36,Moscow,RUS,1978-10-27,,8.0,1.0,1997.0,19971998,68,N,Samsonov,RUS,R,188
8468526,Jarret Stoll,EDM,C,81,14,22,36,Melville,CAN,1982-06-24,SK,36.0,2.0,2002.0,20022003,73,N,Stoll,CAN,R,216
8468695,Matthew Lombardi,CGY,C,82,14,22,36,Montréal,CAN,1982-03-18,QC,90.0,3.0,2002.0,20032004,71,N,Lombardi,CAN,L,195
8468789,Jason Williams,CHI,C,43,13,23,36,London,CAN,1980-08-11,ON,,,,20002001,71,N,Williams,CAN,R,192
8469770,Dennis Wideman,BOS,D,81,13,23,36,Kitchener,CAN,1983-03-20,ON,241.0,8.0,2002.0,20052006,72,N,Wideman,CAN,R,202
8468700,Paul Gaustad,BUF,C,82,10,26,36,Fargo,USA,1982-02-03,ND,220.0,7.0,2000.0,20022003,77,N,Gaustad,USA,L,227
8470601,Braydon Coburn,PHI,D,78,9,27,36,Shaunavon,CAN,1985-02-27,SK,8.0,1.0,2003.0,20052006,77,N,Coburn,CAN,L,224
8471236,Andrej Meszaros,OTT,D,82,9,27,36,Považská Bystrica,SVK,1985-10-13,,23.0,1.0,2004.0,20052006,74,N,Meszaros,SVK,L,223
8470230,Daniel Paille,BUF,L,77,19,16,35,Welland,CAN,1984-04-15,ON,20.0,1.0,2002.0,20052006,73,N,Paille,CAN,L,200
8467412,Alexei Ponikarovsky,TOR,L,66,18,17,35,Kiev,UKR,1980-04-09,,87.0,4.0,1998.0,20002001,76,N,Ponikarovsky,UKR,L,225
8467416,Josef Vasicek,NYI,C,81,16,19,35,Havlickuv Brod,CZE,1980-09-12,,91.0,4.0,1998.0,20002001,77,N,Vasicek,CZE,L,214
8469474,Colby Armstrong,"PIT,ATL",R,72,13,22,35,Lloydminster,CAN,1982-11-23,SK,21.0,1.0,2001.0,20052006,74,N,Armstrong,CAN,R,185
8462081,Jan Hlavac,"TBL,NSH",L,80,12,23,35,Prague,CZE,1976-09-20,,28.0,2.0,1995.0,19992000,72,N,Hlavac,CZE,L,201
8459053,Adrian Aucoin,CGY,D,76,10,25,35,Ottawa,CAN,1973-07-03,ON,117.0,5.0,1992.0,19941995,74,N,Aucoin,CAN,R,215
8459064,Derek Armstrong,LAK,C,77,8,27,35,Ottawa,CAN,1973-04-23,ON,128.0,6.0,1992.0,19931994,72,N,Armstrong,CAN,R,197
8471691,Martin Hanzal,PHX,C,72,8,27,35,Pisek,CZE,1987-02-20,,17.0,1.0,2005.0,20072008,78,N,Hanzal,CZE,L,230
8468509,Niklas Kronwall,DET,D,65,7,28,35,Stockholm,SWE,1981-01-12,,29.0,1.0,2000.0,20032004,72,N,Kronwall,SWE,L,194
8459004,Craig Rivet,SJS,D,74,5,30,35,North Bay,CAN,1974-09-13,ON,68.0,3.0,1992.0,19941995,74,N,Rivet,CAN,R,207
8458494,Sergei Zubov,DAL,D,46,4,31,35,Moscow,RUS,1970-07-22,,85.0,5.0,1990.0,19921993,73,Y,Zubov,RUS,R,198
8459574,Darcy Tucker,TOR,R,74,18,16,34,Castor,CAN,1975-03-15,AB,151.0,6.0,1993.0,19951996,70,N,Tucker,CAN,L,178
8447958,Bobby Holik,ATL,C,82,15,19,34,Jihlava,CZE,1971-01-01,,10.0,1.0,1989.0,19901991,76,N,Holik,CZE,R,230
8468704,Antti Miettinen,DAL,R,69,15,19,34,Hämeenlinna,FIN,1980-07-03,,224.0,7.0,2000.0,20032004,72,N,Miettinen,FIN,R,190
8471233,Travis Zajac,NJD,C,82,14,20,34,Winnipeg,CAN,1985-05-13,MB,20.0,1.0,2004.0,20062007,74,N,Zajac,CAN,R,185
8455919,Craig Conroy,CGY,C,79,12,22,34,Potsdam,USA,1971-09-04,NY,123.0,6.0,1990.0,19941995,74,N,Conroy,USA,R,193
8458976,Michael Peca,CBJ,C,65,8,26,34,Toronto,CAN,1974-03-26,ON,40.0,2.0,1992.0,19931994,71,N,Peca,CAN,R,183
8468172,Ruslan Fedotenko,NYI,L,67,16,17,33,Kiev,UKR,1979-01-18,,,,,20002001,73,N,Fedotenko,UKR,L,200
8470162,Matt Stajan,TOR,C,82,16,17,33,Mississauga,CAN,1983-12-19,ON,57.0,2.0,2002.0,20022003,73,N,Stajan,CAN,L,195
8468224,Sean Avery,NYR,L,57,15,18,33,North York,CAN,1980-04-10,ON,,,,20012002,70,N,Avery,CAN,L,195
8450978,Jeremy Roenick,SJS,C,69,14,19,33,Boston,USA,1970-01-17,MA,8.0,1.0,1988.0,19881989,73,Y,Roenick,USA,R,205
8470104,Tom Gilbert,EDM,D,82,13,20,33,Bloomington,USA,1983-01-10,MN,129.0,4.0,2002.0,20062007,74,N,Gilbert,USA,R,210
8462823,Glen Metropolit,BOS,C,82,11,22,33,Toronto,CAN,1974-06-25,ON,,,,19992000,70,N,Metropolit,CAN,R,196
8473446,Erik Johnson,STL,D,69,5,28,33,Bloomington,USA,1988-03-21,MN,1.0,1.0,2006.0,20072008,76,N,Johnson,USA,R,225
8449895,Owen Nolan,CGY,R,77,16,16,32,Belfast,GBR,1972-02-12,,1.0,1.0,1990.0,19901991,73,N,Nolan,CAN,R,214
8470609,Steve Bernier,"SJS,BUF",R,76,16,16,32,Quebec City,CAN,1985-03-31,QC,16.0,1.0,2003.0,20052006,75,N,Bernier,CAN,R,225
8459547,Scott Walker,CAR,R,58,14,18,32,Cambridge,CAN,1973-07-19,ON,124.0,5.0,1993.0,19941995,70,N,Walker,CAN,R,196
8460541,Richard Park,NYI,R,82,12,20,32,Seoul,KOR,1976-05-27,,50.0,2.0,1994.0,19941995,71,N,Park,USA,R,190
8470281,Duncan Keith,CHI,D,82,12,20,32,Winnipeg,CAN,1983-07-16,MB,54.0,2.0,2002.0,20052006,73,Y,Keith,CAN,L,192
8469759,Vernon Fiddler,NSH,C,79,11,21,32,Edmonton,CAN,1980-05-09,AB,,,,20022003,71,N,Fiddler,CAN,L,205
8469462,Tuomo Ruutu,"CHI,CAR",L,77,10,22,32,Vantaa,FIN,1983-02-16,,9.0,1.0,2001.0,20032004,72,N,Ruutu,FIN,L,200
8467439,Jaroslav Spacek,BUF,D,60,9,23,32,Rokycany,CZE,1974-02-11,,117.0,5.0,1998.0,19981999,72,N,Spacek,CZE,L,210
8470607,Brent Seabrook,CHI,D,82,9,23,32,Richmond,CAN,1985-04-20,BC,14.0,1.0,2003.0,20052006,75,N,Seabrook,CAN,R,220
8468493,Ron Hainsey,CBJ,D,78,8,24,32,Bolton,USA,1981-03-24,CT,13.0,1.0,2000.0,20022003,75,N,Hainsey,USA,L,201
8468639,John-Michael Liles,COL,D,81,6,26,32,Indianapolis,USA,1980-11-25,IN,159.0,5.0,2000.0,20032004,70,N,Liles,USA,L,185
8468542,Paul Martin,NJD,D,73,5,27,32,Minneapolis,USA,1981-03-05,MN,62.0,2.0,2000.0,20032004,73,N,Martin,USA,L,200
8466251,Jason Chimera,CBJ,L,81,14,17,31,Edmonton,CAN,1979-05-02,AB,121.0,5.0,1997.0,20002001,75,N,Chimera,CAN,L,215
8467545,Michael Ryder,MTL,R,70,14,17,31,Bonavista,CAN,1980-03-31,NL,216.0,8.0,1998.0,20032004,73,N,Ryder,CAN,R,200
8470626,Loui Eriksson,DAL,L,69,14,17,31,Gothenburg,SWE,1985-07-17,,33.0,2.0,2003.0,20062007,74,N,Eriksson,SWE,L,179
8470803,Kyle Brodziak,EDM,C,80,14,17,31,St. Paul,CAN,1984-05-25,AB,214.0,7.0,2003.0,20052006,74,N,Brodziak,CAN,R,205
8470655,David Backes,STL,R,72,13,18,31,Minneapolis,USA,1984-05-01,MN,62.0,2.0,2003.0,20062007,75,N,Backes,USA,R,215
8470358,Alexandre Burrows,VAN,R,82,12,19,31,Pincourt,CAN,1981-04-11,QC,,,,20052006,73,N,Burrows,CAN,L,197
8467483,Tyler Arnason,COL,C,70,10,21,31,Oklahoma City,USA,1979-03-16,OK,183.0,7.0,1998.0,20012002,71,N,Arnason,USA,L,204
8470085,Paul Ranger,TBL,D,72,10,21,31,Whitby,CAN,1984-09-12,ON,183.0,6.0,2002.0,20052006,75,N,Ranger,CAN,L,210
8445550,Rob Blake,LAK,D,71,9,22,31,Simcoe,CAN,1969-12-10,ON,70.0,4.0,1988.0,19891990,76,Y,Blake,CAN,R,220
8470600,Ryan Suter,NSH,D,76,7,24,31,Madison,USA,1985-01-21,WI,7.0,1.0,2003.0,20052006,73,N,Suter,USA,L,201
8462225,Filip Kuba,TBL,D,75,6,25,31,Ostrava,CZE,1976-12-29,,192.0,8.0,1995.0,19981999,76,N,Kuba,CZE,L,225
8470905,Randy Jones,PHI,D,71,5,26,31,Quispamsis,CAN,1981-07-23,NB,,,,20032004,74,N,Jones,CAN,L,210
8458532,Glen Murray,BOS,R,63,17,13,30,Halifax,CAN,1972-11-01,NS,18.0,1.0,1991.0,19911992,75,N,Murray,CAN,R,218
8465026,Mark Parrish,MIN,R,66,16,14,30,Bloomington,USA,1977-02-02,MN,79.0,3.0,1996.0,19981999,71,N,Parrish,USA,R,199
8470105,Scottie Upshall,PHI,R,61,14,16,30,Fort McMurray,CAN,1983-10-07,AB,6.0,1.0,2002.0,20022003,72,N,Upshall,CAN,L,200
8471217,Andrew Ladd,"CAR,CHI",L,63,14,16,30,Maple Ridge,CAN,1985-12-12,BC,4.0,1.0,2004.0,20052006,75,N,Ladd,CAN,L,205
8467967,Chris Kelly,OTT,C,75,11,19,30,Toronto,CAN,1980-11-11,ON,94.0,3.0,1999.0,20032004,72,N,Kelly,CAN,L,190
8470039,Tomas Fleischmann,WSH,L,75,10,20,30,Koprivnice,CZE,1984-05-16,,63.0,2.0,2002.0,20052006,73,N,Fleischmann,CZE,L,192
8468508,Justin Williams,CAR,R,37,9,21,30,Cobourg,CAN,1981-10-04,ON,28.0,1.0,2000.0,20002001,73,N,Williams,CAN,R,184
8464962,Ruslan Salei,"FLA,COL",D,82,6,24,30,Minsk,BLR,1974-11-02,,9.0,1.0,1996.0,19961997,73,N,Salei,BLR,L,212
8460105,Radek Bonk,NSH,C,79,14,15,29,Krnov,CZE,1976-01-09,,3.0,1.0,1994.0,19941995,74,N,Bonk,CZE,L,210
8470741,Nigel Dawes,NYR,L,61,14,15,29,Winnipeg,CAN,1985-02-09,MB,149.0,5.0,2003.0,20062007,69,N,Dawes,CAN,L,200
8462209,P.J. Axelsson,BOS,L,75,13,16,29,Kungalv,SWE,1975-02-26,,177.0,7.0,1995.0,19971998,73,N,Axelsson,SWE,L,188
8467334,Manny Malhotra,CBJ,C,71,11,18,29,Mississauga,CAN,1980-05-18,ON,7.0,1.0,1998.0,19981999,74,N,Malhotra,CAN,L,207
8466110,Randy Robitaille,OTT,C,68,10,19,29,Ottawa,CAN,1975-10-12,ON,,,,19961997,71,N,Robitaille,CAN,L,200
8465012,Tom Poti,WSH,D,71,2,27,29,Worcester,USA,1977-03-22,MA,59.0,3.0,1996.0,19981999,75,N,Poti,USA,L,190
8473533,Jordan Staal,PIT,C,82,12,16,28,Thunder Bay,CAN,1988-09-10,ON,2.0,1.0,2006.0,20062007,76,N,Staal,CAN,L,220
8466202,Maxim Afinogenov,BUF,R,56,10,18,28,Moscow,RUS,1979-09-04,,69.0,3.0,1997.0,19992000,72,N,Afinogenov,RUS,L,190
8467516,Niko Kapanen,PHX,C,79,10,18,28,Hämeenlinna,FIN,1978-04-29,,173.0,6.0,1998.0,20012002,68,N,Kapanen,FIN,L,180
8471958,Dan Girardi,NYR,D,82,10,18,28,Welland,CAN,1984-04-29,ON,,,,20062007,73,N,Girardi,CAN,R,212
8473979,Jaroslav Hlinka,COL,C,63,8,20,28,Prague,CZE,1976-11-10,,,,,20072008,70,N,Hlinka,CZE,L,185
8471670,Guillaume Latendresse,MTL,L,73,16,11,27,Ste-Catherine,CAN,1987-05-24,QC,45.0,2.0,2005.0,20062007,74,N,Latendresse,CAN,L,230
8474102,David Perron,STL,L,62,13,14,27,Sherbrooke,CAN,1988-05-28,QC,26.0,1.0,2007.0,20072008,72,N,Perron,CAN,R,202
8459514,Jamal Mayers,STL,R,80,12,15,27,Toronto,CAN,1974-10-24,ON,89.0,4.0,1993.0,19961997,73,N,Mayers,CAN,R,222
8466393,Pascal Dupuis,"ATL,PIT",R,78,12,15,27,Laval,CAN,1979-04-07,QC,,,,20002001,73,N,Dupuis,CAN,L,205
8467899,Martin Havlat,CHI,R,35,10,17,27,Mlada Boleslav,CZE,1981-04-19,,26.0,1.0,1999.0,20002001,74,N,Havlat,CZE,L,210
8471859,Sergei Kostitsyn,MTL,L,52,9,18,27,Novopolotsk,BLR,1987-03-20,,200.0,7.0,2005.0,20072008,72,N,Kostitsyn,BLR,L,196
8473473,Milan Lucic,BOS,L,77,8,19,27,Vancouver,CAN,1988-06-07,BC,50.0,2.0,2006.0,20072008,75,N,Lucic,CAN,L,236
8471276,David Krejci,BOS,C,56,6,21,27,Sternberk,CZE,1986-04-28,,63.0,2.0,2004.0,20062007,72,N,Krejci,CZE,R,192
8460770,Kim Johnsson,MIN,D,80,4,23,27,Malmo,SWE,1976-03-16,,286.0,11.0,1994.0,19992000,73,N,Johnsson,SWE,L,193
8469465,Dan Hamhuis,NSH,D,80,4,23,27,Smithers,CAN,1982-12-13,BC,12.0,1.0,2001.0,20032004,73,N,Hamhuis,CAN,L,204
8460735,Richard Zednik,FLA,R,54,15,11,26,Banská Bystrica,SVK,1976-01-06,,249.0,10.0,1994.0,19951996,72,N,Zednik,SVK,L,200
8451359,Mike Sillinger,NYI,C,52,14,12,26,Regina,CAN,1971-06-29,SK,11.0,1.0,1989.0,19901991,71,N,Sillinger,CAN,R,198
8471220,Rostislav Olesz,FLA,L,56,14,12,26,Bilovec,CZE,1985-10-10,,7.0,1.0,2004.0,20052006,74,N,Olesz,CZE,L,215
8470171,Max Talbot,PIT,C,63,12,14,26,Lemoyne,CAN,1984-02-11,QC,234.0,8.0,2002.0,20052006,71,N,Talbot,CAN,L,186
8471476,Daniel Winnik,PHX,L,79,11,15,26,Toronto,CAN,1985-03-06,ON,265.0,9.0,2004.0,20072008,74,N,Winnik,CAN,L,210
8462093,Peter Schaefer,BOS,L,63,9,17,26,Regina,CAN,1977-07-12,SK,66.0,3.0,1995.0,19981999,73,N,Schaefer,CAN,L,200
8462196,Stephane Robidas,DAL,D,82,9,17,26,Sherbrooke,CAN,1977-03-03,QC,164.0,7.0,1995.0,19992000,71,N,Robidas,CAN,R,190
8466304,Ladislav Nagy,LAK,L,38,9,17,26,Saca,SVK,1979-06-01,,177.0,7.0,1997.0,19992000,71,N,Nagy,SVK,L,192
8470137,Joni Pitkanen,EDM,D,63,8,18,26,Oulu,FIN,1983-09-19,,4.0,1.0,2002.0,20032004,75,N,Pitkanen,FIN,L,220
8459455,David Vyborny,CBJ,R,66,7,19,26,Jihlava,CZE,1975-01-22,,33.0,2.0,1993.0,20002001,70,N,Vyborny,CZE,L,181
8470222,James Wisniewski,CHI,D,68,7,19,26,Canton,USA,1984-02-21,MI,156.0,5.0,2002.0,20052006,71,N,Wisniewski,USA,R,203
8471702,Matt Niskanen,DAL,D,78,7,19,26,Virginia,USA,1986-12-06,MN,28.0,1.0,2005.0,20072008,73,N,Niskanen,USA,R,203
8469665,Johnny Oduya,NJD,D,75,6,20,26,Stockholm,SWE,1981-10-01,,221.0,7.0,2001.0,20062007,72,N,Oduya,SWE,L,191
8458938,Roman Hamrlik,MTL,D,77,5,21,26,Zlin,CZE,1974-04-12,,1.0,1.0,1992.0,19921993,74,N,Hamrlik,CZE,L,206
8465042,Toni Lydman,BUF,D,82,4,22,26,Lahti,FIN,1977-09-25,,89.0,4.0,1996.0,20002001,74,N,Lydman,FIN,L,213
8471185,Curtis Glencross,"CBJ,EDM",L,62,15,10,25,Kindersley,CAN,1982-12-28,SK,,,,20062007,73,N,Glencross,CAN,L,197
8464967,Marty Reasoner,EDM,C,82,11,14,25,Honeoye Falls,USA,1977-02-26,NY,14.0,1.0,1996.0,19981999,73,N,Reasoner,USA,L,197
8458361,Doug Weight,"STL,ANA",C,67,10,15,25,Detroit,USA,1971-01-21,MI,34.0,2.0,1990.0,19911992,71,N,Weight,USA,L,202
8459461,Brendan Morrison,VAN,C,39,9,16,25,Pitt Meadows,CAN,1975-08-15,BC,39.0,2.0,1993.0,19971998,71,N,Morrison,CAN,L,176
8458069,Bryan Smolinski,MTL,C,64,8,17,25,Toledo,USA,1971-12-27,OH,21.0,1.0,1990.0,19921993,73,N,Smolinski,USA,R,203
8458517,Scott Niedermayer,ANA,D,48,8,17,25,Edmonton,CAN,1973-08-31,AB,3.0,1.0,1991.0,19911992,73,Y,Niedermayer,CAN,L,194
8464966,Derek Morris,PHX,D,82,8,17,25,Edmonton,CAN,1978-08-24,AB,13.0,1.0,1996.0,19971998,72,N,Morris,CAN,R,210
8465202,Sami Salo,VAN,D,63,8,17,25,Turku,FIN,1974-09-02,,239.0,9.0,1996.0,19981999,75,N,Salo,FIN,R,215
8470631,Kamil Kreps,FLA,C,76,8,17,25,Litomerice,CZE,1984-11-18,,38.0,2.0,2003.0,20062007,74,N,Kreps,CZE,R,194
8467096,Dan Boyle,TBL,D,37,4,21,25,Ottawa,CAN,1976-07-12,ON,,,,19981999,71,N,Boyle,CAN,R,194
8470666,Daniel Carcillo,PHX,L,57,13,11,24,King City,CAN,1985-01-28,ON,73.0,3.0,2003.0,20062007,72,N,Carcillo,CAN,L,200
8459454,Jay Pandolfo,NJD,L,54,12,12,24,Winchester,USA,1974-12-27,MA,32.0,2.0,1993.0,19961997,73,N,Pandolfo,USA,L,190
8470299,Erik Christensen,"PIT,ATL",C,59,11,13,24,Edmonton,CAN,1983-12-17,AB,69.0,3.0,2002.0,20052006,73,N,Christensen,CAN,L,200
8471504,Rene Bourque,CHI,R,62,10,14,24,Lac La Biche,CAN,1981-12-10,AB,,,,20052006,74,N,Bourque,CAN,L,217
8460503,Mattias Ohlund,VAN,D,53,9,15,24,Pitea,SWE,1976-09-09,,13.0,1.0,1994.0,19971998,76,N,Ohlund,SWE,L,233
8470373,Jeff Hamilton,CAR,C,58,9,15,24,Dayton,USA,1977-09-04,OH,,,,20032004,70,N,Hamilton,USA,R,185
8469575,Christoph Schubert,OTT,D,82,8,16,24,Munich,DEU,1982-02-05,,127.0,4.0,2001.0,20052006,75,N,Schubert,DEU,L,230
8470575,Tom Preissing,LAK,D,77,8,16,24,Arlington Heights,USA,1978-12-03,IL,,,,20032004,72,N,Preissing,USA,R,197
8470110,Trevor Daley,DAL,D,82,5,19,24,Toronto,CAN,1983-10-09,ON,43.0,2.0,2002.0,20032004,71,N,Daley,CAN,L,199
8459628,Hal Gill,"TOR,PIT",D,81,3,21,24,Concord,USA,1975-04-06,MA,207.0,8.0,1993.0,19971998,79,N,Gill,USA,L,243
8455521,Stu Barnes,DAL,C,79,12,11,23,Spruce Grove,CAN,1970-12-25,AB,4.0,1.0,1989.0,19911992,71,N,Barnes,CAN,R,182
8457981,Teemu Selanne,ANA,R,26,12,11,23,Helsinki,FIN,1970-07-03,,10.0,1.0,1988.0,19921993,72,Y,Selanne,FIN,R,209
8469812,Chad LaRose,CAR,R,58,11,12,23,Fraser,USA,1982-03-27,MI,,,,20052006,70,N,LaRose,USA,R,181
8465951,Matt Cooke,"VAN,WSH",L,78,10,13,23,Belleville,CAN,1978-09-07,ON,144.0,6.0,1997.0,19981999,71,N,Cooke,CAN,L,216
8468927,Steve Montador,FLA,D,73,8,15,23,Vancouver,CAN,1979-12-21,BC,,,,20012002,72,N,Montador,CAN,R,210
8467331,Brad Stuart,"LAK,DET",D,72,6,17,23,Rocky Mountain House,CAN,1979-11-06,AB,3.0,1.0,1998.0,19992000,74,N,Stuart,CAN,L,215
8459462,Bryan McCabe,TOR,D,54,5,18,23,St. Catharines,CAN,1975-06-08,ON,40.0,2.0,1993.0,19951996,74,N,McCabe,CAN,L,223
8465170,Fernando Pisani,EDM,R,56,13,9,22,Edmonton,CAN,1976-12-27,AB,195.0,8.0,1996.0,20022003,73,N,Pisani,CAN,L,205
8466300,Ben Guite,COL,R,79,11,11,22,Montréal,CAN,1978-07-17,QC,172.0,7.0,1997.0,20052006,73,N,Guite,CAN,R,210
8468505,Steve Ott,DAL,C,73,11,11,22,Summerside,CAN,1982-08-19,PE,25.0,1.0,2000.0,20022003,72,N,Ott,CAN,L,193
8470176,Sean Bergenheim,NYI,L,78,10,12,22,Helsinki,FIN,1984-02-08,,22.0,1.0,2002.0,20032004,71,N,Bergenheim,FIN,L,201
8470639,Dan Fritsche,CBJ,C,69,10,12,22,Parma,USA,1985-07-13,OH,46.0,2.0,2003.0,20032004,73,N,Fritsche,USA,R,204
8458536,Dean McAmmond,OTT,C,68,9,13,22,Grande Cache,CAN,1973-06-15,AB,22.0,1.0,1991.0,19911992,71,N,McAmmond,CAN,L,195
8459640,Mike Grier,SJS,R,78,9,13,22,Detroit,USA,1975-01-05,MI,219.0,9.0,1993.0,19961997,73,N,Grier,USA,R,224
8469508,Jay McClement,STL,C,81,9,13,22,Kingston,CAN,1983-03-02,ON,57.0,2.0,2001.0,20052006,73,N,McClement,CAN,L,205
8470920,David Clarkson,NJD,R,81,9,13,22,Toronto,CAN,1984-03-31,ON,,,,20062007,72,N,Clarkson,CAN,R,207
8469475,Jiri Novotny,CBJ,C,65,8,14,22,Pelhrimov,CZE,1983-08-12,,22.0,1.0,2001.0,20052006,75,N,Novotny,CZE,R,204
8468463,Mathieu Darche,TBL,L,73,7,15,22,Montréal,CAN,1976-11-26,QC,,,,20002001,73,N,Darche,CAN,L,215
8462032,Bryan Berard,NYI,D,54,5,17,22,Woonsocket,USA,1977-03-05,RI,1.0,1.0,1995.0,19961997,74,N,Berard,USA,L,220
8466142,Eric Brewer,STL,D,77,1,21,22,Vernon,CAN,1979-04-17,BC,5.0,1.0,1997.0,19981999,76,N,Brewer,CAN,L,216
8469555,Christian Ehrhoff,SJS,D,77,1,21,22,Moers,DEU,1982-07-06,,106.0,4.0,2001.0,20032004,74,N,Ehrhoff,DEU,L,201
8467949,Frantisek Kaberle,CAR,D,80,0,22,22,Kladno,CZE,1973-11-08,,76.0,3.0,1999.0,19992000,72,N,Kaberle,CZE,L,190
8469464,Fredrik Sjostrom,"PHX,NYR",L,69,12,9,21,Färgelanda,SWE,1983-05-06,,11.0,1.0,2001.0,20032004,73,N,Sjostrom,SWE,L,218
8459425,Chris Gratton,TBL,C,60,10,11,21,Brantford,CAN,1975-07-05,ON,3.0,1.0,1993.0,19931994,76,N,Gratton,CAN,L,226
8471664,Mason Raymond,VAN,L,49,9,12,21,Cochrane,CAN,1985-09-17,AB,51.0,2.0,2005.0,20072008,73,N,Raymond,CAN,L,179
8469581,Kyle Wellwood,TOR,C,59,8,13,21,Windsor,CAN,1983-05-16,ON,134.0,5.0,2001.0,20032004,70,N,Wellwood,CAN,R,181
8462129,Michal Handzus,LAK,C,82,7,14,21,Banská Bystrica,SVK,1977-03-11,,101.0,4.0,1995.0,19981999,77,N,Handzus,SVK,L,215
8470054,Keith Ballard,PHX,D,82,6,15,21,Baudette,USA,1982-11-26,MN,11.0,1.0,2002.0,20052006,71,N,Ballard,USA,L,204
8465122,Brett Clark,COL,D,57,5,16,21,Wapella,CAN,1976-12-23,SK,154.0,6.0,1996.0,19971998,72,N,Clark,CAN,L,194
8470273,Ian White,TOR,D,81,5,16,21,Steinbach,CAN,1984-06-04,MB,191.0,6.0,2002.0,20052006,70,N,White,CAN,R,191
8470839,Shane O'Brien,TBL,D,77,4,17,21,Port Hope,CAN,1983-08-09,ON,250.0,8.0,2003.0,20062007,75,N,O'Brien,CAN,L,230
8466158,Scott Hannan,COL,D,82,2,19,21,Richmond,CAN,1979-01-23,BC,23.0,1.0,1997.0,19981999,73,N,Hannan,CAN,L,215
8467400,Francois Beauchemin,ANA,D,82,2,19,21,Sorel,CAN,1980-06-04,QC,75.0,3.0,1998.0,20022003,71,N,Beauchemin,CAN,L,208
8471338,Torrey Mitchell,SJS,C,82,10,10,20,Greenfield Park,CAN,1985-01-30,QC,126.0,4.0,2004.0,20072008,71,N,Mitchell,CAN,R,186
8447091,Martin Gelinas,NSH,L,57,9,11,20,Shawinigan,CAN,1970-06-05,QC,7.0,1.0,1988.0,19881989,71,N,Gelinas,CAN,L,202
8471303,Alexander Edler,VAN,D,75,8,12,20,Ostersund,SWE,1986-04-21,,91.0,3.0,2004.0,20062007,76,N,Edler,SWE,L,210
8458554,Jozef Stumpel,FLA,L,52,7,13,20,Nitra,SVK,1972-07-20,,40.0,2.0,1991.0,19911992,75,N,Stumpel,SVK,R,222
8466260,Kyle Calder,LAK,L,65,7,13,20,Mannville,CAN,1979-01-05,AB,130.0,5.0,1997.0,19992000,71,N,Calder,CAN,L,177
8467493,Chris Neil,OTT,R,68,6,14,20,Flesherton,CAN,1979-06-18,ON,161.0,6.0,1998.0,20012002,73,N,Neil,CAN,R,209
8470642,Shea Weber,NSH,D,54,6,14,20,Sicamous,CAN,1985-08-14,BC,49.0,2.0,2003.0,20052006,76,Y,Weber,CAN,R,230
8459479,Ville Peltonen,FLA,L,56,5,15,20,Vantaa,FIN,1973-05-24,,58.0,3.0,1993.0,19951996,71,N,Peltonen,FIN,L,182
8467344,Robyn Regehr,CGY,D,82,5,15,20,Recife,BRA,1980-04-19,,19.0,1.0,1998.0,19992000,75,N,Regehr,CAN,L,222
8469492,Fedor Tyutin,NYR,D,82,5,15,20,Izhevsk,RUS,1983-07-19,,40.0,2.0,2001.0,20032004,74,N,Tyutin,RUS,L,221
8462176,Brent Sopel,CHI,D,58,1,19,20,Calgary,CAN,1977-01-07,AB,144.0,6.0,1995.0,19981999,74,N,Sopel,CAN,R,205
8471311,Tyler Kennedy,PIT,C,55,10,9,19,Sault Ste. Marie,CAN,1986-07-15,ON,99.0,4.0,2004.0,20072008,71,N,Kennedy,CAN,R,185
8469765,Marc-Andre Bergeron,"NYI,ANA",D,55,9,10,19,Trois-Rivières,CAN,1980-10-13,QC,,,,20022003,69,N,Bergeron,CAN,L,190
8468113,Jeff Finger,COL,D,72,8,11,19,Houghton,USA,1979-12-18,MI,240.0,8.0,1999.0,20062007,73,N,Finger,USA,R,209
8468520,Kurtis Foster,MIN,D,56,7,12,19,Carp,CAN,1981-11-24,ON,40.0,2.0,2000.0,20022003,77,N,Foster,CAN,R,225
8459094,Ian Laperriere,COL,R,70,4,15,19,Montréal,CAN,1974-01-19,QC,158.0,7.0,1992.0,19931994,73,N,Laperriere,CAN,R,200
8467478,Kent Huskins,ANA,D,76,4,15,19,Almonte,CAN,1979-05-04,ON,156.0,6.0,1998.0,20062007,76,N,Huskins,CAN,L,210
8473536,James Sheppard,MIN,C,78,4,15,19,Halifax,CAN,1988-04-25,NS,9.0,1.0,2006.0,20072008,73,N,Sheppard,CAN,L,215
8469476,Tim Gleason,CAR,D,80,3,16,19,Clawson,USA,1983-01-29,MI,23.0,1.0,2001.0,20032004,72,N,Gleason,USA,L,217
8469542,Stephane Veilleux,MIN,L,77,11,7,18,Beauceville,CAN,1981-11-16,QC,93.0,3.0,2001.0,20022003,73,N,Veilleux,CAN,L,200
8469547,Jordin Tootoo,NSH,R,63,11,7,18,Churchill,CAN,1983-02-02,MB,98.0,4.0,2001.0,20032004,69,N,Tootoo,CAN,R,195
8459687,Scott Nichol,NSH,C,73,10,8,18,Edmonton,CAN,1974-12-31,AB,272.0,11.0,1993.0,19951996,68,N,Nichol,CAN,R,179
8465189,Trevor Letowski,CAR,R,75,9,9,18,Thunder Bay,CAN,1977-04-05,ON,174.0,7.0,1996.0,19981999,70,N,Letowski,CAN,R,180
8464960,Boyd Devereaux,TOR,C,62,7,11,18,Seaforth,CAN,1978-04-16,ON,6.0,1.0,1996.0,19971998,74,N,Devereaux,CAN,L,195
8465059,Matt Bradley,WSH,R,77,7,11,18,Stittsville,CAN,1978-06-13,ON,102.0,4.0,1996.0,20002001,75,N,Bradley,CAN,R,200
8467346,Simon Gagne,PHI,L,25,7,11,18,Ste. Foy,CAN,1980-02-29,QC,22.0,1.0,1998.0,19992000,73,N,Gagne,CAN,L,195
8470654,Maxim Lapierre,MTL,C,53,7,11,18,Saint-Léonard,CAN,1985-03-29,QC,61.0,2.0,2003.0,20052006,74,N,Lapierre,CAN,R,215
8468484,Rostislav Klesla,CBJ,D,82,6,12,18,Novy Jicin,CZE,1982-03-21,,4.0,1.0,2000.0,20002001,75,N,Klesla,CZE,L,215
8471216,Cam Barker,CHI,D,45,6,12,18,Winnipeg,CAN,1986-04-04,MB,3.0,1.0,2004.0,20052006,75,N,Barker,CAN,L,223
8460527,Ryan Johnson,STL,C,79,5,13,18,Thunder Bay,CAN,1976-06-14,ON,36.0,2.0,1994.0,19971998,73,N,Johnson,CAN,L,199
8464956,Chris Phillips,OTT,D,81,5,13,18,Calgary,CAN,1978-03-09,AB,1.0,1.0,1996.0,19971998,75,N,Phillips,CAN,L,219
8469501,Chris Thorburn,ATL,R,73,5,13,18,Sault Ste. Marie,CAN,1983-06-03,ON,50.0,2.0,2001.0,20052006,75,N,Thorburn,CAN,R,235
8470169,Gregory Campbell,FLA,C,81,5,13,18,London,CAN,1983-12-17,ON,67.0,3.0,2002.0,20032004,72,N,Campbell,CAN,L,188
8471240,Jeff Schultz,WSH,D,72,5,13,18,Calgary,CAN,1986-02-25,AB,27.0,1.0,2004.0,20062007,78,N,Schultz,CAN,L,225
8470329,Chris Campoli,NYI,D,46,4,14,18,Mississauga,CAN,1984-07-09,ON,227.0,7.0,2004.0,20052006,72,N,Campoli,CAN,L,200
8467348,Christian Backman,"STL,NYR",D,63,3,15,18,Gothenburg,SWE,1980-04-28,,24.0,1.0,1998.0,20022003,76,N,Backman,SWE,L,210
8470268,Denis Grebeshkov,EDM,D,71,3,15,18,Yaroslavl,RUS,1983-10-11,,18.0,1.0,2002.0,20032004,72,N,Grebeshkov,RUS,L,206
8459443,Anders Eriksson,CGY,D,61,1,17,18,Bollnas,SWE,1975-01-09,,22.0,1.0,1993.0,19951996,75,N,Eriksson,SWE,L,224
8466182,Henrik Tallinder,BUF,D,71,1,17,18,Stockholm,SWE,1979-01-10,,48.0,2.0,1997.0,20012002,76,N,Tallinder,SWE,L,209
8471682,Devin Setoguchi,SJS,R,44,11,6,17,Taber,CAN,1987-01-01,AB,8.0,1.0,2005.0,20072008,72,N,Setoguchi,CAN,R,205
8462035,Chad Kilger,TOR,L,53,10,7,17,Cornwall,CAN,1976-11-27,ON,4.0,1.0,1995.0,19951996,76,N,Kilger,CAN,L,224
8446485,Kris Draper,DET,C,65,9,8,17,Toronto,CAN,1971-05-24,ON,62.0,3.0,1989.0,19901991,70,N,Draper,CAN,L,188
8462041,Radek Dvorak,FLA,R,67,8,9,17,Tabor,CZE,1977-03-09,,10.0,1.0,1995.0,19951996,74,N,Dvorak,CZE,R,195
8470321,Patrick Rissmiller,SJS,L,79,8,9,17,Belmont,USA,1978-10-26,MA,,,,20032004,76,N,Rissmiller,USA,L,225
8467966,Branko Radivojevic,MIN,R,73,7,10,17,Piestany,SVK,1980-11-24,,93.0,3.0,1999.0,20012002,72,N,Radivojevic,SVK,R,208
8469584,Joel Perrault,PHX,C,49,7,10,17,Montréal,CAN,1983-04-06,QC,137.0,5.0,2001.0,20052006,74,N,Perrault,CAN,R,212
8470072,Petr Prucha,NYR,R,62,7,10,17,Chrudim,CZE,1982-09-14,,240.0,8.0,2002.0,20052006,72,N,Prucha,CZE,R,175
8471724,Kris Letang,PIT,D,63,6,11,17,Montréal,CAN,1987-04-24,QC,62.0,3.0,2005.0,20062007,72,N,Letang,CAN,R,199
8466216,Adam Mair,BUF,C,72,5,12,17,Hamilton,CAN,1979-02-15,ON,84.0,4.0,1997.0,19992000,73,N,Mair,CAN,R,208
8468575,Dominic Moore,"MIN,TOR",C,68,5,12,17,Thornhill,CAN,1980-08-03,ON,95.0,3.0,2000.0,20032004,72,N,Moore,CAN,L,192
8466309,Mike Mottau,NJD,D,76,4,13,17,Quincy,USA,1978-03-19,MA,182.0,7.0,1997.0,20002001,72,N,Mottau,USA,L,195
8469460,Mike Komisarek,MTL,D,75,4,13,17,West Islip,USA,1982-01-19,NY,7.0,1.0,2001.0,20022003,76,N,Komisarek,USA,R,235
8469760,Zbynek Michalek,PHX,D,75,4,13,17,Jindrichuv Hradec,CZE,1982-12-23,,,,,20032004,74,N,Michalek,CZE,R,210
8471245,Dave Bolland,CHI,C,39,4,13,17,Mimico,CAN,1986-06-05,ON,32.0,2.0,2004.0,20062007,72,N,Bolland,CAN,R,184
8473385,Ville Koistinen,NSH,D,48,4,13,17,Oulu,FIN,1982-06-17,,,,,20072008,71,N,Koistinen,FIN,L,187
8468213,Jim Vandermeer,"CHI,PHI,CGY",D,75,3,14,17,Caroline,CAN,1980-02-21,AB,,,,20022003,73,N,Vandermeer,CAN,L,210
8456547,Bret Hedican,CAR,D,66,2,15,17,St. Paul,USA,1970-08-10,MN,198.0,10.0,1988.0,19911992,74,N,Hedican,USA,L,210
8473924,Cory Murphy,FLA,D,47,2,15,17,Kanata,CAN,1978-02-13,ON,,,,20072008,69,N,Murphy,CAN,R,175
8466144,Paul Mara,NYR,D,61,1,16,17,Ridgewood,USA,1979-09-07,NJ,7.0,1.0,1997.0,19981999,76,N,Mara,USA,L,211
8473482,Jiri Tlusty,TOR,L,58,10,6,16,Slany,CZE,1988-03-16,,13.0,1.0,2006.0,20072008,72,N,Tlusty,CZE,L,205
8459587,Todd Marchant,ANA,C,75,9,7,16,Buffalo,USA,1973-08-12,NY,164.0,7.0,1993.0,19931994,70,N,Marchant,USA,L,180
8459427,Rob Niedermayer,ANA,C,78,8,8,16,Cassiar,CAN,1974-12-28,BC,5.0,1.0,1993.0,19931994,74,N,Niedermayer,CAN,L,203
8468517,Andy Hilbert,NYI,L,70,8,8,16,Howell,USA,1981-02-06,MI,37.0,2.0,2000.0,20012002,70,N,Hilbert,USA,L,188
8458541,Steve Staios,EDM,D,82,7,9,16,Hamilton,CAN,1973-07-28,ON,27.0,2.0,1991.0,19951996,73,N,Staios,CAN,R,200
8468162,Jerred Smithson,NSH,C,81,7,9,16,Vernon,CAN,1979-02-04,BC,,,,20022003,75,N,Smithson,CAN,R,209
8470159,Boyd Gordon,WSH,C,67,7,9,16,Unity,CAN,1983-10-19,SK,17.0,1.0,2002.0,20032004,72,N,Gordon,CAN,R,200
8458978,Sergei Brylin,NJD,L,82,6,10,16,Moscow,RUS,1974-01-13,,42.0,2.0,1992.0,19941995,70,N,Brylin,RUS,L,190
8467393,Jarkko Ruutu,PIT,L,71,6,10,16,Helsinki,FIN,1975-08-23,,68.0,3.0,1998.0,19992000,73,N,Ruutu,FIN,L,204
8473412,Bryan Little,ATL,C,48,6,10,16,Edmonton,CAN,1987-11-12,AB,12.0,1.0,2006.0,20072008,72,N,Little,CAN,R,191
8458534,Martin Rucinsky,STL,L,40,5,11,16,Most,CZE,1971-03-11,,20.0,1.0,1991.0,19911992,73,N,Rucinsky,CZE,L,205
8458544,Sandis Ozolinsh,SJS,D,39,3,13,16,Riga,LVA,1972-08-03,,30.0,2.0,1991.0,19921993,75,N,Ozolinsh,LVA,L,215
8467332,Bryan Allen,FLA,D,73,2,14,16,Kingston,CAN,1980-08-21,ON,4.0,1.0,1998.0,20002001,77,N,Allen,CAN,L,223
8467890,Barret Jackman,STL,D,78,2,14,16,Trail,CAN,1981-03-05,BC,17.0,1.0,1999.0,20012002,72,N,Jackman,CAN,L,203
8456283,Adam Foote,"CBJ,COL",D,75,1,15,16,Toronto,CAN,1971-07-10,ON,22.0,2.0,1989.0,19911992,74,N,Foote,CAN,R,220
8470667,Clarke MacArthur,BUF,L,37,8,7,15,Lloydminster,CAN,1985-04-06,AB,74.0,3.0,2003.0,20062007,72,N,MacArthur,CAN,L,192
8471260,Blake Comeau,NYI,L,51,8,7,15,Meadow Lake,CAN,1986-02-18,SK,47.0,2.0,2004.0,20062007,73,N,Comeau,CAN,R,200
8465192,Samuel Pahlsson,ANA,C,56,6,9,15,Ange,SWE,1977-12-17,,176.0,7.0,1996.0,20002001,72,N,Pahlsson,SWE,L,202
8470622,Patrick Eaves,"OTT,CAR",R,37,5,10,15,Calgary,CAN,1984-05-01,AB,29.0,1.0,2003.0,20052006,71,N,Eaves,USA,R,203
8460254,Greg De Vries,NSH,D,77,4,11,15,Sundridge,CAN,1973-01-04,ON,,,,19951996,74,N,De Vries,CAN,L,205
8450900,Gary Roberts,PIT,L,38,3,12,15,North York,CAN,1966-05-23,ON,12.0,1.0,1984.0,19861987,74,N,Roberts,CAN,L,215
8468513,Nick Schultz,MIN,D,81,2,13,15,Strasbourg,CAN,1982-08-25,SK,33.0,2.0,2000.0,20012002,73,N,Schultz,CAN,L,203
8470640,Matt Carle,SJS,D,62,2,13,15,Anchorage,USA,1984-09-25,AK,47.0,2.0,2003.0,20052006,72,N,Carle,USA,L,197
8466333,Andrew Ference,BOS,D,59,1,14,15,Edmonton,CAN,1979-03-17,AB,208.0,8.0,1997.0,19992000,71,N,Ference,CAN,L,182
8468501,Anton Volchenkov,OTT,D,67,1,14,15,Moscow,RUS,1982-02-25,,21.0,1.0,2000.0,20022003,73,N,Volchenkov,RUS,L,220
8468101,Radek Martinek,NYI,D,69,0,15,15,Havlickuv Brod,CZE,1976-08-31,,228.0,8.0,1999.0,20012002,72,N,Martinek,CZE,R,205
8469619,Dennis Seidenberg,CAR,D,47,0,15,15,Schwenningen,DEU,1981-07-18,,172.0,6.0,2001.0,20022003,72,N,Seidenberg,DEU,L,199
8458561,Yanic Perreault,CHI,C,53,9,5,14,Sherbrooke,CAN,1971-04-04,QC,47.0,3.0,1991.0,19931994,71,N,Perreault,CAN,L,185
8460540,Mathieu Dandenault,MTL,R,61,9,5,14,Sherbrooke,CAN,1976-02-03,QC,49.0,2.0,1994.0,19951996,72,N,Dandenault,CAN,R,208
8466147,Jason Ward,TBL,R,79,8,6,14,Chapleau,CAN,1979-01-16,ON,11.0,1.0,1997.0,19992000,74,N,Ward,CAN,R,208
8469672,Aaron Voros,MIN,L,55,7,7,14,Vancouver,CAN,1981-07-02,BC,229.0,8.0,2001.0,20072008,74,N,Voros,CAN,L,210
8466266,Mike York,PHX,L,63,6,8,14,Waterford,USA,1978-01-03,MI,136.0,6.0,1997.0,19992000,70,N,York,USA,R,185
8468427,Brian Pothier,WSH,D,38,5,9,14,New Bedford,USA,1977-04-15,MA,,,,20002001,72,N,Pothier,USA,L,204
8460757,Dick Tarnstrom,"EDM,CBJ",D,48,3,11,14,Sundbyberg,SWE,1975-01-20,,272.0,11.0,1994.0,20012002,73,N,Tarnstrom,SWE,L,205
8467915,Mike Commodore,"CAR,OTT",D,67,3,11,14,Fort Saskatchewan,CAN,1979-11-07,AB,42.0,2.0,1999.0,20002001,76,N,Commodore,CAN,R,227
8468548,Joel Lundqvist,DAL,C,55,3,11,14,Are,SWE,1982-03-02,,68.0,3.0,2000.0,20062007,73,N,Lundqvist,SWE,L,194
8471187,Brett Lebda,DET,D,78,3,11,14,Buffalo Grove,USA,1982-01-15,IL,,,,20052006,69,N,Lebda,USA,L,195
8458527,Philippe Boucher,DAL,D,38,2,12,14,St. Apollinaire,CAN,1973-03-24,QC,13.0,1.0,1991.0,19921993,75,N,Boucher,CAN,R,218
8471709,Marc-Edouard Vlasic,SJS,D,82,2,12,14,Montréal,CAN,1987-03-30,QC,35.0,2.0,2005.0,20062007,73,N,Vlasic,CAN,L,205
8458520,Peter Forsberg,COL,C,9,1,13,14,Ornskoldsvik,SWE,1973-07-20,,6.0,1.0,1991.0,19941995,72,Y,Forsberg,SWE,L,205
8467956,Niclas Havelid,ATL,D,81,1,13,14,Stockholm,SWE,1973-04-12,,83.0,3.0,1999.0,19992000,72,N,Havelid,SWE,L,200
8473981,Magnus Johansson,"CHI,FLA",D,45,0,14,14,Linkoping,SWE,1973-09-04,,,,,20072008,71,N,Johansson,SWE,R,180
8470289,Jim Slater,ATL,C,69,8,5,13,Lapeer,USA,1982-12-09,MI,30.0,1.0,2002.0,20052006,72,N,Slater,USA,L,195
8471339,Ryan Callahan,NYR,R,52,8,5,13,Rochester,USA,1985-03-21,NY,127.0,4.0,2004.0,20062007,70,N,Callahan,USA,R,187
8466398,Tom Kostopoulos,MTL,R,67,7,6,13,Mississauga,CAN,1979-01-24,ON,204.0,7.0,1999.0,20012002,72,N,Kostopoulos,CAN,R,197
8458524,Martin Lapointe,"CHI,OTT",R,70,6,7,13,Ville St. Pierre,CAN,1973-09-12,QC,10.0,1.0,1991.0,19911992,71,N,Lapointe,CAN,R,215
8466292,Todd Fedoruk,"DAL,MIN",L,69,6,7,13,Redwater,CAN,1979-02-13,AB,164.0,7.0,1997.0,20002001,74,N,Fedoruk,CAN,L,232
8468523,Matt Pettinger,"WSH,VAN",L,76,6,7,13,Edmonton,CAN,1980-10-22,AB,43.0,2.0,2000.0,20002001,73,N,Pettinger,CAN,L,205
8458519,Aaron Ward,BOS,D,65,5,8,13,Windsor,CAN,1973-01-17,ON,5.0,1.0,1991.0,19931994,74,N,Ward,CAN,R,209
8467917,Jordan Leopold,COL,D,43,5,8,13,Golden Valley,USA,1980-08-03,MN,44.0,2.0,1999.0,20022003,73,N,Leopold,USA,L,206
8469779,Keith Aucoin,CAR,C,38,5,8,13,Waltham,USA,1978-11-06,MA,,,,20052006,68,N,Aucoin,USA,L,171
8471634,Ryan Shannon,VAN,R,27,5,8,13,Darien,USA,1983-03-02,CT,,,,20062007,69,N,Shannon,USA,R,175
8462060,Georges Laraque,PIT,R,71,4,9,13,Montréal,CAN,1976-12-07,QC,31.0,2.0,1995.0,19971998,76,N,Laraque,CAN,R,245
8466353,Karel Rachunek,NJD,D,47,4,9,13,Zlin,CZE,1979-08-27,,229.0,9.0,1997.0,19992000,74,N,Rachunek,CZE,R,220
8457921,Geoff Sanderson,EDM,L,41,3,10,13,Hay River,CAN,1972-02-01,NT,36.0,2.0,1990.0,19901991,72,N,Sanderson,CAN,L,190
8458543,Jassen Cullimore,FLA,D,65,3,10,13,Simcoe,CAN,1972-12-04,ON,29.0,2.0,1991.0,19941995,77,N,Cullimore,CAN,L,235
8469666,Brandon Bochenski,"BOS,ANA,NSH",R,40,3,10,13,Blaine,USA,1982-04-04,MN,223.0,7.0,2001.0,20052006,73,N,Bochenski,USA,R,195
8458984,Mattias Norstrom,DAL,D,66,2,11,13,Stockholm,SWE,1972-01-02,,48.0,2.0,1992.0,19931994,74,N,Norstrom,SWE,L,210
8458172,Darryl Sydor,PIT,D,74,1,12,13,Edmonton,CAN,1972-05-13,AB,7.0,1.0,1990.0,19911992,73,N,Sydor,CAN,L,211
8470699,Jan Hejda,CBJ,D,81,0,13,13,Prague,CZE,1978-06-18,,106.0,4.0,2003.0,20062007,76,N,Hejda,CZE,L,230
8470774,Bruno Gervais,NYI,D,60,0,13,13,Longueuil,CAN,1984-10-03,QC,182.0,6.0,2003.0,20052006,73,N,Gervais,CAN,R,200
8448825,Trevor Linden,VAN,C,59,7,5,12,Medicine Hat,CAN,1970-04-11,AB,2.0,1.0,1988.0,19881989,76,N,Linden,CAN,R,220
8471310,Dustin Boyd,CGY,C,48,7,5,12,Winnipeg,CAN,1986-07-16,MB,98.0,3.0,2004.0,20062007,72,N,Boyd,CAN,L,187
8460556,Freddy Modin,CBJ,L,23,6,6,12,Sundsvall,SWE,1974-10-08,,64.0,3.0,1994.0,19961997,76,N,Modin,SWE,L,220
8471703,Steve Downie,PHI,R,32,6,6,12,Newmarket,CAN,1987-04-03,ON,29.0,1.0,2005.0,20072008,71,N,Downie,CAN,R,191
8459450,Shean Donovan,OTT,R,82,5,7,12,Timmins,CAN,1975-01-22,ON,28.0,2.0,1993.0,19941995,75,N,Donovan,CAN,R,218
8468510,Jeff Taffe,PIT,L,45,5,7,12,Hastings,USA,1981-02-19,MN,30.0,1.0,2000.0,20022003,75,N,Taffe,USA,L,207
8468518,Tomas Kopecky,DET,R,77,5,7,12,Ilava,SVK,1982-02-05,,38.0,2.0,2000.0,20052006,75,N,Kopecky,SVK,L,210
8469483,David Steckel,WSH,C,67,5,7,12,Milwaukee,USA,1982-03-15,WI,30.0,1.0,2001.0,20052006,78,N,Steckel,USA,L,215
8471735,Keith Yandle,PHX,D,43,5,7,12,Boston,USA,1986-09-09,MA,105.0,4.0,2005.0,20062007,73,N,Yandle,USA,L,192
8465113,Brian Willsie,LAK,R,53,4,8,12,Belmont,CAN,1978-03-16,ON,146.0,6.0,1996.0,19992000,73,N,Willsie,CAN,R,202
8446053,Chris Chelios,DET,D,69,3,9,12,Chicago,USA,1962-01-25,IL,40.0,2.0,1981.0,19831984,72,Y,Chelios,USA,R,191
8459122,Stephane Yelle,CGY,C,74,3,9,12,Ottawa,CAN,1974-05-09,ON,186.0,8.0,1992.0,19951996,74,N,Yelle,CAN,L,182
8466145,Nick Boynton,PHX,D,79,3,9,12,Nobleton,CAN,1979-01-14,ON,21.0,1.0,1999.0,19992000,73,N,Boynton,CAN,R,218
8470578,Freddy Meyer,"PHX,NYI",D,57,3,9,12,Sanbornville,USA,1981-01-04,NH,,,,20032004,70,N,Meyer,USA,L,185
8470687,Zack Stortini,EDM,R,66,3,9,12,Elliot Lake,CAN,1985-09-11,ON,94.0,3.0,2003.0,20062007,74,N,Stortini,CAN,R,219
8465185,Willie Mitchell,VAN,D,72,2,10,12,Port McNeill,CAN,1977-04-23,BC,199.0,8.0,1996.0,19992000,75,N,Mitchell,CAN,L,210
8468534,Andreas Lilja,DET,D,79,2,10,12,Helsingborg,SWE,1975-07-13,,54.0,2.0,2000.0,20002001,75,N,Lilja,SWE,L,220
8469598,Kevin Bieksa,VAN,D,34,2,10,12,Grimsby,CAN,1981-06-16,ON,151.0,5.0,2001.0,20052006,73,N,Bieksa,CAN,R,197
8462094,Brad Isbister,VAN,L,55,6,5,11,Edmonton,CAN,1977-05-07,AB,67.0,3.0,1995.0,19971998,76,N,Isbister,CAN,R,225
8467880,Kris Beech,"CBJ,VAN,PIT",C,25,6,5,11,Salmon Arm,CAN,1981-02-05,BC,7.0,1.0,1999.0,20002001,75,N,Beech,CAN,L,211
8471753,T.J. Hensick,COL,C,31,6,5,11,Lansing,USA,1985-12-10,MI,88.0,3.0,2005.0,20072008,70,N,Hensick,USA,R,190
8468485,Raffi Torres,EDM,L,32,5,6,11,Toronto,CAN,1981-10-08,ON,5.0,1.0,2000.0,20012002,72,N,Torres,CAN,L,215
8465166,Craig Adams,"CAR,CHI",R,75,4,7,11,Seria,BHR,1977-04-26,,223.0,9.0,1996.0,20002001,72,N,Adams,CAN,R,200
8467969,Mathias Tjarnqvist,PHX,L,78,4,7,11,Umea,SWE,1979-04-15,,96.0,3.0,1999.0,20032004,74,N,Tjarnqvist,SWE,L,196
8469664,David Moss,CGY,R,41,4,7,11,Livonia,USA,1981-12-28,MI,220.0,7.0,2001.0,20062007,76,N,Moss,USA,R,210
8471231,Kyle Chipchura,MTL,C,36,4,7,11,Westlock,CAN,1986-02-19,AB,18.0,1.0,2004.0,20072008,74,N,Chipchura,CAN,L,203
8445739,Patrice Brisebois,MTL,D,43,3,8,11,Montréal,CAN,1971-01-27,QC,30.0,2.0,1989.0,19901991,74,N,Brisebois,CAN,R,197
8462040,Kyle McLaren,SJS,D,61,3,8,11,Coaldale,CAN,1977-06-18,AB,9.0,1.0,1995.0,19951996,76,N,McLaren,CAN,L,235
8462197,Byron Ritchie,VAN,C,71,3,8,11,Burnaby,CAN,1977-04-24,BC,165.0,7.0,1995.0,19981999,70,N,Ritchie,CAN,L,190
8467343,Martin Skoula,MIN,D,80,3,8,11,Litomerice,CZE,1979-10-28,,17.0,1.0,1998.0,19992000,75,N,Skoula,CZE,L,226
8468647,Craig Weller,PHX,R,59,3,8,11,Calgary,CAN,1981-03-17,AB,167.0,5.0,2000.0,20072008,76,N,Weller,CAN,R,220
8471677,Jack Johnson,LAK,D,74,3,8,11,Indianapolis,USA,1987-01-13,IN,3.0,1.0,2005.0,20062007,74,N,Johnson,USA,L,225
8465041,Craig MacDonald,TBL,C,65,2,9,11,Antigonish,CAN,1977-04-07,NS,88.0,4.0,1996.0,19981999,73,N,MacDonald,CAN,L,201
8469477,Lukas Krajicek,VAN,D,39,2,9,11,Prostejov,CZE,1983-03-11,,24.0,1.0,2001.0,20012002,75,N,Krajicek,CZE,L,205
8455805,Keith Carney,MIN,D,61,1,10,11,Providence,USA,1970-02-03,RI,76.0,4.0,1988.0,19911992,73,N,Carney,USA,L,207
8460626,Bryce Salvador,"STL,NJD",D,64,1,10,11,Brandon,CAN,1976-02-11,MB,138.0,6.0,1994.0,20002001,75,N,Salvador,CAN,L,215
8468498,Brooks Orpik,PIT,D,78,1,10,11,San Francisco,USA,1980-09-26,CA,18.0,1.0,2000.0,20022003,75,N,Orpik,USA,L,217
8471229,Petteri Nokelainen,BOS,C,57,7,3,10,Imatra,FIN,1986-01-16,,16.0,1.0,2004.0,20052006,73,N,Nokelainen,FIN,R,201
8459001,Kirk Maltby,DET,L,61,6,4,10,Guelph,CAN,1972-12-22,ON,65.0,3.0,1992.0,19931994,72,N,Maltby,CAN,R,195
8465025,Arron Asham,NJD,R,77,6,4,10,Portage la Prairie,CAN,1978-04-13,MB,71.0,3.0,1996.0,19981999,71,N,Asham,CAN,R,210
8469685,Andrew Murray,CBJ,C,39,6,4,10,Selkirk,CAN,1981-11-06,MB,242.0,8.0,2001.0,20072008,74,N,Murray,CAN,L,210
8470876,Nick Tarnasky,TBL,L,80,6,4,10,Rocky Mountain House,CAN,1984-11-25,AB,287.0,9.0,2003.0,20052006,74,N,Tarnasky,CAN,L,230
8456100,Jim Dowd,PHI,C,73,5,5,10,Brick,USA,1968-12-25,NJ,149.0,8.0,1987.0,19911992,72,N,Dowd,USA,R,180
8465175,Dan Hinote,STL,R,58,5,5,10,Leesburg,USA,1977-01-30,FL,167.0,7.0,1996.0,19992000,72,N,Hinote,USA,R,187
8471514,Rich Peverley,NSH,C,33,5,5,10,Kingston,CAN,1982-07-08,ON,,,,20062007,71,N,Peverley,CAN,R,195
8471676,Bobby Ryan,ANA,R,23,5,5,10,Cherry Hill,USA,1987-03-17,NJ,2.0,1.0,2005.0,20072008,74,N,Ryan,USA,R,208
8471766,Jared Boll,CBJ,R,75,5,5,10,Charlotte,USA,1986-05-13,NC,101.0,4.0,2005.0,20072008,75,N,Boll,USA,R,206
8467335,Mark Bell,TOR,C,35,4,6,10,St. Pauls,CAN,1980-08-05,ON,8.0,1.0,1998.0,20002001,76,N,Bell,CAN,L,220
8460507,Wayne Primeau,CGY,C,43,3,7,10,Scarborough,CAN,1976-06-04,ON,17.0,1.0,1994.0,19941995,76,N,Primeau,CAN,L,225
8460561,Sheldon Souray,EDM,D,26,3,7,10,Elk Point,CAN,1976-07-13,AB,71.0,3.0,1994.0,19971998,76,N,Souray,CAN,L,231
8470180,Eric Nystrom,CGY,L,44,3,7,10,Syosset,USA,1983-02-14,NY,10.0,1.0,2002.0,20052006,73,N,Nystrom,USA,L,200
8459493,Marek Malik,NYR,D,42,2,8,10,Ostrava,CZE,1975-06-24,,72.0,3.0,1993.0,19941995,78,N,Malik,CZE,L,235
8465005,Colin White,NJD,D,57,2,8,10,New Glasgow,CAN,1977-12-12,NS,49.0,2.0,1996.0,19992000,76,N,White,CAN,L,215
8471686,Marc Staal,NYR,D,80,2,8,10,Thunder Bay,CAN,1987-01-13,ON,12.0,1.0,2005.0,20072008,76,N,Staal,CAN,L,208
8471729,Kris Russell,CBJ,D,67,2,8,10,Caroline,CAN,1987-05-02,AB,67.0,3.0,2005.0,20072008,70,N,Russell,CAN,L,170
8472382,Andy Greene,NJD,D,59,2,8,10,Trenton,USA,1982-10-30,MI,,,,20062007,71,N,Greene,USA,L,190
8456850,Ken Klee,ATL,D,72,1,9,10,Indianapolis,USA,1971-04-24,IN,177.0,9.0,1990.0,19941995,73,N,Klee,USA,R,210
8458954,Jason Smith,PHI,D,77,1,9,10,Calgary,CAN,1973-11-02,AB,18.0,1.0,1992.0,19931994,75,N,Smith,CAN,R,220
8468114,Douglas Murray,SJS,D,66,1,9,10,Bromma,SWE,1980-03-12,,241.0,8.0,1999.0,20052006,75,N,Murray,SWE,L,240
8469472,Shaone Morrisonn,WSH,D,76,1,9,10,Vancouver,CAN,1982-12-23,BC,19.0,1.0,2001.0,20022003,76,N,Morrisonn,CAN,L,210
8473422,Nick Foligno,OTT,L,45,6,3,9,Buffalo,USA,1987-10-31,NY,28.0,1.0,2006.0,20072008,72,N,Foligno,USA,L,210
8460504,Ethan Moreau,EDM,L,25,5,4,9,Huntsville,CAN,1975-09-22,ON,14.0,1.0,1994.0,19951996,75,N,Moreau,CAN,L,223
8460534,Curtis Brown,SJS,C,33,5,4,9,Unity,CAN,1976-02-12,SK,43.0,2.0,1994.0,19941995,72,N,Brown,CAN,L,200
8460567,Chris Clark,WSH,R,18,5,4,9,South Windsor,USA,1976-03-08,CT,77.0,3.0,1994.0,19992000,72,N,Clark,USA,R,191
8470852,Matt Moulson,LAK,L,22,5,4,9,North York,CAN,1983-11-01,ON,263.0,9.0,2003.0,20072008,73,N,Moulson,CAN,L,203
8460720,Eric Boulton,ATL,L,74,4,5,9,Halifax,CAN,1976-08-17,NS,234.0,9.0,1994.0,20002001,72,N,Boulton,CAN,L,227
8471657,Cody McLeod,COL,L,49,4,5,9,Binscarth,CAN,1984-06-26,MB,,,,20072008,74,N,McLeod,CAN,L,204
8467336,Mike Rupp,NJD,L,64,3,6,9,Cleveland,USA,1980-01-13,OH,76.0,3.0,2000.0,20022003,77,N,Rupp,USA,L,235
8471362,Mikhail Grabovski,MTL,C,24,3,6,9,Potsdam,DEU,1984-01-31,,150.0,5.0,2004.0,20062007,71,N,Grabovski,BLR,L,186
8471873,Anton Stralman,TOR,D,50,3,6,9,Tibro,SWE,1986-08-01,,216.0,7.0,2005.0,20072008,71,N,Stralman,SWE,R,193
8450824,Luke Richardson,OTT,D,76,2,7,9,Ottawa,CAN,1969-03-26,ON,7.0,1.0,1987.0,19871988,75,N,Richardson,CAN,L,214
8456595,Sean Hill,MIN,D,35,2,7,9,Duluth,USA,1970-02-14,MN,167.0,8.0,1988.0,19921993,72,N,Hill,USA,R,204
8458637,Sean O'Donnell,ANA,D,82,2,7,9,Ottawa,CAN,1971-10-13,ON,123.0,6.0,1991.0,19941995,74,N,O'Donnell,CAN,L,238
8462045,Jay McKee,STL,D,66,2,7,9,Kingston,CAN,1977-09-08,ON,14.0,1.0,1995.0,19951996,76,N,McKee,CAN,L,203
8467365,John Erskine,WSH,D,51,2,7,9,Kingston,CAN,1980-06-26,ON,39.0,2.0,1998.0,20012002,76,N,Erskine,CAN,L,220
8468613,Petteri Nummelin,MIN,D,27,2,7,9,Turku,FIN,1972-11-25,,133.0,5.0,2000.0,20002001,70,N,Nummelin,FIN,L,188
8469509,Nathan Paetsch,BUF,D,59,2,7,9,Leroy,CAN,1983-03-30,SK,202.0,7.0,2003.0,20052006,73,N,Paetsch,CAN,L,198
8471188,Andy Wozniewski,TOR,D,48,2,7,9,Buffalo Grove,USA,1980-05-25,IL,,,,20052006,77,N,Wozniewski,USA,L,225
8457384,Aaron Miller,VAN,D,57,1,8,9,Buffalo,USA,1971-08-11,NY,88.0,5.0,1989.0,19931994,75,N,Miller,USA,R,210
8457403,Jaroslav Modry,"LAK,PHI",D,80,1,8,9,České Budějovice,CZE,1971-02-27,,179.0,9.0,1990.0,19931994,74,N,Modry,CZE,L,220
8469684,Milan Jurcina,WSH,D,75,1,8,9,Liptovský Mikuláš,SVK,1983-06-07,,241.0,8.0,2001.0,20052006,76,N,Jurcina,SVK,R,253
8471680,Gilbert Brule,CBJ,C,61,1,8,9,Edmonton,CAN,1987-01-01,AB,6.0,1.0,2005.0,20052006,71,N,Brule,CAN,R,187
8470324,Josh Gorges,MTL,D,62,0,9,9,Kelowna,CAN,1984-08-14,BC,,,,20052006,73,N,Gorges,CAN,L,204
8469120,Raitis Ivanans,LAK,L,73,6,2,8,Riga,LVA,1979-01-03,,,,,20052006,76,N,Ivanans,LVA,L,231
8451972,Scott Thornton,LAK,L,47,5,3,8,London,CAN,1971-01-09,ON,3.0,1.0,1989.0,19901991,75,N,Thornton,CAN,L,220
8459246,Donald Brashear,WSH,L,80,5,3,8,Bedford,USA,1972-01-07,IN,,,,19931994,75,N,Brashear,USA,L,237
8462114,Sami Kapanen,PHI,R,74,5,3,8,Vantaa,FIN,1973-06-14,,87.0,4.0,1995.0,19951996,70,N,Kapanen,FIN,L,185
8469473,Marcel Goc,SJS,C,51,5,3,8,Calw,DEU,1983-08-24,,20.0,1.0,2001.0,20052006,73,N,Goc,DEU,L,197
8467905,Michael Ryan,BUF,C,46,4,4,8,Boston,USA,1980-05-16,MA,32.0,2.0,1999.0,20062007,73,N,Ryan,USA,L,188
8470063,Adam Burish,CHI,R,81,4,4,8,Madison,USA,1983-01-06,WI,282.0,9.0,2002.0,20062007,73,N,Burish,USA,R,195
8470165,Matt Foy,MIN,R,28,4,4,8,Oakville,CAN,1983-05-18,ON,175.0,6.0,2002.0,20052006,74,N,Foy,CAN,R,228
8470580,Jed Ortmeyer,NSH,R,51,4,4,8,Omaha,USA,1978-09-03,NE,,,,20032004,72,N,Ortmeyer,USA,R,200
8470614,Mark Stuart,BOS,D,82,4,4,8,Rochester,USA,1984-04-27,MN,21.0,1.0,2003.0,20052006,74,N,Stuart,USA,L,215
8473646,Ryan Carter,ANA,L,34,4,4,8,White Bear Lake,USA,1983-08-03,MN,,,,20072008,73,N,Carter,USA,L,205
8458595,Alexei Zhitnik,ATL,D,65,3,5,8,Kiev,UKR,1972-10-10,,81.0,4.0,1991.0,19921993,71,N,Zhitnik,RUS,L,225
8464994,Steve Begin,MTL,L,44,3,5,8,Trois-Rivières,CAN,1978-06-14,QC,40.0,2.0,1996.0,19971998,72,N,Begin,CAN,L,192
8468635,Travis Moen,ANA,L,77,3,5,8,Stewart Valley,CAN,1982-04-06,SK,155.0,5.0,2000.0,20032004,74,N,Moen,CAN,L,215
8469622,Ryane Clowe,SJS,L,15,3,5,8,St. John's,CAN,1982-09-30,NL,175.0,6.0,2001.0,20052006,75,N,Clowe,CAN,L,225
8470018,Matt Ellis,"DET,LAK",L,54,3,5,8,Welland,CAN,1981-08-31,ON,,,,20062007,72,N,Ellis,CAN,L,208
8460661,Shane Hnidy,"ANA,BOS",D,76,2,6,8,Neepawa,CAN,1975-11-08,MB,173.0,7.0,1994.0,20002001,74,N,Hnidy,CAN,R,204
8465914,Francis Bouillon,MTL,D,74,2,6,8,New York City,USA,1975-10-17,NY,,,,19992000,68,N,Bouillon,USA,L,194
8468577,Niclas Wallin,CAR,D,66,2,6,8,Boden,SWE,1975-02-20,,97.0,4.0,2000.0,20002001,75,N,Wallin,SWE,L,220
8469480,Jeff Woywitka,STL,D,27,2,6,8,Vermilion,CAN,1983-09-01,AB,27.0,1.0,2001.0,20052006,75,N,Woywitka,CAN,L,227
8470375,Patrick Thoresen,"EDM,PHI",L,38,2,6,8,Oslo,NOR,1983-11-07,,,,,20062007,71,N,Thoresen,NOR,L,188
8471284,Andrej Sekera,BUF,D,37,2,6,8,Bojnice,SVK,1986-06-08,,71.0,3.0,2004.0,20062007,72,N,Sekera,SVK,L,200
8473916,Steve Wagner,STL,D,24,2,6,8,Grand Rapids,USA,1984-03-06,MN,,,,20072008,74,N,Wagner,USA,L,200
8452371,Glen Wesley,CAR,D,78,1,7,8,Red Deer,CAN,1968-10-02,AB,3.0,1.0,1987.0,19871988,73,N,Wesley,CAN,L,207
8467304,Andy Sutton,NYI,D,58,1,7,8,Kingston,CAN,1975-03-10,ON,,,,19981999,78,N,Sutton,CAN,L,245
8467354,Dmitri Kalinin,BUF,D,46,1,7,8,Chelyabinsk,RUS,1980-07-22,,18.0,1.0,1998.0,19992000,75,N,Kalinin,RUS,L,210
8468121,Darren Haydar,ATL,R,16,1,7,8,Toronto,CAN,1979-10-22,ON,248.0,9.0,1999.0,20022003,69,N,Haydar,CAN,R,170
8468496,Marcel Hossa,"NYR,PHX",L,50,1,7,8,Ilava,SVK,1981-10-12,,16.0,1.0,2000.0,20012002,75,N,Hossa,SVK,L,220
8469992,Sheldon Brookbank,NJD,D,44,0,8,8,Lanigan,CAN,1980-10-03,SK,,,,20062007,73,N,Brookbank,CAN,R,202
8460639,Andre Roy,TBL,R,63,4,3,7,Port Chester,USA,1975-02-08,NY,151.0,6.0,1994.0,19951996,76,N,Roy,USA,L,229
8465978,Shawn Thornton,BOS,L,58,4,3,7,Oshawa,CAN,1977-07-23,ON,190.0,7.0,1997.0,20022003,74,N,Thornton,CAN,R,217
8469795,Kevin Dallman,LAK,D,34,3,4,7,Niagara Falls,CAN,1981-02-26,ON,,,,20052006,71,N,Dallman,CAN,R,195
8470152,Joakim Lindstrom,CBJ,C,25,3,4,7,Skelleftea,SWE,1983-12-05,,41.0,2.0,2002.0,20052006,72,N,Lindstrom,SWE,L,187
8470638,Patrice Bergeron,BOS,C,10,3,4,7,L'Ancienne-Lorette,CAN,1985-07-24,QC,45.0,2.0,2003.0,20032004,73,N,Bergeron,CAN,R,196
8456531,Derian Hatcher,PHI,D,44,2,5,7,Sterling Heights,USA,1972-06-04,MI,8.0,1.0,1990.0,19911992,77,N,Hatcher,USA,L,235
8459433,Brendan Witt,NYI,D,59,2,5,7,Humboldt,CAN,1975-02-20,SK,11.0,1.0,1993.0,19951996,74,N,Witt,CAN,L,223
8464981,Cory Sarich,CGY,D,80,2,5,7,Saskatoon,CAN,1978-08-16,SK,27.0,2.0,1996.0,19981999,76,N,Sarich,CAN,R,207
8467352,Vitaly Vishnevski,NJD,D,69,2,5,7,Kharkov,UKR,1980-03-18,,5.0,1.0,1998.0,19992000,74,N,Vishnevski,RUS,L,215
8467361,Blair Betts,NYR,C,75,2,5,7,Edmonton,CAN,1980-02-16,AB,33.0,2.0,1998.0,20012002,75,N,Betts,CAN,L,210
8468090,Garnet Exelby,ATL,D,79,2,5,7,Craik,CAN,1981-08-16,SK,217.0,8.0,1999.0,20022003,73,N,Exelby,CAN,L,215
8459538,Nolan Pratt,BUF,D,55,1,6,7,Fort McMurray,CAN,1975-08-14,AB,115.0,5.0,1993.0,19961997,75,N,Pratt,CAN,L,207
8460580,Brad Lukowich,TBL,D,59,1,6,7,Cranbrook,CAN,1976-08-12,BC,90.0,4.0,1994.0,19971998,73,N,Lukowich,CAN,L,191
8462535,Jody Shelley,"CBJ,SJS",L,62,1,6,7,Thompson,CAN,1976-02-07,MB,,,,20002001,75,N,Shelley,CAN,L,230
8467896,Steve McCarthy,ATL,D,55,1,6,7,Trail,CAN,1981-02-03,BC,23.0,1.0,1999.0,19992000,73,N,McCarthy,CAN,L,210
8470615,Marc-Antoine Pouliot,EDM,C,24,1,6,7,Quebec City,CAN,1985-05-22,QC,22.0,1.0,2003.0,20052006,74,N,Pouliot,CAN,R,203
8470672,Ryan O'Byrne,MTL,D,33,1,6,7,Victoria,CAN,1984-07-19,BC,79.0,3.0,2003.0,20072008,77,N,O'Byrne,CAN,R,234
8471743,Vladimir Sobotka,BOS,C,48,1,6,7,Trebic,CZE,1987-07-02,,106.0,4.0,2005.0,20072008,71,N,Sobotka,CZE,L,191
8471269,Nicklas Grossmann,DAL,D,62,0,7,7,Stockholm,SWE,1985-01-22,,56.0,2.0,2004.0,20062007,76,N,Grossmann,SWE,L,230
8456106,Dallas Drake,DET,R,65,3,3,6,Trail,CAN,1969-02-04,BC,116.0,6.0,1989.0,19921993,72,N,Drake,CAN,L,186
8468560,Ryan Bayda,CAR,L,31,3,3,6,Saskatoon,CAN,1980-12-09,SK,80.0,3.0,2000.0,20022003,71,N,Bayda,CAN,L,185
8470294,DJ King,STL,L,61,3,3,6,Meadow Lake,CAN,1984-06-27,SK,190.0,6.0,2002.0,20062007,75,N,King,CAN,L,231
8470678,Alexandre Picard,"PHI,TBL",D,24,3,3,6,Gatineau,CAN,1985-07-05,QC,85.0,3.0,2003.0,20052006,75,N,Picard,CAN,L,215
8467925,Adam Hall,PIT,R,46,2,4,6,Kalamazoo,USA,1980-08-14,MI,52.0,2.0,1999.0,20012002,74,N,Hall,USA,R,212
8468881,Jason Jaffray,VAN,L,19,2,4,6,Olds,CAN,1981-06-30,AB,,,,20072008,73,N,Jaffray,CAN,L,195
8469470,Carlo Colaiacovo,TOR,D,28,2,4,6,Toronto,CAN,1983-01-27,ON,17.0,1.0,2001.0,20022003,73,N,Colaiacovo,CAN,L,202
8470877,David Jones,COL,R,27,2,4,6,Guelph,CAN,1984-08-10,ON,288.0,9.0,2003.0,20072008,75,N,Jones,CAN,R,208
8472355,Rod Pelley,NJD,C,58,2,4,6,Kitimat,CAN,1984-09-01,BC,,,,20062007,72,N,Pelley,CAN,L,205
8466232,Quintin Laing,WSH,L,39,1,5,6,Harris,CAN,1979-06-08,SK,102.0,4.0,1997.0,20032004,75,N,Laing,CAN,L,193
8468568,Kurt Sauer,COL,D,54,1,5,6,St. Cloud,USA,1981-01-16,MN,88.0,3.0,2000.0,20022003,76,N,Sauer,USA,L,222
8470611,Eric Fehr,WSH,C,23,1,5,6,Winkler,CAN,1985-09-07,MB,18.0,1.0,2003.0,20052006,76,N,Fehr,CAN,R,209
8473635,Denis Tolpeko,PHI,R,26,1,5,6,Moscow,RUS,1985-01-29,,,,,20072008,73,N,Tolpeko,RUS,L,190
8470001,Jeff Giuliano,LAK,L,53,0,6,6,Nashua,USA,1979-06-20,NH,,,,20052006,69,N,Giuliano,USA,R,205
8471314,Mike Lundin,TBL,D,81,0,6,6,Burnsville,USA,1984-09-24,MN,102.0,4.0,2004.0,20072008,74,N,Lundin,USA,L,190
8470619,Brian Boyle,LAK,C,8,4,1,5,Hingham,USA,1984-12-18,MA,26.0,1.0,2003.0,20072008,78,N,Boyle,USA,L,245
8471263,Enver Lisin,PHX,R,13,4,1,5,Moscow,RUS,1986-04-22,,50.0,2.0,2004.0,20062007,74,N,Lisin,RUS,L,200
8465253,Marcus Nilson,CGY,L,47,3,2,5,Balsta,SWE,1978-03-01,,20.0,1.0,1996.0,19981999,74,N,Nilson,SWE,R,189
8469582,Colin Stuart,ATL,L,18,3,2,5,Rochester,USA,1982-07-08,MN,135.0,5.0,2001.0,20072008,74,N,Stuart,USA,L,205
8471388,Patrick Kaleta,BUF,R,40,3,2,5,Buffalo,USA,1986-06-08,NY,176.0,6.0,2004.0,20062007,73,N,Kaleta,USA,R,198
8471681,Jack Skille,CHI,R,16,3,2,5,Madison,USA,1987-05-19,WI,7.0,1.0,2005.0,20072008,73,N,Skille,USA,R,216
8472368,Chris Conner,DAL,R,22,3,2,5,Westland,USA,1983-12-23,MI,,,,20062007,67,N,Conner,USA,L,181
8465250,Andrei Zyuzin,CHI,D,32,2,3,5,Ufa,RUS,1978-01-21,,2.0,1.0,1996.0,19971998,73,N,Zyuzin,RUS,L,208
8466109,Mike Johnson,STL,R,21,2,3,5,Scarborough,CAN,1974-10-03,ON,,,,19961997,74,N,Johnson,CAN,R,202
8467519,Karlis Skrastins,"COL,FLA",D,60,2,3,5,Riga,LVA,1974-07-09,,230.0,9.0,1998.0,19981999,74,N,Skrastins,LVA,L,208
8470755,Brad Richardson,COL,R,22,2,3,5,Belleville,CAN,1985-02-04,ON,163.0,5.0,2003.0,20052006,72,N,Richardson,CAN,L,190
8470778,Drew Miller,ANA,L,26,2,3,5,Dover,USA,1984-02-17,NJ,186.0,6.0,2003.0,20072008,74,N,Miller,USA,L,183
8472394,Peter Harrold,LAK,D,25,2,3,5,Kirtland Hills,USA,1983-06-08,OH,,,,20062007,71,N,Harrold,USA,R,180
8473449,Kyle Okposo,NYI,R,9,2,3,5,St. Paul,USA,1988-04-16,MN,7.0,1.0,2006.0,20072008,72,N,Okposo,USA,R,216
8467387,Joe DiPenta,ANA,D,23,1,4,5,Barrie,CAN,1979-02-25,ON,61.0,3.0,1998.0,20022003,74,N,DiPenta,CAN,R,220
8467565,John Pohl,TOR,C,33,1,4,5,Rochester,USA,1979-06-29,MN,255.0,9.0,1998.0,20032004,73,N,Pohl,USA,R,196
8468095,George Parros,ANA,R,69,1,4,5,Washington,USA,1979-12-29,PA,222.0,8.0,1999.0,20052006,77,N,Parros,USA,R,224
8470743,Lasse Kukkonen,PHI,D,53,1,4,5,Oulu,FIN,1981-09-18,,151.0,5.0,2003.0,20032004,72,N,Kukkonen,FIN,L,190
8471696,Matt Lashoff,BOS,D,18,1,4,5,East Greenbush,USA,1986-09-29,NY,22.0,1.0,2005.0,20062007,74,N,Lashoff,USA,L,204
8465168,Joel Kwiatkowski,ATL,D,18,0,5,5,Kindersley,CAN,1977-03-22,SK,194.0,8.0,1996.0,20002001,72,N,Kwiatkowski,CAN,L,205
8467452,Rob Scuderi,PIT,D,71,0,5,5,Syosset,USA,1978-12-30,NY,134.0,5.0,1998.0,20032004,73,N,Scuderi,USA,L,216
8468636,Greg Zanon,NSH,D,78,0,5,5,Burnaby,CAN,1980-06-05,BC,156.0,5.0,2000.0,20052006,71,N,Zanon,CAN,L,201
8470101,Tim Conboy,CAR,D,19,0,5,5,Farmington,USA,1982-03-22,MN,217.0,7.0,2002.0,20072008,74,N,Conboy,USA,R,210
8471408,Petri Kontiola,CHI,C,12,0,5,5,Seinajoki,FIN,1984-10-04,,196.0,7.0,2004.0,20072008,72,N,Kontiola,FIN,R,204
8471879,Kyle Cumiskey,COL,D,38,0,5,5,Abbotsford,CAN,1986-12-02,BC,222.0,7.0,2005.0,20062007,71,N,Cumiskey,CAN,L,180
8457261,Brad May,ANA,L,61,3,1,4,Toronto,CAN,1971-11-29,ON,14.0,1.0,1990.0,19911992,73,N,May,CAN,L,213
8469997,Mark Hartigan,DET,C,23,3,1,4,Fort St. John,CAN,1977-10-15,BC,,,,20012002,72,N,Hartigan,CAN,L,200
8459571,Andreas Karlsson,TBL,C,58,2,2,4,Ludvika,SWE,1975-08-19,,148.0,6.0,1993.0,19992000,76,N,Karlsson,SWE,L,201
8466174,Jeremy Reich,BOS,C,58,2,2,4,Craik,CAN,1979-02-11,SK,39.0,2.0,1997.0,20032004,73,N,Reich,CAN,L,203
8467883,Branislav Mezei,FLA,D,57,2,2,4,Nitra,SVK,1980-10-08,,10.0,1.0,1999.0,20002001,76,N,Mezei,SVK,L,235
8468770,Simon Gamache,TOR,L,11,2,2,4,Thetford Mines,CAN,1981-01-03,QC,290.0,9.0,2000.0,20022003,70,N,Gamache,CAN,L,186
8469591,Cody McCormick,COL,C,40,2,2,4,London,CAN,1983-04-18,ON,144.0,5.0,2001.0,20032004,74,N,McCormick,CAN,R,222
8469681,Ryan Hollweg,NYR,L,70,2,2,4,Downey,USA,1983-04-23,CA,238.0,8.0,2001.0,20052006,70,N,Hollweg,USA,L,212
8470170,Ole-Kristian Tollefsen,CBJ,D,51,2,2,4,Oslo,NOR,1984-03-29,,65.0,3.0,2002.0,20052006,74,N,Tollefsen,NOR,L,211
8470564,Joe Motzko,WSH,R,8,2,2,4,Bemidji,USA,1980-03-14,MN,,,,20032004,72,N,Motzko,USA,R,184
8471346,Kris Versteeg,CHI,R,13,2,2,4,Lethbridge,CAN,1986-05-13,AB,134.0,5.0,2004.0,20072008,71,N,Versteeg,CAN,R,176
8471760,Cody Bass,OTT,C,21,2,2,4,Owen Sound,CAN,1987-01-07,ON,95.0,4.0,2005.0,20072008,72,N,Bass,CAN,R,205
8452285,Wes Walz,MIN,C,11,1,3,4,Calgary,CAN,1970-05-15,AB,57.0,3.0,1989.0,19891990,71,N,Walz,CAN,R,190
8460517,Rhett Warrener,CGY,D,31,1,3,4,Shaunavon,CAN,1976-01-27,SK,27.0,2.0,1994.0,19951996,73,N,Warrener,CAN,R,203
8462082,Brad Larsen,ATL,L,62,1,3,4,Nakusp,CAN,1977-06-28,BC,87.0,4.0,1997.0,19971998,72,N,Larsen,CAN,L,210
8466343,Mark Smith,CGY,C,54,1,3,4,Edmonton,CAN,1977-10-24,AB,219.0,9.0,1997.0,20002001,70,N,Smith,CAN,L,200
8467909,Alexei Semenov,SJS,D,22,1,3,4,Murmansk,RUS,1981-04-10,,36.0,2.0,1999.0,20022003,78,N,Semenov,RUS,L,245
8467928,Doug Janik,TBL,D,61,1,3,4,Agawam,USA,1980-03-26,MA,55.0,2.0,1999.0,20022003,74,N,Janik,USA,L,211
8468786,Riley Cote,PHI,L,70,1,3,4,Winnipeg,CAN,1982-03-16,MB,,,,20062007,74,N,Cote,CAN,L,220
8469442,Duvie Westcott,CBJ,D,23,1,3,4,Winnipeg,CAN,1977-10-30,MB,,,,20012002,71,N,Westcott,CAN,R,196
8469490,Tim Jackman,NYI,R,36,1,3,4,Minot,USA,1981-11-14,ND,38.0,2.0,2001.0,20032004,74,N,Jackman,USA,R,225
8470620,Jeff Tambellini,NYI,L,31,1,3,4,Calgary,CAN,1984-04-13,AB,27.0,1.0,2003.0,20052006,71,N,Tambellini,CAN,L,186
8470674,Stefan Ruzicka,PHI,R,14,1,3,4,Nitra,SVK,1985-02-17,,81.0,3.0,2003.0,20052006,72,N,Ruzicka,SVK,R,200
8472370,Jordan Hendry,CHI,D,40,1,3,4,Lanigan,CAN,1984-02-23,SK,,,,20072008,72,N,Hendry,CAN,L,194
8471222,Ladislav Smid,EDM,D,65,0,4,4,Frydlant,CZE,1986-02-01,,9.0,1.0,2004.0,20062007,76,N,Smid,CZE,L,210
8467937,Mike Zigomanis,PHX,C,33,2,1,3,Toronto,CAN,1981-01-17,ON,46.0,2.0,2001.0,20022003,72,N,Zigomanis,CAN,R,200
8469587,Tomas Plihal,SJS,C,22,2,1,3,Frydlant,CZE,1983-03-28,,140.0,5.0,2001.0,20062007,73,N,Plihal,CZE,L,210
8470144,Frans Nielsen,NYI,C,16,2,1,3,Herning,DNK,1984-04-24,,87.0,3.0,2002.0,20062007,73,N,Nielsen,DNK,L,186
8471352,Jake Dowell,CHI,C,19,2,1,3,Eau Claire,USA,1985-03-04,WI,140.0,5.0,2004.0,20072008,72,N,Dowell,USA,L,200
8471678,Benoit Pouliot,MIN,L,11,2,1,3,Alfred,CAN,1986-09-29,ON,4.0,1.0,2005.0,20062007,75,N,Pouliot,CAN,L,200
8458031,Chris Simon,"NYI,MIN",L,38,1,2,3,Wawa,CAN,1972-01-30,ON,25.0,2.0,1990.0,19921993,75,N,Simon,CAN,L,232
8467428,Krys Barch,DAL,R,48,1,2,3,Hamilton,CAN,1980-03-26,ON,106.0,4.0,1998.0,20062007,74,N,Barch,CAN,L,225
8467889,David Tanabe,CAR,D,18,1,2,3,White Bear Lake,USA,1980-07-19,MN,16.0,1.0,1999.0,19992000,73,N,Tanabe,USA,R,212
8468515,Brad Winchester,DAL,L,41,1,2,3,Madison,USA,1981-03-01,WI,35.0,2.0,2000.0,20052006,77,N,Winchester,USA,L,230
8468660,Darcy Hordichuk,NSH,L,45,1,2,3,Kamsack,CAN,1980-08-10,SK,180.0,6.0,2000.0,20002001,73,N,Hordichuk,CAN,L,215
8470737,Brett Sterling,ATL,L,13,1,2,3,Los Angeles,USA,1984-04-24,CA,145.0,5.0,2003.0,20072008,67,N,Sterling,USA,L,175
8471282,Casey Borer,CAR,D,11,1,2,3,Minneapolis,USA,1985-07-28,MN,69.0,3.0,2004.0,20072008,74,N,Borer,USA,L,205
8471628,Rick Rypien,VAN,C,22,1,2,3,Coleman,CAN,1984-05-16,AB,,,,20052006,71,N,Rypien,CAN,R,190
8473962,Teddy Purcell,LAK,L,10,1,2,3,St. John's,CAN,1985-09-08,NL,,,,20072008,74,N,Purcell,CAN,R,195
8465992,Aaron Downey,DET,R,56,0,3,3,Shelburne,CAN,1974-08-27,ON,,,,19992000,73,N,Downey,CAN,R,215
8466357,Wyatt Smith,COL,C,25,0,3,3,Thief River Falls,USA,1977-02-13,MN,233.0,9.0,1997.0,19992000,71,N,Smith,USA,L,205
8467543,Toby Petersen,DAL,C,8,0,3,3,Minneapolis,USA,1978-10-27,MN,244.0,9.0,1998.0,20002001,70,N,Petersen,USA,L,195
8467580,Mark Eaton,PIT,D,36,0,3,3,Wilmington,USA,1977-05-06,DE,,,,19992000,73,N,Eaton,USA,L,215
8467977,Brian McGrattan,OTT,R,38,0,3,3,Hamilton,CAN,1981-09-02,ON,104.0,4.0,1999.0,20052006,76,N,McGrattan,CAN,R,235
8470061,Derek Meech,DET,D,32,0,3,3,Winnipeg,CAN,1984-04-21,MB,229.0,7.0,2002.0,20062007,71,N,Meech,CAN,L,200
8473426,Mike Weber,BUF,D,16,0,3,3,Pittsburgh,USA,1987-12-16,PA,57.0,2.0,2006.0,20072008,74,N,Weber,USA,L,217
8468001,Derek MacKenzie,CBJ,C,17,2,0,2,Sudbury,CAN,1981-06-11,ON,128.0,5.0,1999.0,20012002,71,N,MacKenzie,CAN,L,177
8470809,Jeremy Williams,TOR,R,18,2,0,2,Regina,CAN,1984-01-26,SK,220.0,7.0,2003.0,20052006,72,N,Williams,CAN,R,191
8471684,Luc Bourdon,VAN,D,27,2,0,2,Shippagan,CAN,1987-02-16,NB,10.0,1.0,2005.0,20062007,75,N,Bourdon,CAN,L,211
8473574,Shawn Matthias,FLA,L,4,2,0,2,Mississauga,CAN,1988-02-19,ON,47.0,2.0,2006.0,20072008,76,N,Matthias,CAN,L,231
8460555,Jason Strudwick,NYR,D,52,1,1,2,Edmonton,CAN,1975-07-17,AB,63.0,3.0,1994.0,19951996,76,N,Strudwick,CAN,L,226
8467355,Andrew Peters,BUF,L,44,1,1,2,St. Catharines,CAN,1980-05-05,ON,34.0,2.0,1998.0,20032004,76,N,Peters,CAN,L,240
8467408,Matt Walker,STL,D,43,1,1,2,Beaverlodge,CAN,1980-04-07,AB,83.0,3.0,1998.0,20022003,76,N,Walker,CAN,R,215
8467422,Rob Davison,"SJS,NYI",D,34,1,1,2,St. Catharines,CAN,1980-05-01,ON,98.0,4.0,1998.0,20022003,74,N,Davison,CAN,L,215
8468252,Eric Godard,CGY,R,74,1,1,2,Vernon,CAN,1980-03-07,BC,,,,20022003,76,N,Godard,CAN,R,222
8468506,Brian Sutherby,"WSH,ANA",C,50,1,1,2,Edmonton,CAN,1982-03-01,AB,26.0,1.0,2000.0,20012002,74,N,Sutherby,CAN,L,208
8468778,Colton Orr,NYR,R,74,1,1,2,Winnipeg,CAN,1982-03-03,MB,,,,20032004,75,N,Orr,CAN,R,222
8469044,Wade Brookbank,CAR,D,32,1,1,2,Lanigan,CAN,1977-09-29,SK,,,,20032004,76,N,Brookbank,CAN,L,225
8470065,Ryan Craig,TBL,C,7,1,1,2,Abbotsford,CAN,1982-01-06,BC,255.0,8.0,2002.0,20052006,74,N,Craig,CAN,L,213
8470223,Yan Stastny,STL,C,12,1,1,2,Quebec City,CAN,1982-09-30,QC,259.0,8.0,2002.0,20052006,70,N,Stastny,CAN,L,191
8470232,Kris Newbury,TOR,C,28,1,1,2,Brampton,CAN,1982-02-19,ON,139.0,5.0,2002.0,20062007,71,N,Newbury,CAN,L,205
8470310,Aaron Rome,CBJ,D,17,1,1,2,Nesbitt,CAN,1983-09-27,MB,104.0,4.0,2002.0,20062007,73,N,Rome,CAN,L,220
8470383,Chris Minard,PIT,L,15,1,1,2,Owen Sound,CAN,1981-11-18,ON,,,,20072008,73,N,Minard,CAN,L,190
8470854,Tanner Glass,FLA,L,41,1,1,2,Regina,CAN,1983-11-29,SK,265.0,9.0,2003.0,20072008,73,N,Glass,CAN,L,213
8471206,Junior Lessard,"DAL,TBL",R,21,1,1,2,St. Joseph De Beauce,CAN,1980-05-26,QC,,,,20052006,71,N,Lessard,CAN,R,191
8471778,Jordan Lavallee-Smotherman,ATL,L,2,1,1,2,Corvallis,USA,1986-05-11,OR,116.0,4.0,2005.0,20072008,75,N,Lavallee-Smotherman,USA,L,225
8472262,Clay Wilson,CBJ,D,7,1,1,2,Sturgeon Lake,USA,1983-04-05,MN,,,,20072008,72,N,Wilson,USA,L,195
8473544,Derick Brassard,CBJ,C,17,1,1,2,Hull,CAN,1987-09-22,QC,6.0,1.0,2006.0,20072008,73,N,Brassard,CAN,L,200
8459446,Kevyn Adams,CHI,C,27,0,2,2,Washington,USA,1974-10-08,DC,25.0,1.0,1993.0,19971998,73,N,Adams,USA,R,200
8467350,Mike Van Ryn,FLA,D,20,0,2,2,London,CAN,1979-05-14,ON,26.0,1.0,1998.0,20002001,73,N,Van Ryn,CAN,R,213
8468502,David Hale,CGY,D,58,0,2,2,Colorado Springs,USA,1981-06-18,CO,22.0,1.0,2000.0,20032004,73,N,Hale,USA,L,222
8469488,Mark Popovic,ATL,D,33,0,2,2,Stoney Creek,CAN,1982-10-11,ON,35.0,2.0,2001.0,20032004,73,N,Popovic,CAN,L,205
8469534,Aaron Johnson,NYI,D,30,0,2,2,Port Hawkesbury,CAN,1983-04-30,NS,85.0,3.0,2001.0,20032004,73,N,Johnson,CAN,L,204
8469626,Andrew Alberts,BOS,D,35,0,2,2,Minneapolis,USA,1981-06-30,MN,179.0,6.0,2001.0,20052006,77,N,Alberts,USA,L,218
8470088,Matt Jones,PHX,D,45,0,2,2,Downers Grove,USA,1983-08-08,IL,80.0,3.0,2002.0,20052006,72,N,Jones,USA,L,224
8470192,Steve Eminger,WSH,D,20,0,2,2,Woodbridge,CAN,1983-10-31,ON,12.0,1.0,2002.0,20022003,74,N,Eminger,CAN,R,207
8470280,Ben Eager,"PHI,CHI",L,32,0,2,2,Ottawa,CAN,1984-01-22,ON,23.0,1.0,2002.0,20052006,74,N,Eager,CAN,L,226
8470630,Kevin Klein,NSH,D,13,0,2,2,Kitchener,CAN,1984-12-13,ON,37.0,2.0,2003.0,20052006,73,N,Klein,CAN,R,206
8470647,B.J. Crombeen,DAL,R,8,0,2,2,Denver,USA,1985-07-10,CO,54.0,2.0,2003.0,20072008,74,N,Crombeen,USA,R,209
8471241,Mark Fistric,DAL,D,37,0,2,2,Edmonton,CAN,1986-06-01,AB,28.0,1.0,2004.0,20072008,74,N,Fistric,CAN,L,225
8471274,Alex Goligoski,PIT,D,3,0,2,2,Grand Rapids,USA,1985-07-30,MN,61.0,2.0,2004.0,20072008,71,N,Goligoski,USA,L,173
8460502,Wade Belak,"TOR,FLA",R,47,1,0,1,Saskatoon,CAN,1976-07-03,SK,12.0,1.0,1994.0,19961997,77,N,Belak,CAN,R,222
8467323,Mark Mowers,ANA,R,17,1,0,1,Decatur,USA,1974-02-16,GA,,,,19981999,71,N,Mowers,USA,R,174
8467962,Kyle Wanvig,TBL,R,7,1,0,1,Calgary,CAN,1981-01-29,AB,36.0,2.0,2001.0,20022003,74,N,Wanvig,CAN,R,210
8468123,Noah Clarke,NJD,L,1,1,0,1,La Verne,USA,1979-06-11,CA,250.0,9.0,1999.0,20032004,69,N,Clarke,USA,L,190
8470295,Connor James,PIT,L,13,1,0,1,Calgary,CAN,1982-08-25,AB,279.0,9.0,2002.0,20052006,70,N,James,CAN,R,180
8470318,Jonathan Ericsson,DET,D,8,1,0,1,Karlskrona,SWE,1984-03-02,,291.0,9.0,2002.0,20072008,76,N,Ericsson,SWE,L,218
8470744,Brady Murray,LAK,L,4,1,0,1,Brandon,CAN,1984-08-17,MB,152.0,5.0,2003.0,20072008,70,N,Murray,CAN,L,185
8470821,Joe Jensen,CAR,C,6,1,0,1,Plymouth,USA,1983-02-06,MN,232.0,8.0,2003.0,20072008,71,N,Jensen,USA,L,180
8471371,Mike Brown,VAN,R,19,1,0,1,Chicago,USA,1985-06-24,IL,159.0,5.0,2004.0,20072008,71,N,Brown,USA,R,205
8471372,Ben Walter,NYI,C,8,1,0,1,Beaconsfield,CAN,1984-05-11,QC,160.0,5.0,2004.0,20052006,73,N,Walter,CAN,L,190
8473494,Petteri Wirtanen,ANA,C,3,1,0,1,Hyvinkää,FIN,1986-05-28,,172.0,6.0,2006.0,20072008,73,N,Wirtanen,FIN,L,207
8458982,Darren McCarty,DET,R,3,0,1,1,Burnaby,CAN,1972-04-01,BC,46.0,2.0,1992.0,19931994,73,N,McCarty,CAN,R,210
8459469,Rory Fitzpatrick,PHI,D,19,0,1,1,Rochester,USA,1975-01-11,NY,47.0,2.0,1993.0,19951996,74,N,Fitzpatrick,USA,R,210
8462419,Jeff Cowan,VAN,L,46,0,1,1,Scarborough,CAN,1976-09-27,ON,,,,19992000,74,N,Cowan,CAN,L,205
8465024,Jon Sim,NYI,L,2,0,1,1,New Glasgow,CAN,1977-09-29,NS,70.0,3.0,1996.0,19981999,70,N,Sim,CAN,L,189
8467924,Matt Murley,PHX,L,3,0,1,1,Troy,USA,1979-12-17,NY,51.0,2.0,1999.0,20032004,74,N,Murley,USA,L,206
8468478,Mike Weaver,VAN,D,55,0,1,1,Brampton,CAN,1978-05-02,ON,,,,20012002,70,N,Weaver,CAN,R,186
8468732,Darryl Bootland,NYI,R,4,0,1,1,Toronto,CAN,1981-11-02,ON,252.0,8.0,2000.0,20032004,73,N,Bootland,CAN,R,197
8469484,Matthew Spiller,NYI,D,9,0,1,1,Daysland,CAN,1983-02-07,AB,31.0,2.0,2001.0,20032004,77,N,Spiller,CAN,L,233
8469522,Brandon Nolan,CAR,C,6,0,1,1,St. Catharines,CAN,1983-07-18,ON,111.0,4.0,2003.0,20072008,73,N,Nolan,CAN,L,192
8469535,Drew Fata,NYI,D,5,0,1,1,Sault Ste. Marie,CAN,1983-07-28,ON,86.0,3.0,2001.0,20062007,73,N,Fata,CAN,L,209
8469629,Tom Cavanagh,SJS,R,1,0,1,1,Warwick,USA,1982-03-24,RI,182.0,6.0,2001.0,20072008,72,N,Cavanagh,USA,L,200
8470113,John Zeiler,LAK,R,36,0,1,1,Jefferson Hills,USA,1982-11-21,PA,132.0,5.0,2002.0,20062007,71,N,Zeiler,USA,R,204
8470121,Matt Greene,EDM,D,46,0,1,1,Grand Ledge,USA,1983-05-13,MI,44.0,2.0,2002.0,20052006,75,N,Greene,USA,R,236
8470123,Cam Janssen,STL,R,12,0,1,1,St. Louis,USA,1984-04-15,MO,117.0,4.0,2002.0,20052006,72,N,Janssen,USA,R,215
8470618,Anthony Stewart,FLA,R,26,0,1,1,LaSalle,CAN,1985-01-05,QC,25.0,1.0,2003.0,20052006,75,N,Stewart,CAN,R,230
8470625,Ryan Stone,PIT,C,6,0,1,1,Calgary,CAN,1985-03-20,AB,32.0,2.0,2003.0,20072008,74,N,Stone,CAN,L,207
8470643,Ivan Baranka,NYR,D,1,0,1,1,Ilava,SVK,1985-05-19,,50.0,2.0,2003.0,20072008,75,N,Baranka,SVK,L,205
8470680,Ryan Potulny,PHI,C,7,0,1,1,Grand Forks,USA,1984-09-05,ND,87.0,3.0,2003.0,20052006,72,N,Potulny,USA,L,182
8470804,Mathieu Roy,EDM,D,13,0,1,1,St. Georges,CAN,1983-08-10,QC,215.0,7.0,2003.0,20052006,74,N,Roy,CAN,R,210
8470937,Kevin Doell,ATL,C,8,0,1,1,Saskatoon,CAN,1979-07-15,SK,,,,20072008,71,N,Doell,CAN,R,190
8470970,Drew Larman,FLA,C,6,0,1,1,Buffalo,USA,1985-05-15,NY,,,,20062007,75,N,Larman,USA,R,195
8471279,Sami Lepisto,WSH,D,7,0,1,1,Espoo,FIN,1984-10-17,,66.0,3.0,2004.0,20072008,73,N,Lepisto,FIN,L,193
8471392,Roman Polak,STL,D,6,0,1,1,Ostrava,CZE,1986-04-28,,180.0,6.0,2004.0,20062007,74,N,Polak,CZE,R,240
8471399,Robbie Earl,TOR,L,9,0,1,1,Chicago,USA,1985-06-02,IL,187.0,6.0,2004.0,20072008,73,N,Earl,USA,L,195
8471426,Troy Brouwer,CHI,R,2,0,1,1,Vancouver,CAN,1985-08-17,BC,214.0,7.0,2004.0,20062007,75,N,Brouwer,CAN,R,213
8471436,Matt Hunwick,BOS,D,13,0,1,1,Warren,USA,1985-05-21,MI,224.0,7.0,2004.0,20072008,71,N,Hunwick,USA,L,194
8471668,Mattias Ritola,DET,C,2,0,1,1,Borlange,SWE,1987-03-14,,103.0,4.0,2005.0,20072008,72,N,Ritola,SWE,L,192
8471683,Brian Lee,OTT,D,6,0,1,1,Moorhead,USA,1987-03-26,MN,9.0,1.0,2005.0,20072008,75,N,Lee,USA,R,200
8471769,Niklas Hjalmarsson,CHI,D,13,0,1,1,Eksjo,SWE,1987-06-06,,108.0,4.0,2005.0,20072008,75,N,Hjalmarsson,SWE,L,197
8471906,David Brine,FLA,C,9,0,1,1,Truro,CAN,1985-01-06,NS,,,,20072008,73,N,Brine,CAN,L,201
8474068,Kyle Turris,PHX,C,3,0,1,1,New Westminster,CAN,1989-08-14,BC,3.0,1.0,2007.0,20072008,73,N,Turris,CAN,R,190
8474519,Jack Hillen,NYI,D,2,0,1,1,Minnetonka,USA,1986-01-24,MN,,,,20072008,70,N,Hillen,USA,L,190
8449924,Teppo Numminen,BUF,D,1,0,0,0,Tampere,FIN,1968-07-03,,29.0,2.0,1986.0,19881989,74,N,Numminen,FIN,R,198
8456852,Jon Klemm,LAK,D,22,0,0,0,Cranbrook,CAN,1970-01-08,BC,,,,19911992,74,N,Klemm,CAN,R,205
8459527,Shawn Bates,NYI,C,2,0,0,0,Medford,USA,1975-04-03,MA,103.0,4.0,1993.0,19971998,72,N,Bates,USA,R,210
8459558,Alain Nasreddine,PIT,D,6,0,0,0,Montréal,CAN,1975-07-10,QC,135.0,6.0,1993.0,19981999,73,N,Nasreddine,CAN,L,204
8460620,Bates Battaglia,TOR,L,13,0,0,0,Chicago,USA,1975-12-13,IL,132.0,6.0,1994.0,19971998,74,N,Battaglia,USA,L,205
8462037,Steve Kelly,MIN,C,2,0,0,0,Vancouver,CAN,1976-10-26,BC,6.0,1.0,1995.0,19961997,74,N,Kelly,CAN,L,210
8465016,Scott Parker,COL,R,25,0,0,0,Hanford,USA,1978-01-29,CA,20.0,1.0,1998.0,19981999,77,N,Parker,USA,R,240
8465067,Jesse Boulerice,PHI,R,5,0,0,0,Plattsburgh,USA,1978-08-10,NY,133.0,5.0,1996.0,20012002,74,N,Boulerice,USA,R,215
8466200,Josh Langfeld,NSH,R,2,0,0,0,Fridley,USA,1977-07-17,MN,66.0,3.0,1997.0,20012002,75,N,Langfeld,USA,R,215
8467137,Pete Vandermeer,PHX,L,2,0,0,0,Red Deer,CAN,1975-10-14,AB,,,,20072008,72,N,Vandermeer,CAN,L,212
8467378,Bobby Allen,BOS,D,19,0,0,0,Weymouth,USA,1978-11-14,MA,52.0,2.0,1998.0,20022003,72,N,Allen,USA,L,201
8467427,Kip Brennan,NYI,L,3,0,0,0,Kingston,CAN,1980-08-27,ON,103.0,4.0,1998.0,20012002,76,N,Brennan,CAN,L,230
8467436,Jay Leach,TBL,D,2,0,0,0,Syracuse,USA,1979-09-02,NY,115.0,5.0,1998.0,20052006,77,N,Leach,USA,L,220
8467469,Allan Rourke,EDM,D,13,0,0,0,Mississauga,CAN,1980-03-06,ON,154.0,6.0,1998.0,20032004,74,N,Rourke,CAN,L,215
8467939,Dan Jancevski,"TBL,DAL",D,4,0,0,0,Windsor,CAN,1981-06-15,ON,66.0,2.0,1999.0,20052006,75,N,Jancevski,CAN,L,222
8468184,Lawrence Nycholat,OTT,D,3,0,0,0,Calgary,CAN,1979-05-07,AB,,,,20032004,72,N,Nycholat,CAN,L,200
8468503,Nathan Smith,PIT,C,13,0,0,0,Edmonton,CAN,1982-02-09,AB,23.0,1.0,2000.0,20032004,74,N,Smith,CAN,L,206
8468597,Olli Malmivaara,NJD,D,2,0,0,0,Kajaani,FIN,1982-03-13,,117.0,4.0,2000.0,20072008,79,N,Malmivaara,FIN,L,230
8468626,David Koci,CHI,L,18,0,0,0,Prague,CZE,1981-05-12,,146.0,5.0,2000.0,20062007,78,N,Koci,CZE,L,238
8468682,Ryan Caldwell,PHX,D,2,0,0,0,Deloraine,CAN,1981-06-15,MB,202.0,7.0,2000.0,20052006,74,N,Caldwell,CAN,L,174
8468750,Micki Dupont,STL,D,2,0,0,0,Calgary,CAN,1980-04-15,AB,270.0,9.0,2000.0,20012002,70,N,Dupont,CAN,R,186
8468868,Ben Ondrus,TOR,R,3,0,0,0,Sherwood Park,CAN,1982-06-25,AB,,,,20052006,71,N,Ondrus,CAN,R,208
8469505,Noah Welch,FLA,D,4,0,0,0,Brighton,USA,1982-08-26,MA,54.0,2.0,2001.0,20052006,76,N,Welch,USA,L,215
8469510,Matt Keith,NYI,R,3,0,0,0,Edmonton,CAN,1983-04-11,AB,59.0,2.0,2001.0,20032004,74,N,Keith,CAN,R,200
8469516,Brendan Bell,PHX,D,2,0,0,0,Ottawa,CAN,1983-03-31,ON,65.0,3.0,2001.0,20052006,74,N,Bell,CAN,L,205
8469528,Garth Murray,"MTL,FLA",C,7,0,0,0,Regina,CAN,1982-09-17,SK,79.0,3.0,2001.0,20032004,74,N,Murray,CAN,L,210
8469615,Maxim Kondratiev,ANA,D,4,0,0,0,Togliatti,RUS,1983-01-20,,168.0,6.0,2001.0,20032004,73,N,Kondratiev,RUS,L,197
8469647,Derek Boogaard,MIN,L,34,0,0,0,Saskatoon,CAN,1982-06-23,SK,202.0,7.0,2001.0,20052006,79,N,Boogaard,CAN,L,265
8469656,Jason King,ANA,R,4,0,0,0,Corner Brook,CAN,1981-09-14,NL,212.0,7.0,2001.0,20022003,72,N,King,CAN,L,193
8469752,Pascal Pelletier,BOS,L,6,0,0,0,Labrador City,CAN,1983-06-16,NL,,,,20072008,71,N,Pelletier,CAN,L,191
8469786,Karl Stewart,TBL,L,9,0,0,0,Scarborough,CAN,1983-06-30,ON,,,,20032004,71,N,Stewart,CAN,L,185
8469820,Zenon Konopka,CBJ,C,3,0,0,0,Niagara on the Lake,CAN,1981-01-02,ON,,,,20052006,72,N,Konopka,CAN,L,213
8469844,Josh Gratton,PHX,L,1,0,0,0,Brantford,CAN,1982-09-09,ON,,,,20052006,74,N,Gratton,CAN,L,215
8469919,Thomas Pock,NYR,D,1,0,0,0,Klagenfurt,AUT,1981-12-02,,,,,20032004,73,N,Pock,AUT,L,210
8470004,Jeff Hoggan,BOS,R,1,0,0,0,Hope,CAN,1978-02-01,BC,,,,20052006,73,N,Hoggan,CAN,L,193
8470058,Staffan Kronwall,TOR,D,18,0,0,0,Järfälla,SWE,1982-09-10,,285.0,9.0,2002.0,20052006,75,N,Kronwall,SWE,L,209
8470187,Johnny Boychuk,COL,D,4,0,0,0,Edmonton,CAN,1984-01-19,AB,61.0,2.0,2002.0,20072008,74,N,Boychuk,CAN,R,227
8470199,Barry Tallackson,NJD,R,3,0,0,0,Grafton,USA,1983-04-14,ND,53.0,2.0,2002.0,20052006,77,N,Tallackson,USA,R,215
8470208,Joey Mormina,CAR,D,1,0,0,0,Montréal,CAN,1982-06-29,QC,193.0,6.0,2002.0,20072008,78,N,Mormina,CAN,L,220
8470283,Tim Brent,PIT,C,1,0,0,0,Cambridge,CAN,1984-03-10,ON,75.0,3.0,2004.0,20062007,72,N,Brent,CAN,R,188
8470305,Rob Globke,FLA,R,9,0,0,0,Farmington,USA,1982-10-24,MI,40.0,2.0,2002.0,20052006,74,N,Globke,USA,R,208
8470317,Nate Guenin,PHI,D,2,0,0,0,Aliquippa,USA,1982-12-10,PA,127.0,4.0,2002.0,20062007,75,N,Guenin,USA,R,207
8470330,Mike Glumac,STL,C,4,0,0,0,Niagara Falls,CAN,1980-04-05,ON,,,,20052006,74,N,Glumac,CAN,R,209
8470366,Martin St. Pierre,CHI,C,5,0,0,0,Ottawa,CAN,1983-08-11,ON,,,,20052006,69,N,St. Pierre,CAN,L,188
8470624,Danny Richmond,CHI,D,7,0,0,0,Chicago,USA,1984-08-01,IL,31.0,2.0,2003.0,20052006,73,N,Richmond,USA,L,190
8470632,Tim Ramholt,CGY,D,1,0,0,0,Zurich,CHE,1984-11-02,,39.0,2.0,2003.0,20072008,74,N,Ramholt,CHE,L,170
8470634,Matt Smaby,TBL,D,14,0,0,0,Minneapolis,USA,1984-10-14,MN,41.0,2.0,2003.0,20072008,78,N,Smaby,USA,L,230
8470636,Josh Hennessy,OTT,C,5,0,0,0,Brockton,USA,1985-02-07,MA,43.0,2.0,2003.0,20062007,72,N,Hennessy,USA,L,200
8470648,Stefan Meyer,FLA,L,4,0,0,0,Medicine Hat,CAN,1985-07-20,AB,55.0,2.0,2003.0,20072008,74,N,Meyer,CAN,L,200
8470651,Jeremy Colliton,NYI,C,16,0,0,0,Blackie,CAN,1985-01-13,AB,58.0,2.0,2003.0,20052006,74,N,Colliton,CAN,R,214
8470661,Jean-Francois Jacques,EDM,L,9,0,0,0,Montréal,CAN,1985-04-29,QC,68.0,2.0,2003.0,20052006,75,N,Jacques,CAN,L,231
8470662,Colin Fraser,CHI,C,5,0,0,0,Sicamous,CAN,1985-01-28,BC,69.0,3.0,2003.0,20062007,73,N,Fraser,CAN,L,190
8470663,Jonathan Filewich,PIT,R,5,0,0,0,Kelowna,CAN,1984-10-02,BC,70.0,3.0,2003.0,20072008,74,N,Filewich,CAN,R,208
8470681,Zack Fitzgerald,VAN,D,1,0,0,0,Two Harbors,USA,1985-06-16,MN,88.0,3.0,2003.0,20072008,74,N,Fitzgerald,USA,L,205
8470698,Martin Lojek,FLA,D,2,0,0,0,Brno,CZE,1985-08-19,,105.0,4.0,2003.0,20062007,76,N,Lojek,CZE,R,220
8470705,Corey Locke,MTL,C,1,0,0,0,Toronto,CAN,1984-05-08,ON,113.0,4.0,2003.0,20072008,69,N,Locke,CAN,L,175
8470724,Kyle Quincey,DET,D,6,0,0,0,Kitchener,CAN,1985-08-12,ON,132.0,4.0,2003.0,20052006,74,N,Quincey,CAN,L,210
8470735,Greg Moore,NYR,R,6,0,0,0,Lisbon,USA,1984-03-26,ME,143.0,5.0,2003.0,20072008,73,N,Moore,USA,R,225
8470760,Marc Methot,CBJ,D,9,0,0,0,Ottawa,CAN,1985-06-21,ON,168.0,6.0,2003.0,20062007,76,N,Methot,CAN,L,230
8470843,Nathan McIver,VAN,D,17,0,0,0,Summerside,CAN,1985-01-06,PE,254.0,8.0,2003.0,20062007,74,N,McIver,CAN,L,205
8470882,Geoff Platt,ANA,C,5,0,0,0,Mississauga,CAN,1985-07-10,ON,,,,20052006,69,N,Platt,CAN,L,175
8470986,Darryl Boyce,TOR,C,1,0,0,0,Summerside,CAN,1984-07-07,PE,,,,20072008,72,N,Boyce,CAN,L,200
8471011,Garrett Stafford,DET,D,2,0,0,0,Los Angeles,USA,1980-01-28,CA,,,,20072008,73,N,Stafford,USA,R,207
8471221,Alexandre Picard,CBJ,L,3,0,0,0,Les Saules,CAN,1985-10-09,QC,8.0,1.0,2004.0,20052006,74,N,Picard,CAN,L,206
8471223,Boris Valabik,ATL,D,7,0,0,0,Nitra,SVK,1986-02-14,,10.0,1.0,2004.0,20072008,79,N,Valabik,SVK,L,255
8471224,Lauri Tukonen,LAK,R,1,0,0,0,Hyvinkää,FIN,1986-09-01,,11.0,1.0,2004.0,20062007,74,N,Tukonen,FIN,R,187
8471235,Lukas Kaspar,SJS,L,3,0,0,0,Most,CZE,1985-09-23,,22.0,1.0,2004.0,20072008,74,N,Kaspar,CZE,R,225
8471238,Rob Schremp,EDM,C,2,0,0,0,Fulton,USA,1986-07-01,NY,25.0,1.0,2004.0,20062007,71,N,Schremp,USA,L,200
8471246,Chris Bourque,WSH,L,4,0,0,0,Boston,USA,1986-01-29,MA,33.0,2.0,2004.0,20072008,68,N,Bourque,USA,L,174
8471254,Bryan Bickell,CHI,L,4,0,0,0,Bowmanville,CAN,1986-03-09,ON,41.0,2.0,2004.0,20062007,76,N,Bickell,CAN,L,223
8471256,Michael Funk,BUF,D,4,0,0,0,Abbotsford,CAN,1986-08-15,BC,43.0,2.0,2004.0,20062007,76,N,Funk,CAN,L,199
8471259,Adam Pineault,CBJ,R,3,0,0,0,Holyoke,USA,1986-05-23,MA,46.0,2.0,2004.0,20072008,73,N,Pineault,USA,R,201
8471261,Dane Byers,NYR,L,1,0,0,0,Nipawin,CAN,1986-02-21,SK,48.0,2.0,2004.0,20072008,75,N,Byers,CAN,L,204
8471281,Adam Berti,CHI,L,2,0,0,0,Scarborough,CAN,1986-07-01,ON,68.0,3.0,2004.0,20072008,75,N,Berti,CAN,L,205
8471324,Liam Reddox,EDM,L,1,0,0,0,Whitby,CAN,1986-01-27,ON,112.0,4.0,2004.0,20072008,71,N,Reddox,CAN,L,178
8471334,Alexander Nikulin,OTT,C,2,0,0,0,Perm,RUS,1985-08-25,,122.0,4.0,2004.0,20072008,73,N,Nikulin,RUS,L,198
8471358,Bryan Young,EDM,D,2,0,0,0,Ennismore,CAN,1986-08-06,ON,146.0,5.0,2004.0,20062007,73,N,Young,CAN,L,191
8471360,Steve Regier,NYI,L,8,0,0,0,Edmonton,CAN,1984-08-31,AB,148.0,5.0,2004.0,20052006,76,N,Regier,CAN,L,194
8471457,Gregory Stewart,MTL,L,1,0,0,0,Kitchener,CAN,1986-05-21,ON,246.0,8.0,2004.0,20072008,74,N,Stewart,CAN,L,202
8471498,Jannik Hansen,VAN,R,5,0,0,0,Rodovre,DNK,1986-03-15,,287.0,9.0,2004.0,20072008,73,N,Hansen,DNK,R,198
8471641,Mike Iggulden,SJS,C,1,0,0,0,St. Catharines,CAN,1982-11-09,ON,,,,20072008,75,N,Iggulden,CAN,R,215
8471663,Mike Blunden,CHI,R,1,0,0,0,Toronto,CAN,1986-12-15,ON,43.0,2.0,2005.0,20062007,76,N,Blunden,CAN,R,217
8471692,Ryan Parent,PHI,D,22,0,0,0,Prince Albert,CAN,1987-03-17,SK,18.0,1.0,2005.0,20062007,75,N,Parent,CAN,L,198
8471697,Niclas Bergfors,NJD,R,1,0,0,0,Sodertalje,SWE,1987-03-07,,23.0,1.0,2005.0,20072008,70,N,Bergfors,SWE,R,194
8471716,Justin Abdelkader,DET,L,2,0,0,0,Muskegon,USA,1987-02-25,MI,42.0,2.0,2005.0,20072008,74,N,Abdelkader,USA,L,213
8471752,Marc-Andre Gragnani,BUF,D,2,0,0,0,Montréal,CAN,1987-03-11,QC,87.0,3.0,2005.0,20072008,75,N,Gragnani,CAN,L,205
8471763,Ilya Zubov,OTT,C,1,0,0,0,Chelyabinsk,RUS,1987-02-14,,98.0,4.0,2005.0,20072008,72,N,Zubov,RUS,L,211
8471767,Blair Jones,TBL,C,4,0,0,0,Central Butte,CAN,1986-09-27,SK,102.0,4.0,2005.0,20062007,74,N,Jones,CAN,R,216
8471794,Darren Helm,DET,C,7,0,0,0,St. Andrews,CAN,1987-01-21,MB,132.0,5.0,2005.0,20072008,72,N,Helm,CAN,L,192
8471851,Matt D'Agostini,MTL,R,1,0,0,0,Sault Ste. Marie,CAN,1986-10-23,ON,190.0,6.0,2005.0,20072008,72,N,D'Agostini,CAN,R,198
8472334,Alex Foster,TOR,C,3,0,0,0,Canton,USA,1984-08-26,MI,,,,20072008,72,N,Foster,USA,L,200
8472361,Bill Thomas,PHX,R,7,0,0,0,Pittsburgh,USA,1983-06-20,PA,,,,20052006,73,N,Thomas,USA,R,185
8473504,Cal Clutterbuck,MIN,R,2,0,0,0,Welland,CAN,1987-11-18,ON,72.0,3.0,2006.0,20072008,71,N,Clutterbuck,CAN,R,215
8473512,Claude Giroux,PHI,R,2,0,0,0,Hearst,CAN,1988-01-12,ON,22.0,1.0,2006.0,20072008,71,N,Giroux,CAN,R,186
8473525,Theo Peckham,EDM,D,1,0,0,0,Richmond Hill,CAN,1987-11-10,ON,75.0,3.0,2006.0,20072008,74,N,Peckham,CAN,L,246
8473542,Tom Sestito,CBJ,L,1,0,0,0,Rome,USA,1987-09-28,NY,85.0,3.0,2006.0,20072008,77,N,Sestito,USA,L,228
8473644,Gabe Gauthier,LAK,L,3,0,0,0,Torrance,USA,1984-01-20,CA,,,,20062007,68,N,Gauthier,USA,L,199
8473682,Andrew Ebbett,ANA,C,3,0,0,0,Vernon,CAN,1983-01-02,BC,,,,20072008,69,N,Ebbett,CAN,L,174
8473904,Kyle Greentree,PHI,L,2,0,0,0,Victoria,CAN,1983-11-15,BC,,,,20072008,75,N,Greentree,CAN,L,215
8473973,Antti Pihlstrom,NSH,L,1,0,0,0,Vantaa,FIN,1984-10-22,,,,,20072008,71,N,Pihlstrom,FIN,L,190
8474498,Jesse Winchester,OTT,C,1,0,0,0,Long Sault,CAN,1983-10-04,ON,,,,20072008,73,N,Winchester,CAN,R,205
